"日期","标题","作者","版面","文章ID","原文路径"
2026-01-04,"为人民出政绩  以实干出政绩","任  平","要闻",people_daily_20260104_30129038,"data/vault/2026/01/2026-01-04/01-要闻/为人民出政绩 以实干出政绩.md"
2026-01-06,"追求实实在在的政绩（思想纵横）","伍赳鸠","理论",people_daily_20260106_30129748,"data/vault/2026/01/2026-01-06/09-理论/追求实实在在的政绩（思想纵横）.md"
2026-02-05,"树立和践行正确政绩观  奋力谱写公安工作现代化山西篇章","","要闻",people_daily_20260205_30138601,"data/vault/2026/02/2026-02-05/02-要闻/树立和践行正确政绩观 奋力谱写公安工作现代化山西篇章.md"
2026-02-24,"在全党开展树立和践行正确政绩观学习教育","","要闻",people_daily_20260224_30141591,"data/vault/2026/02/2026-02-24/01-要闻/在全党开展树立和践行正确政绩观学习教育.md"
2026-02-27,"为人民出政绩  以实干出政绩","张  洋","要闻",people_daily_20260227_30142481,"data/vault/2026/02/2026-02-27/01-要闻/为人民出政绩 以实干出政绩.md"
2026-02-28,"确保学习教育取得实效（树立和践行正确政绩观）","","要闻",people_daily_20260228_30142706,"data/vault/2026/02/2026-02-28/01-要闻/确保学习教育取得实效（树立和践行正确政绩观）.md"
2026-03-03,"做人民的勤务员（金台潮声·政绩观系列谈）","王  毅","党建",people_daily_20260303_30143125,"data/vault/2026/03/2026-03-03/18-党建/做人民的勤务员（金台潮声·政绩观系列谈）.md"
2026-03-03,"校准“政绩坐标”  激发干事动能（前沿观察）","李家鼎","党建",people_daily_20260303_30143124,"data/vault/2026/03/2026-03-03/18-党建/校准“政绩坐标” 激发干事动能（前沿观察）.md"
2026-03-04,"推动学习教育入脑入心见行见效（树立和践行正确政绩观）","","要闻",people_daily_20260304_30143318,"data/vault/2026/03/2026-03-04/01-要闻/推动学习教育入脑入心见行见效（树立和践行正确政绩观）.md"
2026-03-05,"为人民出政绩  以实干出政绩","","两会特刊",people_daily_20260305_30143504,"data/vault/2026/03/2026-03-05/10-两会特刊/为人民出政绩 以实干出政绩.md"
2026-03-05,"树立和践行正确政绩观大家谈","","两会特刊",people_daily_20260305_30143507,"data/vault/2026/03/2026-03-05/10-两会特刊/树立和践行正确政绩观大家谈.md"
2026-03-08,"牢固树立和践行正确政绩观  推动实现“十五五”良好开局","","要闻",people_daily_20260308_30143984,"data/vault/2026/03/2026-03-08/03-要闻/牢固树立和践行正确政绩观 推动实现“十五五”良好开局.md"
2026-03-08,"树牢正确政绩观须常破“心中贼”（思想纵横）","贾云乾","理论",people_daily_20260308_30143958,"data/vault/2026/03/2026-03-08/14-理论/树牢正确政绩观须常破“心中贼”（思想纵横）.md"
2026-03-10,"以正确政绩观推动实现“十五五”良好开局（树立和践行正确政绩观）","","要闻",people_daily_20260310_30144447,"data/vault/2026/03/2026-03-10/01-要闻/以正确政绩观推动实现“十五五”良好开局（树立和践行正确政绩观）.md"
2026-03-10,"读懂两会关键词“政绩观”（两会笔记）","张  洋","两会特刊",people_daily_20260310_30144333,"data/vault/2026/03/2026-03-10/06-两会特刊/读懂两会关键词“政绩观”（两会笔记）.md"
2026-03-12,"牢固树立和践行正确政绩观  推动实现“十五五”良好开局","","两会特刊",people_daily_20260312_30144854,"data/vault/2026/03/2026-03-12/06-两会特刊/牢固树立和践行正确政绩观 推动实现“十五五”良好开局.md"
2026-03-12,"把发展新质生产力摆在更加突出的战略位置（牢固树立和践行正确政绩观  推动实现“十五五”良好开局）","","两会特刊",people_daily_20260312_30144862,"data/vault/2026/03/2026-03-12/08-两会特刊/把发展新质生产力摆在更加突出的战略位置（牢固树立和践行正确政绩观 推动实现“十五五”良好开局）.md"
2026-03-12,"政绩观连着发展观","李  拯","两会特刊",people_daily_20260312_30144863,"data/vault/2026/03/2026-03-12/08-两会特刊/政绩观连着发展观.md"
2026-03-12,"政绩不是喊出来的，是干出来的","罗珊珊","两会特刊",people_daily_20260312_30144867,"data/vault/2026/03/2026-03-12/09-两会特刊/政绩不是喊出来的，是干出来的.md"
2026-03-12,"要在增强经济韧性上持续用力（牢固树立和践行正确政绩观  推动实现“十五五”良好开局）","","两会特刊",people_daily_20260312_30144866,"data/vault/2026/03/2026-03-12/09-两会特刊/要在增强经济韧性上持续用力（牢固树立和践行正确政绩观 推动实现“十五五”良好开局）.md"
2026-03-12,"一减一增里的政绩观","曲哲涵","两会特刊",people_daily_20260312_30144876,"data/vault/2026/03/2026-03-12/11-两会特刊/一减一增里的政绩观.md"
2026-03-12,"一切工作都是为了人民的幸福（牢固树立和践行正确政绩观  推动实现“十五五”良好开局）","","两会特刊",people_daily_20260312_30144875,"data/vault/2026/03/2026-03-12/11-两会特刊/一切工作都是为了人民的幸福（牢固树立和践行正确政绩观 推动实现“十五五”良好开局）.md"
2026-03-14,"“正确政绩观”增添世界对中国作用的信心（和音）","","要闻",people_daily_20260314_30145218,"data/vault/2026/03/2026-03-14/02-要闻/“正确政绩观”增添世界对中国作用的信心（和音）.md"
2026-03-15,"压紧压实责任  有力有序开展（树立和践行正确政绩观）","","要闻",people_daily_20260315_30145336,"data/vault/2026/03/2026-03-15/01-要闻/压紧压实责任 有力有序开展（树立和践行正确政绩观）.md"
2026-03-17,"“政绩观问题是一个根本性问题”（总书记的人民情怀）","赵  成","要闻",people_daily_20260317_30145571,"data/vault/2026/03/2026-03-17/01-要闻/“政绩观问题是一个根本性问题”（总书记的人民情怀）.md"
2026-03-17,"新官咋能不理旧账（金台潮声·政绩观系列谈）","赵  兵","党建",people_daily_20260317_30145559,"data/vault/2026/03/2026-03-17/19-党建/新官咋能不理旧账（金台潮声·政绩观系列谈）.md"
2026-03-18,"“干事创业一定要树立正确政绩观”（总书记的人民情怀）","许  诺","要闻",people_daily_20260318_30145792,"data/vault/2026/03/2026-03-18/01-要闻/“干事创业一定要树立正确政绩观”（总书记的人民情怀）.md"
2026-03-18,"推动学习教育走深走实（树立和践行正确政绩观）","","要闻",people_daily_20260318_30145794,"data/vault/2026/03/2026-03-18/01-要闻/推动学习教育走深走实（树立和践行正确政绩观）.md"
2026-03-18,"推动树立和践行正确政绩观学习教育走深走实","","要闻",people_daily_20260318_30145814,"data/vault/2026/03/2026-03-18/04-要闻/推动树立和践行正确政绩观学习教育走深走实.md"
2026-03-18,"“菜篮子”里的政绩观（暖闻热评）","崔  妍","评论",people_daily_20260318_30145820,"data/vault/2026/03/2026-03-18/05-评论/“菜篮子”里的政绩观（暖闻热评）.md"
2026-03-19,"深学细照笃行  校准政绩坐标（树立和践行正确政绩观）","","要闻",people_daily_20260319_30146088,"data/vault/2026/03/2026-03-19/01-要闻/深学细照笃行 校准政绩坐标（树立和践行正确政绩观）.md"
2026-03-20,"“为民造福是最大政绩”（总书记的人民情怀）","原韬雄","要闻",people_daily_20260320_30146238,"data/vault/2026/03/2026-03-20/01-要闻/“为民造福是最大政绩”（总书记的人民情怀）.md"
2026-03-20,"“一眼千年”看政绩（人民论坛）","崔  妍","要闻",people_daily_20260320_30146259,"data/vault/2026/03/2026-03-20/04-要闻/“一眼千年”看政绩（人民论坛）.md"
2026-03-21,"往心里学  向实处干（树立和践行正确政绩观）","","要闻",people_daily_20260321_30146355,"data/vault/2026/03/2026-03-21/01-要闻/往心里学 向实处干（树立和践行正确政绩观）.md"
2026-03-23,"调研越是走深，政绩越会向实（人民论坛）","尹双红","要闻",people_daily_20260323_30146679,"data/vault/2026/03/2026-03-23/04-要闻/调研越是走深，政绩越会向实（人民论坛）.md"
2026-03-24,"树立和践行正确政绩观，努力创造经得起实践、人民、历史检验的实绩","中共中央党史和文献研究院","要闻",people_daily_20260324_30147005,"data/vault/2026/03/2026-03-24/06-要闻/树立和践行正确政绩观，努力创造经得起实践、人民、历史检验的实绩.md"
2026-03-24,"政绩观问题是一个根本性问题（深入学习贯彻习近平新时代中国特色社会主义思想）","祝灵君","理论",people_daily_20260324_30147019,"data/vault/2026/03/2026-03-24/09-理论/政绩观问题是一个根本性问题（深入学习贯彻习近平新时代中国特色社会主义思想）.md"
2026-03-24,"实事求是贵在“求”（金台潮声·政绩观系列谈）","张  洋","党建",people_daily_20260324_30146957,"data/vault/2026/03/2026-03-24/19-党建/实事求是贵在“求”（金台潮声·政绩观系列谈）.md"
2026-03-25,"“三拍”本质上是政绩观错位（思想纵横）","侯金亮","理论",people_daily_20260325_30147149,"data/vault/2026/03/2026-03-25/09-理论/“三拍”本质上是政绩观错位（思想纵横）.md"
2026-03-26,"画好网上网下“同心圆”  筑牢为民造福政绩观","张  驰","专题",people_daily_20260326_30147375,"data/vault/2026/03/2026-03-26/13-专题/画好网上网下“同心圆” 筑牢为民造福政绩观.md"
2026-03-27,"以正确政绩观审视“三把火”（思想纵横）","谢兵良","理论",people_daily_20260327_30147703,"data/vault/2026/03/2026-03-27/09-理论/以正确政绩观审视“三把火”（思想纵横）.md"
2026-03-29,"力求学深悟透  推动入脑入心（树立和践行正确政绩观）","","要闻",people_daily_20260329_30147950,"data/vault/2026/03/2026-03-29/01-要闻/力求学深悟透 推动入脑入心（树立和践行正确政绩观）.md"
2026-03-30,"筑牢干事创业的思想根基（树立和践行正确政绩观）","","要闻",people_daily_20260330_30148003,"data/vault/2026/03/2026-03-30/01-要闻/筑牢干事创业的思想根基（树立和践行正确政绩观）.md"
2026-03-31,"树立和践行正确政绩观学习教育中央指导组培训会议召开","","要闻",people_daily_20260331_30148277,"data/vault/2026/03/2026-03-31/02-要闻/树立和践行正确政绩观学习教育中央指导组培训会议召开.md"
2026-03-31,"树立和践行正确政绩观学习教育中央指导组派驻地方和单位名单公布","","要闻",people_daily_20260331_30148279,"data/vault/2026/03/2026-03-31/02-要闻/树立和践行正确政绩观学习教育中央指导组派驻地方和单位名单公布.md"
2026-03-31,"“政绩冲动症”背后有私心（金台潮声·政绩观系列谈）","孟祥夫","党建",people_daily_20260331_30148377,"data/vault/2026/03/2026-03-31/19-党建/“政绩冲动症”背后有私心（金台潮声·政绩观系列谈）.md"
2026-04-01,"树立和践行正确政绩观","","要闻",people_daily_20260401_30148476,"data/vault/2026/04/2026-04-01/01-要闻/树立和践行正确政绩观.md"
2026-04-01,"把握政绩观的“无我”与“有我”（思想纵横）","尉承栋","理论",people_daily_20260401_30148547,"data/vault/2026/04/2026-04-01/09-理论/把握政绩观的“无我”与“有我”（思想纵横）.md"
2026-04-02,"校准思想坐标  务求学习实效（树立和践行正确政绩观）","","要闻",people_daily_20260402_30148781,"data/vault/2026/04/2026-04-02/01-要闻/校准思想坐标 务求学习实效（树立和践行正确政绩观）.md"
2026-04-03,"把课堂搬到一线  将成果化为行动（树立和践行正确政绩观）","","要闻",people_daily_20260403_30148972,"data/vault/2026/04/2026-04-03/01-要闻/把课堂搬到一线 将成果化为行动（树立和践行正确政绩观）.md"
2026-04-07,"“忧国不谋身”里的政绩观（金台随笔）","邹文辉","评论",people_daily_20260407_30149454,"data/vault/2026/04/2026-04-07/05-评论/“忧国不谋身”里的政绩观（金台随笔）.md"
2026-04-07,"把政绩植根于“规律”的土壤（思想纵横）","蔡礼强","理论",people_daily_20260407_30149475,"data/vault/2026/04/2026-04-07/09-理论/把政绩植根于“规律”的土壤（思想纵横）.md"
2026-04-07,"“数字游戏”瞒不过群众感受（金台潮声·政绩观系列谈）","赵  成","党建",people_daily_20260407_30149530,"data/vault/2026/04/2026-04-07/19-党建/“数字游戏”瞒不过群众感受（金台潮声·政绩观系列谈）.md"
2026-04-08,"民生账本里的政绩观（评论员观察）","盛玉雷","评论",people_daily_20260408_30149792,"data/vault/2026/04/2026-04-08/05-评论/民生账本里的政绩观（评论员观察）.md"
2026-04-08,"树牢正确政绩观，莫把“事业”当“职业”（思想纵横）","汤  乐","理论",people_daily_20260408_30149817,"data/vault/2026/04/2026-04-08/09-理论/树牢正确政绩观，莫把“事业”当“职业”（思想纵横）.md"
2026-04-09,"莫把“痕迹”当“政绩”（思想纵横）","李永领","理论",people_daily_20260409_30150033,"data/vault/2026/04/2026-04-09/09-理论/莫把“痕迹”当“政绩”（思想纵横）.md"
2026-04-10,"聚焦主责主业  推动走深走实（树立和践行正确政绩观）","","要闻",people_daily_20260410_30150359,"data/vault/2026/04/2026-04-10/01-要闻/聚焦主责主业 推动走深走实（树立和践行正确政绩观）.md"
2026-04-10,"算好投入产出账，才能出好“最大政绩”（思想纵横）","罗来军","理论",people_daily_20260410_30150305,"data/vault/2026/04/2026-04-10/09-理论/算好投入产出账，才能出好“最大政绩”（思想纵横）.md"
2026-04-13,"公开通报四川省昭觉县、湖北省文化和旅游厅及湖北艺术职业学院政绩观存在偏差、不顾实际使用财政资金问题","","要闻",people_daily_20260413_30150684,"data/vault/2026/04/2026-04-13/04-要闻/公开通报四川省昭觉县、湖北省文化和旅游厅及湖北艺术职业学院政绩观存在偏差、不顾实际使用财政资金问题.md"
2026-04-13,"树牢正确政绩观须算好“三笔账”（思想纵横）","王宝智  彭清萍","理论",people_daily_20260413_30150723,"data/vault/2026/04/2026-04-13/09-理论/树牢正确政绩观须算好“三笔账”（思想纵横）.md"
2026-04-14,"修好政德才能出好政绩（思想纵横）","李  俭","理论",people_daily_20260414_30150966,"data/vault/2026/04/2026-04-14/09-理论/修好政德才能出好政绩（思想纵横）.md"
2026-04-14,"如此“创新”变了味（金台潮声·政绩观系列谈）","史一棋","党建",people_daily_20260414_30151027,"data/vault/2026/04/2026-04-14/19-党建/如此“创新”变了味（金台潮声·政绩观系列谈）.md"
2026-04-16,"着力纠正做“太平官”的错误政绩观（思想纵横）","李学敏","理论",people_daily_20260416_30151390,"data/vault/2026/04/2026-04-16/09-理论/着力纠正做“太平官”的错误政绩观（思想纵横）.md"
2026-04-16,"循法而行创造政绩（金台锐评）","倪  弋","法治",people_daily_20260416_30151515,"data/vault/2026/04/2026-04-16/19-法治/循法而行创造政绩（金台锐评）.md"
2026-04-17,"在“实”字上下功夫  一体推进学查改（树立和践行正确政绩观）","","要闻",people_daily_20260417_30151534,"data/vault/2026/04/2026-04-17/01-要闻/在“实”字上下功夫 一体推进学查改（树立和践行正确政绩观）.md"
2026-04-17,"从优秀传统文化中汲取正确政绩观的丰厚滋养（思想纵横）","杨  葵","理论",people_daily_20260417_30151597,"data/vault/2026/04/2026-04-17/09-理论/从优秀传统文化中汲取正确政绩观的丰厚滋养（思想纵横）.md"
2026-04-20,"查到问题根源上  改到群众心坎里（树立和践行正确政绩观）","","要闻",people_daily_20260420_30152024,"data/vault/2026/04/2026-04-20/01-要闻/查到问题根源上 改到群众心坎里（树立和践行正确政绩观）.md"
2026-04-20,"用好政绩考核指挥棒（思想纵横）","许振江","理论",people_daily_20260420_30152076,"data/vault/2026/04/2026-04-20/09-理论/用好政绩考核指挥棒（思想纵横）.md"
2026-04-21,"公开通报中国航空器材集团有限公司任宇、赵保辉等政绩观扭曲错位、欺瞒组织、侵害群众利益等问题","","要闻",people_daily_20260421_30152218,"data/vault/2026/04/2026-04-21/04-要闻/公开通报中国航空器材集团有限公司任宇、赵保辉等政绩观扭曲错位、欺瞒组织、侵害群众利益等问题.md"
2026-04-21,"匡正“数字出官”错误政绩观（思想纵横）","韩骏升","理论",people_daily_20260421_30152253,"data/vault/2026/04/2026-04-21/09-理论/匡正“数字出官”错误政绩观（思想纵横）.md"
2026-04-21,"“过度请示”，该纠偏了（金台潮声·政绩观系列谈）","李林蔚","党建",people_daily_20260421_30152375,"data/vault/2026/04/2026-04-21/19-党建/“过度请示”，该纠偏了（金台潮声·政绩观系列谈）.md"
2026-04-22,"树牢正确政绩观，从走好第一步开始（思想纵横）","关  山","理论",people_daily_20260422_30152585,"data/vault/2026/04/2026-04-22/09-理论/树牢正确政绩观，从走好第一步开始（思想纵横）.md"
2026-04-23,"用好正反两方面典型校正政绩观（思想纵横）","李永进","理论",people_daily_20260423_30152696,"data/vault/2026/04/2026-04-23/09-理论/用好正反两方面典型校正政绩观（思想纵横）.md"
2026-04-24,"实干担当  推动学习教育成果转化（树立和践行正确政绩观）","","要闻",people_daily_20260424_30152802,"data/vault/2026/04/2026-04-24/01-要闻/实干担当 推动学习教育成果转化（树立和践行正确政绩观）.md"
2026-04-24,"正确理解“为官不易”  树牢正确政绩观（思想纵横）","魏  强","理论",people_daily_20260424_30152866,"data/vault/2026/04/2026-04-24/09-理论/正确理解“为官不易” 树牢正确政绩观（思想纵横）.md"
2026-04-26,"“实”字当头  “干”字为要（树立和践行正确政绩观）","","要闻",people_daily_20260426_30153119,"data/vault/2026/04/2026-04-26/01-要闻/“实”字当头 “干”字为要（树立和践行正确政绩观）.md"
2026-04-28,"考实真政绩  画准实干人（人民时评）","孟祥夫","评论",people_daily_20260428_30153667,"data/vault/2026/04/2026-04-28/05-评论/考实真政绩 画准实干人（人民时评）.md"
2026-04-28,"树立正确政绩观须明“公私之辨”（思想纵横）","尹  钧","理论",people_daily_20260428_30153600,"data/vault/2026/04/2026-04-28/09-理论/树立正确政绩观须明“公私之辨”（思想纵横）.md"
2026-04-28,"少些“临时抱佛脚”（金台潮声·政绩观系列谈）","何昭宇","党建",people_daily_20260428_30153708,"data/vault/2026/04/2026-04-28/19-党建/少些“临时抱佛脚”（金台潮声·政绩观系列谈）.md"
2026-04-29,"学以致用求实效  动真碰硬解难题（树立和践行正确政绩观）","","要闻",people_daily_20260429_30153794,"data/vault/2026/04/2026-04-29/01-要闻/学以致用求实效 动真碰硬解难题（树立和践行正确政绩观）.md"
2026-04-29,"带着感情做工作才能出真政绩（思想纵横）","储  勇","理论",people_daily_20260429_30153875,"data/vault/2026/04/2026-04-29/09-理论/带着感情做工作才能出真政绩（思想纵横）.md"
2026-04-30,"善于“钉钉子”  创造好政绩（思想纵横）","万立超","理论",people_daily_20260430_30154243,"data/vault/2026/04/2026-04-30/09-理论/善于“钉钉子” 创造好政绩（思想纵横）.md"
2026-05-06,"直面问题抓整改  开门教育促实效（树立和践行正确政绩观）","","要闻",people_daily_20260506_30155009,"data/vault/2026/05/2026-05-06/01-要闻/直面问题抓整改 开门教育促实效（树立和践行正确政绩观）.md"
2026-05-06,"践行正确政绩观，不能“穿新鞋走老路”（思想纵横）","王钰涵","理论",people_daily_20260506_30154957,"data/vault/2026/05/2026-05-06/09-理论/践行正确政绩观，不能“穿新鞋走老路”（思想纵横）.md"
2026-05-07,"善于“瞻前顾后”  为民创造政绩（思想纵横）","蓝汉林","理论",people_daily_20260507_30155237,"data/vault/2026/05/2026-05-07/09-理论/善于“瞻前顾后” 为民创造政绩（思想纵横）.md"
2026-05-09,"用心用情用力解决群众急难愁盼问题（树立和践行正确政绩观）","","要闻",people_daily_20260509_30155670,"data/vault/2026/05/2026-05-09/01-要闻/用心用情用力解决群众急难愁盼问题（树立和践行正确政绩观）.md"
2026-05-10,"树立和践行正确政绩观  建设德才兼备的高素质政法队伍","","要闻",people_daily_20260510_30155807,"data/vault/2026/05/2026-05-10/02-要闻/树立和践行正确政绩观 建设德才兼备的高素质政法队伍.md"
2026-05-12,"把“实”字贯穿树立和践行正确政绩观全程（思想纵横）","李晓寒","理论",people_daily_20260512_30156305,"data/vault/2026/05/2026-05-12/09-理论/把“实”字贯穿树立和践行正确政绩观全程（思想纵横）.md"
2026-05-13,"在“向上看看”和“向下看看”中树牢正确政绩观（思想纵横）","徐晓明","理论",people_daily_20260513_30156555,"data/vault/2026/05/2026-05-13/09-理论/在“向上看看”和“向下看看”中树牢正确政绩观（思想纵横）.md"
2026-05-14,"一体推进整治形式主义为基层减负（树立和践行正确政绩观）","","要闻",people_daily_20260514_30156795,"data/vault/2026/05/2026-05-14/01-要闻/一体推进整治形式主义为基层减负（树立和践行正确政绩观）.md"
2026-05-14,"“主心骨”是正确政绩观的鲜明注脚（思想纵横）","陈和香","理论",people_daily_20260514_30156848,"data/vault/2026/05/2026-05-14/09-理论/“主心骨”是正确政绩观的鲜明注脚（思想纵横）.md"
2026-05-16,"深学笃行习近平总书记关于树立和践行正确政绩观的重要论述","","要闻",people_daily_20260516_30157131,"data/vault/2026/05/2026-05-16/03-要闻/深学笃行习近平总书记关于树立和践行正确政绩观的重要论述.md"
2026-05-18,"聚焦主业，不追短期“数字政绩”（干部状态新观察·为基层减负赋能）","王云娜","政治",people_daily_20260518_30157411,"data/vault/2026/05/2026-05-18/11-政治/聚焦主业，不追短期“数字政绩”（干部状态新观察·为基层减负赋能）.md"
2026-05-18,"树立和践行正确政绩观  勇担保障我国水安全战略使命","中共中国南水北调集团有限公司党组","生态",people_daily_20260518_30157422,"data/vault/2026/05/2026-05-18/13-生态/树立和践行正确政绩观 勇担保障我国水安全战略使命.md"
2026-05-19,"立起考核“指挥棒”（金台潮声·政绩观系列谈）","赵  成","党建",people_daily_20260519_30157773,"data/vault/2026/05/2026-05-19/19-党建/立起考核“指挥棒”（金台潮声·政绩观系列谈）.md"
2026-05-20,"新时代共产党人干事业、创政绩的科学指南（深入学习贯彻习近平新时代中国特色社会主义思想）","谢春涛","理论",people_daily_20260520_30157847,"data/vault/2026/05/2026-05-20/09-理论/新时代共产党人干事业、创政绩的科学指南（深入学习贯彻习近平新时代中国特色社会主义思想）.md"
2026-05-21,"政绩观问题是一个根本性问题（深入学习贯彻习近平新时代中国特色社会主义思想）","金民卿","理论",people_daily_20260521_30158101,"data/vault/2026/05/2026-05-21/09-理论/政绩观问题是一个根本性问题（深入学习贯彻习近平新时代中国特色社会主义思想）.md"
2026-05-22,"完善制度机制  更好造福于民（树立和践行正确政绩观）","","要闻",people_daily_20260522_30158427,"data/vault/2026/05/2026-05-22/04-要闻/完善制度机制 更好造福于民（树立和践行正确政绩观）.md"
2026-05-22,"树立和践行正确政绩观，起决定性作用的是党性（深入学习贯彻习近平新时代中国特色社会主义思想）","沈传宝","理论",people_daily_20260522_30158460,"data/vault/2026/05/2026-05-22/09-理论/树立和践行正确政绩观，起决定性作用的是党性（深入学习贯彻习近平新时代中国特色社会主义思想）.md"
2026-05-24,"在真查实改上下功夫（树立和践行正确政绩观）","","要闻",people_daily_20260524_30158697,"data/vault/2026/05/2026-05-24/01-要闻/在真查实改上下功夫（树立和践行正确政绩观）.md"
2026-05-25,"为民造福是最大政绩（深入学习贯彻习近平新时代中国特色社会主义思想）","黄一兵","理论",people_daily_20260525_30158846,"data/vault/2026/05/2026-05-25/09-理论/为民造福是最大政绩（深入学习贯彻习近平新时代中国特色社会主义思想）.md"
2026-05-26,"坚持高质量发展要成为领导干部政绩观的重要内容（深入学习贯彻习近平新时代中国特色社会主义思想）","宋友文","理论",people_daily_20260526_30159087,"data/vault/2026/05/2026-05-26/09-理论/坚持高质量发展要成为领导干部政绩观的重要内容（深入学习贯彻习近平新时代中国特色社会主义思想）.md"
2026-05-26,"担责是道“必答题”（金台潮声·政绩观系列谈）","孟祥夫","党建",people_daily_20260526_30159140,"data/vault/2026/05/2026-05-26/19-党建/担责是道“必答题”（金台潮声·政绩观系列谈）.md"
2026-05-28,"用好指挥棒  校准政绩观（微观）","刘  青","评论",people_daily_20260528_30159603,"data/vault/2026/05/2026-05-28/05-评论/用好指挥棒 校准政绩观（微观）.md"
2026-05-28,"完善政绩考核评价体系  用好考核指挥棒（深入学习贯彻习近平新时代中国特色社会主义思想）","陈家喜","理论",people_daily_20260528_30159508,"data/vault/2026/05/2026-05-28/09-理论/完善政绩考核评价体系 用好考核指挥棒（深入学习贯彻习近平新时代中国特色社会主义思想）.md"
2026-05-29,"作风过硬，政绩实在（人民论坛）","","第004版",people_daily_20260529_30159874,""
2026-05-29,"练就宽肩膀，磨砺真本领（大家谈·树立和践行正确政绩观⑤）","","第005版",people_daily_20260529_30159848,""
2026-06-01,"坚持“当下改”与“长久立”相结合（树立和践行正确政绩观）","","要闻",people_daily_20260601_30160068,"data/vault/2026/06/2026-06-01/01-要闻/坚持“当下改”与“长久立”相结合（树立和践行正确政绩观）.md"
2026-06-02,"以正确政绩观为政干事做人  做杨善洲那样人民满意的好党员好干部","王  宁","政治",people_daily_20260602_30160397,"data/vault/2026/06/2026-06-02/10-政治/以正确政绩观为政干事做人 做杨善洲那样人民满意的好党员好干部.md"
2026-06-02,"理旧账也是建新功（金台潮声·政绩观系列谈）","李林蔚","党建",people_daily_20260602_30160444,"data/vault/2026/06/2026-06-02/19-党建/理旧账也是建新功（金台潮声·政绩观系列谈）.md"
2026-06-04,"交通更顺畅   出行更舒心（树立和践行正确政绩观·一线见闻）","李  蕊","要闻",people_daily_20260604_30160929,"data/vault/2026/06/2026-06-04/01-要闻/交通更顺畅 出行更舒心（树立和践行正确政绩观·一线见闻）.md"
2026-06-05,"今日右玉绿生金（树立和践行正确政绩观·一线见闻）","周人杰  刘鑫焱  郑洋洋","要闻",people_daily_20260605_30161062,"data/vault/2026/06/2026-06-05/01-要闻/今日右玉绿生金（树立和践行正确政绩观·一线见闻）.md"
2026-06-05,"政绩好不好，要看群众口碑（思想纵横）","宋凌云  潘信林","理论",people_daily_20260605_30161143,"data/vault/2026/06/2026-06-05/09-理论/政绩好不好，要看群众口碑（思想纵横）.md"
2026-06-07,"“看不见”的古城改造 “看得见”的民生福祉（树立和践行正确政绩观·一线见闻）","姚雪青","要闻",people_daily_20260607_30161508,"data/vault/2026/06/2026-06-07/01-要闻/“看不见”的古城改造 “看得见”的民生福祉（树立和践行正确政绩观·一线见闻）.md"
2026-06-08,"“彩云人家”升级记（树立和践行正确政绩观·一线见闻）","张  铁  贾丰丰","要闻",people_daily_20260608_30161730,"data/vault/2026/06/2026-06-08/01-要闻/“彩云人家”升级记（树立和践行正确政绩观·一线见闻）.md"
2026-06-10,"以正确政绩观纠治文牍主义（思想纵横）","周苾媛  聂平平","理论",people_daily_20260610_30162205,"data/vault/2026/06/2026-06-10/09-理论/以正确政绩观纠治文牍主义（思想纵横）.md"
2026-06-11,"树立和践行正确政绩观学习教育继续派出的4个中央指导组完成进驻","","要闻",people_daily_20260611_30162412,"data/vault/2026/06/2026-06-11/01-要闻/树立和践行正确政绩观学习教育继续派出的4个中央指导组完成进驻.md"
2026-06-11,"牢固树立和践行正确政绩观  推进新征程纪检监察工作高质量发展","","要闻",people_daily_20260611_30162411,"data/vault/2026/06/2026-06-11/01-要闻/牢固树立和践行正确政绩观 推进新征程纪检监察工作高质量发展.md"
2026-06-12,"理旧账  见真章（树立和践行正确政绩观）","","要闻",people_daily_20260612_30162628,"data/vault/2026/06/2026-06-12/01-要闻/理旧账 见真章（树立和践行正确政绩观）.md"
2026-06-12,"以正确政绩观推动生态文明建设实践（深入学习贯彻习近平新时代中国特色社会主义思想）","黄承梁","理论",people_daily_20260612_30162683,"data/vault/2026/06/2026-06-12/09-理论/以正确政绩观推动生态文明建设实践（深入学习贯彻习近平新时代中国特色社会主义思想）.md"
2026-06-12,"拔除形式主义政绩观的“病根”（思想纵横）","欧阳锡龙","理论",people_daily_20260612_30162685,"data/vault/2026/06/2026-06-12/09-理论/拔除形式主义政绩观的“病根”（思想纵横）.md"
2026-06-15,"让群众看见变化、得到实惠（树立和践行正确政绩观）","","要闻",people_daily_20260615_30163053,"data/vault/2026/06/2026-06-15/01-要闻/让群众看见变化、得到实惠（树立和践行正确政绩观）.md"
2026-06-16,"公开通报5起政绩观偏差典型案件","","要闻",people_daily_20260616_30163289,"data/vault/2026/06/2026-06-16/04-要闻/公开通报5起政绩观偏差典型案件.md"
2026-06-16,"决策责任沉甸甸（金台潮声·政绩观系列谈）","史一棋","党建",people_daily_20260616_30163226,"data/vault/2026/06/2026-06-16/18-党建/决策责任沉甸甸（金台潮声·政绩观系列谈）.md"
2026-06-22,"把政绩刻在群众心坎上（树立和践行正确政绩观）","","要闻",people_daily_20260622_30164187,"data/vault/2026/06/2026-06-22/01-要闻/把政绩刻在群众心坎上（树立和践行正确政绩观）.md"
2026-06-22,"践行正确政绩观要善于“弹钢琴”（思想纵横）","王声啸","理论",people_daily_20260622_30164252,"data/vault/2026/06/2026-06-22/09-理论/践行正确政绩观要善于“弹钢琴”（思想纵横）.md"
2026-06-23,"数据必须实打实（金台潮声·政绩观系列谈）","邓  理","党建",people_daily_20260623_30164528,"data/vault/2026/06/2026-06-23/19-党建/数据必须实打实（金台潮声·政绩观系列谈）.md"
2026-06-26,"大力传承弘扬青藏铁路精神  以正确政绩观推进中国式现代化青海实践","吴晓军","政治",people_daily_20260626_30165080,"data/vault/2026/06/2026-06-26/12-政治/大力传承弘扬青藏铁路精神 以正确政绩观推进中国式现代化青海实践.md"
2026-06-28,"持续用力，推动学习教育走深走实（树立和践行正确政绩观）","","要闻",people_daily_20260628_30165325,"data/vault/2026/06/2026-06-28/01-要闻/持续用力，推动学习教育走深走实（树立和践行正确政绩观）.md"
2026-06-29,"多为群众做好事、办实事、解难事（树立和践行正确政绩观）","","要闻",people_daily_20260629_30165373,"data/vault/2026/06/2026-06-29/01-要闻/多为群众做好事、办实事、解难事（树立和践行正确政绩观）.md"
2026-06-29,"公开通报广西壮族自治区南宁市、甘肃省酒泉市新城区、浙江省杭州市萧山区3起政绩观偏差问题","","要闻",people_daily_20260629_30165390,"data/vault/2026/06/2026-06-29/04-要闻/公开通报广西壮族自治区南宁市、甘肃省酒泉市新城区、浙江省杭州市萧山区3起政绩观偏差问题.md"
2026-06-30,"大处着眼与小处着手（金台潮声·政绩观系列谈）","韩  博","党建",people_daily_20260630_30165740,"data/vault/2026/06/2026-06-30/17-党建/大处着眼与小处着手（金台潮声·政绩观系列谈）.md"
2026-07-06,"以促发展惠民生实际成效检验学习教育成果（树立和践行正确政绩观）","","要闻",people_daily_20260706_30166861,"data/vault/2026/07/2026-07-06/01-要闻/以促发展惠民生实际成效检验学习教育成果（树立和践行正确政绩观）.md"
2026-07-06,"把握好政绩观“近和远”的辩证统一关系（思想纵横）","吴  浩","理论",people_daily_20260706_30166912,"data/vault/2026/07/2026-07-06/09-理论/把握好政绩观“近和远”的辩证统一关系（思想纵横）.md"
2026-07-07,"把政绩考准考精考实（前沿观察·用好考核指挥棒）","董洪亮  王锦涛  宋朝军","党建",people_daily_20260707_30167182,"data/vault/2026/07/2026-07-07/19-党建/把政绩考准考精考实（前沿观察·用好考核指挥棒）.md"
2026-07-08,"把握好政绩观中的“轻”与“重”（思想纵横）","张跃平","理论",people_daily_20260708_30167387,"data/vault/2026/07/2026-07-08/09-理论/把握好政绩观中的“轻”与“重”（思想纵横）.md"
2026-07-09,"为民造福要有“真功夫”（大家谈·树立和践行正确政绩观⑪）","","评论",people_daily_20260709_30167649,"data/vault/2026/07/2026-07-09/05-评论/为民造福要有“真功夫”（大家谈·树立和践行正确政绩观⑪）.md"
2026-07-09,"敢啃“硬骨头”方能创造“硬政绩”（思想纵横）","郭权锋","理论",people_daily_20260709_30167672,"data/vault/2026/07/2026-07-09/09-理论/敢啃“硬骨头”方能创造“硬政绩”（思想纵横）.md"
2026-07-13,"实实在在解决问题（树立和践行正确政绩观）","","要闻",people_daily_20260713_30168294,"data/vault/2026/07/2026-07-13/01-要闻/实实在在解决问题（树立和践行正确政绩观）.md"
2026-07-13,"与矛盾较劲  向问题叫板（大家谈·树立和践行正确政绩观⑫）","","评论",people_daily_20260713_30168316,"data/vault/2026/07/2026-07-13/05-评论/与矛盾较劲 向问题叫板（大家谈·树立和践行正确政绩观⑫）.md"
2026-07-14,"解开“政绩焦虑”，干出为民实绩（思想纵横）","李  斌","理论",people_daily_20260714_30168523,"data/vault/2026/07/2026-07-14/09-理论/解开“政绩焦虑”，干出为民实绩（思想纵横）.md"
2026-07-17,"树立和践行正确政绩观  推动金融高质量发展（调查与思考）","国家发展改革委财金司","理论",people_daily_20260717_30169217,"data/vault/2026/07/2026-07-17/09-理论/树立和践行正确政绩观 推动金融高质量发展（调查与思考）.md"
2026-07-20,"把老百姓关切的事一件一件办好（树立和践行正确政绩观）","","要闻",people_daily_20260720_30169676,"data/vault/2026/07/2026-07-20/01-要闻/把老百姓关切的事一件一件办好（树立和践行正确政绩观）.md"
2026-07-21,"常怀尽责之心，砥砺担责之能（大家谈·树立和践行正确政绩观⑬）","","评论",people_daily_20260721_30169920,"data/vault/2026/07/2026-07-21/05-评论/常怀尽责之心，砥砺担责之能（大家谈·树立和践行正确政绩观⑬）.md"
2026-07-22,"靶向发力  破解难题（树立和践行正确政绩观·一线见闻）","杨  义  杨颜菲","要闻",people_daily_20260722_30170107,"data/vault/2026/07/2026-07-22/01-要闻/靶向发力 破解难题（树立和践行正确政绩观·一线见闻）.md"
2026-07-23,"从克服本位主义、地方保护主义入手端正政绩观（思想纵横）","李  娟","理论",people_daily_20260723_30170484,"data/vault/2026/07/2026-07-23/09-理论/从克服本位主义、地方保护主义入手端正政绩观（思想纵横）.md"
2026-07-24,"以正确政绩观纠治“一刀切”顽疾（思想纵横）","孟佳聪","理论",people_daily_20260724_30170725,"data/vault/2026/07/2026-07-24/09-理论/以正确政绩观纠治“一刀切”顽疾（思想纵横）.md"
2026-07-24,"年轻干部这样把握好潜绩和显绩的关系（人民眼·树立和践行正确政绩观）","","记者调查",people_daily_20260724_30170746,"data/vault/2026/07/2026-07-24/13-记者调查/年轻干部这样把握好潜绩和显绩的关系（人民眼·树立和践行正确政绩观）.md"
2026-07-25,"以实干实效回应群众期盼（树立和践行正确政绩观）","","要闻",people_daily_20260725_30170879,"data/vault/2026/07/2026-07-25/01-要闻/以实干实效回应群众期盼（树立和践行正确政绩观）.md"
2026-07-25,"从上海告别“拎马桶”看正确政绩观（人民论坛）","程  龙","要闻",people_daily_20260725_30170906,"data/vault/2026/07/2026-07-25/04-要闻/从上海告别“拎马桶”看正确政绩观（人民论坛）.md"
2026-07-26,"翠云廊上柏森森（树立和践行正确政绩观·一线见闻）","王永战","要闻",people_daily_20260726_30170976,"data/vault/2026/07/2026-07-26/01-要闻/翠云廊上柏森森（树立和践行正确政绩观·一线见闻）.md"
2026-07-27,"找准为民服务的着力点（大家谈·树立和践行正确政绩观⑭）","","评论",people_daily_20260727_30171089,"data/vault/2026/07/2026-07-27/05-评论/找准为民服务的着力点（大家谈·树立和践行正确政绩观⑭）.md"
2026-07-28,"推动干部转作风、群众得实惠（树立和践行正确政绩观）","","要闻",people_daily_20260728_30171366,"data/vault/2026/07/2026-07-28/01-要闻/推动干部转作风、群众得实惠（树立和践行正确政绩观）.md"
2026-07-30,"我们有了更多信心为居民办实事（树立和践行正确政绩观·一线见闻）","李家鼎","要闻",people_daily_20260730_30171959,"data/vault/2026/07/2026-07-30/01-要闻/我们有了更多信心为居民办实事（树立和践行正确政绩观·一线见闻）.md"
2026-07-30,"拧紧“总开关”，政绩观不走偏（人民论坛）","纪  平","要闻",people_daily_20260730_30171978,"data/vault/2026/07/2026-07-30/04-要闻/拧紧“总开关”，政绩观不走偏（人民论坛）.md"
2026-08-02,"“坚持高质量发展要成为领导干部政绩观的重要内容”（总书记的人民情怀）","赵  成  史一棋","要闻",people_daily_20260802_30172602,"data/vault/2026/08/2026-08-02/01-要闻/“坚持高质量发展要成为领导干部政绩观的重要内容”（总书记的人民情怀）.md"
2026-08-02,"贡水河畔话三变（树立和践行正确政绩观·一线见闻）","田豆豆  吴  君","要闻",people_daily_20260802_30172605,"data/vault/2026/08/2026-08-02/01-要闻/贡水河畔话三变（树立和践行正确政绩观·一线见闻）.md"
2026-08-07,"着力在为民造福上出实招、求实效（树立和践行正确政绩观）","","要闻",people_daily_20260807_30173552,"data/vault/2026/08/2026-08-07/01-要闻/着力在为民造福上出实招、求实效（树立和践行正确政绩观）.md"
2026-08-07,"“拎”“捂”之分体现政绩观成色（思想纵横）","孙琳琼","理论",people_daily_20260807_30173599,"data/vault/2026/08/2026-08-07/09-理论/“拎”“捂”之分体现政绩观成色（思想纵横）.md"
2026-08-10,"以正确政绩观引领海关事业高质量发展","孙梅君","经济",people_daily_20260810_30173945,"data/vault/2026/08/2026-08-10/10-经济/以正确政绩观引领海关事业高质量发展.md"
2026-08-11,"不断创造高质量发展新业绩（树立和践行正确政绩观）","","要闻",people_daily_20260811_30174299,"data/vault/2026/08/2026-08-11/01-要闻/不断创造高质量发展新业绩（树立和践行正确政绩观）.md"
2026-08-13,"将学习教育成果固化为制度机制（树立和践行正确政绩观）","","要闻",people_daily_20260813_30174612,"data/vault/2026/08/2026-08-13/01-要闻/将学习教育成果固化为制度机制（树立和践行正确政绩观）.md"
2026-08-17,"把政绩观锚定在打赢上（金台点兵）","赵泽夏","国防",people_daily_20260817_30175243,"data/vault/2026/08/2026-08-17/15-国防/把政绩观锚定在打赢上（金台点兵）.md"
2026-08-18,"心正  事正  政绩正（思想纵横）","秦  强","理论",people_daily_20260818_30175609,"data/vault/2026/08/2026-08-18/09-理论/心正 事正 政绩正（思想纵横）.md"
