date,ad_requests,impressions,impression_rate,clicks,click_rate,ecpm,income,raw_json
2026-06-08,58691,14922,0.2542,61,0.0041,3.1,46.25,"{""source"": ""ad_slot_daily聚合""}"
2026-06-09,85673,18347,0.2142,91,0.005,3.51,64.45,"{""source"": ""ad_slot_daily聚合""}"
2026-06-10,88927,18383,0.2067,84,0.0046,3.27,60.15,"{""source"": ""ad_slot_daily聚合""}"
2026-06-11,66182,13759,0.2079,53,0.0039,3.71,51.09,"{""source"": ""ad_slot_daily聚合""}"
2026-06-12,51788,10626,0.2052,58,0.0055,4.69,49.88,"{""source"": ""ad_slot_daily聚合""}"
2026-06-13,34974,7056,0.2017,27,0.0038,3.66,25.8,"{""source"": ""ad_slot_daily聚合""}"
2026-06-14,23029,4498,0.1953,29,0.0064,4.06,18.28,"{""source"": ""ad_slot_daily聚合""}"
2026-06-15,39372,8783,0.2231,45,0.0051,3.14,27.58,"{""source"": ""ad_slot_daily聚合""}"
2026-06-16,37939,9114,0.2402,36,0.0039,3.26,29.68,"{""source"": ""ad_slot_daily聚合""}"
2026-06-17,25667,6485,0.2527,39,0.006,4.1,26.58,"{""source"": ""ad_slot_daily聚合""}"
2026-06-18,21777,5133,0.2357,33,0.0064,4.53,23.25,"{""source"": ""ad_slot_daily聚合""}"
2026-06-19,10609,2789,0.2629,15,0.0054,3.42,9.55,"{""source"": ""ad_slot_daily聚合""}"
2026-06-20,14290,3021,0.2114,19,0.0063,3.41,10.31,"{""source"": ""ad_slot_daily聚合""}"
2026-06-21,13327,3145,0.236,21,0.0067,2.86,8.99,"{""source"": ""ad_slot_daily聚合""}"
2026-06-22,19079,5078,0.2662,29,0.0057,3.14,15.92,"{""source"": ""ad_slot_daily聚合""}"
2026-06-23,23828,6425,0.2696,27,0.0042,2.09,13.4,"{""source"": ""ad_slot_daily聚合""}"
2026-06-24,34980,8127,0.2323,30,0.0037,2.58,20.99,"{""source"": ""ad_slot_daily聚合""}"
2026-06-25,38589,9244,0.2396,35,0.0038,2.11,19.48,"{""source"": ""ad_slot_daily聚合""}"
2026-06-26,32739,7370,0.2251,38,0.0052,1.93,14.25,"{""source"": ""ad_slot_daily聚合""}"
2026-06-27,22692,4836,0.2131,27,0.0056,2.87,13.88,"{""source"": ""ad_slot_daily聚合""}"
2026-06-28,24516,6801,0.2774,34,0.005,3.26,22.16,"{""source"": ""ad_slot_daily聚合""}"
2026-06-29,68903,16044,0.2328,80,0.005,2.32,37.3,"{""source"": ""ad_slot_daily聚合""}"
2026-06-30,56246,13037,0.2318,73,0.0056,2.99,39.03,"{""source"": ""ad_slot_daily聚合""}"
2026-07-01,50508,11215,0.222,45,0.004,2.84,31.83,"{""source"": ""ad_slot_daily聚合""}"
2026-07-02,38719,9681,0.25,56,0.0058,3.04,29.43,"{""source"": ""ad_slot_daily聚合""}"
2026-07-03,37991,9661,0.2543,45,0.0047,2.91,28.1,"{""source"": ""ad_slot_daily聚合""}"
2026-07-04,25552,5787,0.2265,28,0.0048,2.96,17.14,"{""source"": ""ad_slot_daily聚合""}"
2026-07-05,22780,4973,0.2183,38,0.0076,3.23,16.04,"{""source"": ""ad_slot_daily聚合""}"
2026-07-06,31121,7451,0.2394,40,0.0054,2.51,18.7,"{""source"": ""ad_slot_daily聚合""}"
2026-07-07,29864,6809,0.228,26,0.0038,2.49,16.93,"{""source"": ""ad_slot_daily聚合""}"
2026-07-08,25046,6286,0.251,28,0.0045,3.22,20.21,"{""source"": ""ad_slot_daily聚合""}"
2026-07-09,24700,6156,0.2492,33,0.0054,4.29,26.43,"{""source"": ""ad_slot_daily聚合""}"
2026-07-10,24762,6457,0.2608,27,0.0042,4.66,30.12,"{""source"": ""ad_slot_daily聚合""}"
2026-07-11,14959,3898,0.2606,21,0.0054,4.38,17.07,"{""source"": ""ad_slot_daily聚合""}"
2026-07-12,17523,4448,0.2538,28,0.0063,3.5,15.58,"{""source"": ""ad_slot_daily聚合""}"
2026-07-13,28851,7924,0.2747,51,0.0064,2.95,23.39,"{""source"": ""ad_slot_daily聚合""}"
2026-07-14,25220,6591,0.2613,29,0.0044,2.76,18.19,"{""source"": ""ad_slot_daily聚合""}"
2026-07-15,22363,5824,0.2604,28,0.0048,2.68,15.6,"{""source"": ""ad_slot_daily聚合""}"
2026-07-16,23502,5892,0.2507,24,0.0041,2.54,14.99,"{""source"": ""ad_slot_daily聚合""}"
2026-07-17,22739,5476,0.2408,27,0.0049,2.99,16.4,"{""source"": ""ad_slot_daily聚合""}"
2026-07-18,21107,5490,0.2601,21,0.0038,3.32,18.24,"{""source"": ""ad_slot_daily聚合""}"
2026-07-19,29065,6892,0.2371,36,0.0052,3.37,23.25,"{""source"": ""ad_slot_daily聚合""}"
2026-07-20,33100,8982,0.2714,38,0.0042,2.25,20.23,"{""source"": ""ad_slot_daily聚合""}"
2026-07-21,32897,8211,0.2496,38,0.0046,2.2,18.08,"{""source"": ""ad_slot_daily聚合""}"
2026-07-22,36023,8633,0.2397,49,0.0057,3.45,29.81,"{""source"": ""ad_slot_daily聚合""}"
2026-07-23,48779,11755,0.241,51,0.0043,1.83,21.54,"{""source"": ""ad_slot_daily聚合""}"
2026-07-24,41162,7974,0.1937,39,0.0049,2.55,20.32,"{""source"": ""ad_slot_daily聚合""}"
2026-07-25,21121,4699,0.2225,33,0.007,3.42,16.06,"{""source"": ""ad_slot_daily聚合""}"
2026-07-26,16774,3797,0.2264,22,0.0058,3.51,13.33,"{""source"": ""ad_slot_daily聚合""}"
2026-07-27,36264,9194,0.2535,57,0.0062,2.37,21.78,"{""source"": ""ad_slot_daily聚合""}"
2026-07-28,32119,8345,0.2598,46,0.0055,3.11,25.97,"{""source"": ""ad_slot_daily聚合""}"
2026-07-29,25431,6419,0.2524,31,0.0048,2.35,15.1,"{""source"": ""ad_slot_daily聚合""}"
2026-07-30,28455,6923,0.2433,25,0.0036,2.8,19.35,"{""source"": ""ad_slot_daily聚合""}"
2026-07-31,26311,6841,0.26,33,0.0048,2.88,19.71,"{""source"": ""ad_slot_daily聚合""}"
2026-08-01,29331,7589,0.2587,44,0.0058,2.82,21.37,"{""source"": ""ad_slot_daily聚合""}"
2026-08-02,30231,7095,0.2347,35,0.0049,3.56,25.27,"{""source"": ""ad_slot_daily聚合""}"
2026-08-03,31382,7882,0.2512,40,0.0051,2.04,16.08,"{""source"": ""ad_slot_daily聚合""}"
2026-08-04,33130,9007,0.2719,51,0.0057,3.08,27.71,"{""source"": ""ad_slot_daily聚合""}"
2026-08-05,55662,16367,0.294,66,0.004,2.25,36.82,"{""source"": ""ad_slot_daily聚合""}"
2026-08-06,49143,13296,0.2706,71,0.0053,3.38,45.0,"{""source"": ""ad_slot_daily聚合""}"
2026-08-07,38976,9887,0.2537,52,0.0053,3.08,30.49,"{""source"": ""ad_slot_daily聚合""}"
2026-08-08,24724,6448,0.2608,35,0.0054,4.31,27.81,"{""source"": ""ad_slot_daily聚合""}"
2026-08-09,24492,5432,0.2218,30,0.0055,3.81,20.71,"{""source"": ""ad_slot_daily聚合""}"
2026-08-10,30171,8338,0.2764,57,0.0068,3.16,26.34,"{""source"": ""ad_slot_daily聚合""}"
2026-08-11,24703,6791,0.2749,41,0.006,3.58,24.34,"{""source"": ""ad_slot_daily聚合""}"
2026-08-12,27813,7314,0.263,30,0.0041,3.03,22.14,"{""source"": ""ad_slot_daily聚合""}"
2026-08-13,28807,7977,0.2769,36,0.0045,3.08,24.53,"{""source"": ""ad_slot_daily聚合""}"
2026-08-14,32007,9056,0.2829,51,0.0056,3.12,28.27,"{""source"": ""ad_slot_daily聚合""}"
2026-08-15,19522,5223,0.2675,32,0.0061,3.54,18.51,"{""source"": ""ad_slot_daily聚合""}"
2026-08-16,33400,9389,0.2811,46,0.0049,3.97,37.25,"{""source"": ""ad_slot_daily聚合""}"
2026-08-17,51016,13380,0.2623,59,0.0044,3.65,48.81,"{""source"": ""ad_slot_daily聚合""}"
2026-08-18,38599,10293,0.2667,39,0.0038,3.53,36.3,"{""source"": ""ad_slot_daily聚合""}"
2026-08-19,33314,8738,0.2623,44,0.005,3.05,26.63,"{""source"": ""ad_slot_daily聚合""}"
2026-08-20,30288,8854,0.2923,42,0.0047,2.75,24.37,"{""source"": ""ad_slot_daily聚合""}"
2026-08-21,28553,7607,0.2664,37,0.0049,2.69,20.49,"{""source"": ""ad_slot_daily聚合""}"
2026-08-22,16843,4535,0.2693,24,0.0053,5.16,23.4,"{""source"": ""ad_slot_daily聚合""}"
2026-08-23,22935,6663,0.2905,52,0.0078,5.85,38.96,"{""source"": ""ad_slot_daily聚合""}"
2026-08-24,26047,7512,0.2884,44,0.0059,2.82,21.15,"{""source"": ""ad_slot_daily聚合""}"
2026-08-25,21030,6102,0.2902,30,0.0049,2.77,16.93,"{""source"": ""ad_slot_daily聚合""}"
2026-08-26,17500,4465,0.2551,38,0.0085,3.05,13.64,"{""source"": ""ad_slot_daily聚合""}"
2026-08-27,15673,4306,0.2747,19,0.0044,2.13,9.19,"{""source"": ""ad_slot_daily聚合""}"
2026-08-28,10683,2979,0.2789,14,0.0047,2.05,6.11,"{""source"": ""ad_slot_daily聚合""}"
2026-08-29,7038,2014,0.2862,13,0.0065,3.16,6.37,"{""source"": ""ad_slot_daily聚合""}"
2026-08-30,6358,1903,0.2993,14,0.0074,3.78,7.2,"{""source"": ""ad_slot_daily聚合""}"
2026-08-31,12595,3920,0.3112,37,0.0094,3.37,13.2,"{""source"": ""ad_slot_daily聚合""}"
2026-09-01,7448,2278,0.3059,6,0.0026,3.76,8.57,"{""source"": ""ad_slot_daily聚合""}"
2026-09-02,7233,2280,0.3152,10,0.0044,2.18,4.98,"{""source"": ""ad_slot_daily聚合""}"
2026-09-03,6193,1954,0.3155,6,0.0031,2.64,5.15,"{""source"": ""ad_slot_daily聚合""}"
2026-09-04,8854,2495,0.2818,11,0.0044,3.63,9.06,"{""source"": ""ad_slot_daily聚合""}"
2026-09-05,13094,3772,0.2881,18,0.0048,2.73,10.28,"{""source"": ""ad_slot_daily聚合""}"
2026-09-06,40411,10410,0.2576,25,0.0024,1.98,20.64,"{""source"": ""ad_slot_daily聚合""}"
