date,slot_name,ad_requests,impressions,impression_rate,clicks,click_rate,ecpm,income,raw_json
2026-06-08,文章中部广告,28543,12689,0.4446,57,0.0045000000000000005,3.17,40.21,"{""时间"": ""2026-06-08"", ""拉取量"": ""28,543"", ""曝光量"": ""12,689"", ""曝光率"": ""44.46%"", ""点击量"": ""57"", ""点击率"": ""0.45%"", ""eCPM（元）"": ""3.17"", ""收入（元）"": ""40.21""}"
2026-06-08,文章底部广告,14446,1551,0.1074,3,0.0019,2.77,4.3,"{""时间"": ""2026-06-08"", ""拉取量"": ""14,446"", ""曝光量"": ""1,551"", ""曝光率"": ""10.74%"", ""点击量"": ""3"", ""点击率"": ""0.19%"", ""eCPM（元）"": ""2.77"", ""收入（元）"": ""4.30""}"
2026-06-08,留言区广告,15620,671,0.043,1,0.0015,2.56,1.72,"{""时间"": ""2026-06-08"", ""拉取量"": ""15,620"", ""曝光量"": ""671"", ""曝光率"": ""4.30%"", ""点击量"": ""1"", ""点击率"": ""0.15%"", ""eCPM（元）"": ""2.56"", ""收入（元）"": ""1.72""}"
2026-06-08,贴图底部推荐流广告,82,11,0.1341,0,0.0,1.82,0.02,"{""时间"": ""2026-06-08"", ""拉取量"": ""82"", ""曝光量"": ""11"", ""曝光率"": ""13.41%"", ""点击量"": ""0"", ""点击率"": ""0.00%"", ""eCPM（元）"": ""1.82"", ""收入（元）"": ""0.02""}"
2026-06-09,文章中部广告,36165,15361,0.42469999999999997,85,0.0055000000000000005,3.59,55.22,"{""时间"": ""2026-06-09"", ""拉取量"": ""36,165"", ""曝光量"": ""15,361"", ""曝光率"": ""42.47%"", ""点击量"": ""85"", ""点击率"": ""0.55%"", ""eCPM（元）"": ""3.59"", ""收入（元）"": ""55.22""}"
2026-06-09,文章底部广告,18303,1801,0.0984,4,0.0022,3.01,5.43,"{""时间"": ""2026-06-09"", ""拉取量"": ""18,303"", ""曝光量"": ""1,801"", ""曝光率"": ""9.84%"", ""点击量"": ""4"", ""点击率"": ""0.22%"", ""eCPM（元）"": ""3.01"", ""收入（元）"": ""5.43""}"
2026-06-09,留言区广告,31086,1173,0.0377,2,0.0017000000000000001,3.23,3.79,"{""时间"": ""2026-06-09"", ""拉取量"": ""31,086"", ""曝光量"": ""1,173"", ""曝光率"": ""3.77%"", ""点击量"": ""2"", ""点击率"": ""0.17%"", ""eCPM（元）"": ""3.23"", ""收入（元）"": ""3.79""}"
2026-06-09,贴图底部推荐流广告,119,12,0.1008,0,0.0,0.83,0.01,"{""时间"": ""2026-06-09"", ""拉取量"": ""119"", ""曝光量"": ""12"", ""曝光率"": ""10.08%"", ""点击量"": ""0"", ""点击率"": ""0.00%"", ""eCPM（元）"": ""0.83"", ""收入（元）"": ""0.01""}"
2026-06-10,文章中部广告,38492,15351,0.39880000000000004,73,0.0048,3.31,50.88,"{""时间"": ""2026-06-10"", ""拉取量"": ""38,492"", ""曝光量"": ""15,351"", ""曝光率"": ""39.88%"", ""点击量"": ""73"", ""点击率"": ""0.48%"", ""eCPM（元）"": ""3.31"", ""收入（元）"": ""50.88""}"
2026-06-10,文章底部广告,19590,1953,0.09970000000000001,9,0.0046,2.86,5.58,"{""时间"": ""2026-06-10"", ""拉取量"": ""19,590"", ""曝光量"": ""1,953"", ""曝光率"": ""9.97%"", ""点击量"": ""9"", ""点击率"": ""0.46%"", ""eCPM（元）"": ""2.86"", ""收入（元）"": ""5.58""}"
2026-06-10,留言区广告,30707,1069,0.0348,2,0.0019,3.45,3.69,"{""时间"": ""2026-06-10"", ""拉取量"": ""30,707"", ""曝光量"": ""1,069"", ""曝光率"": ""3.48%"", ""点击量"": ""2"", ""点击率"": ""0.19%"", ""eCPM（元）"": ""3.45"", ""收入（元）"": ""3.69""}"
2026-06-10,贴图底部推荐流广告,138,10,0.0725,0,0.0,0.0,0.0,"{""时间"": ""2026-06-10"", ""拉取量"": ""138"", ""曝光量"": ""10"", ""曝光率"": ""7.25%"", ""点击量"": ""0"", ""点击率"": ""0.00%"", ""eCPM（元）"": ""0.00"", ""收入（元）"": ""0.00""}"
2026-06-11,文章中部广告,28129,11503,0.4089,47,0.0040999999999999995,3.73,42.86,"{""时间"": ""2026-06-11"", ""拉取量"": ""28,129"", ""曝光量"": ""11,503"", ""曝光率"": ""40.89%"", ""点击量"": ""47"", ""点击率"": ""0.41%"", ""eCPM（元）"": ""3.73"", ""收入（元）"": ""42.86""}"
2026-06-11,文章底部广告,14240,1409,0.0989,2,0.0014000000000000002,3.66,5.15,"{""时间"": ""2026-06-11"", ""拉取量"": ""14,240"", ""曝光量"": ""1,409"", ""曝光率"": ""9.89%"", ""点击量"": ""2"", ""点击率"": ""0.14%"", ""eCPM（元）"": ""3.66"", ""收入（元）"": ""5.15""}"
2026-06-11,留言区广告,23711,835,0.0352,4,0.0048,3.66,3.06,"{""时间"": ""2026-06-11"", ""拉取量"": ""23,711"", ""曝光量"": ""835"", ""曝光率"": ""3.52%"", ""点击量"": ""4"", ""点击率"": ""0.48%"", ""eCPM（元）"": ""3.66"", ""收入（元）"": ""3.06""}"
2026-06-11,贴图底部推荐流广告,102,12,0.1176,0,0.0,1.67,0.02,"{""时间"": ""2026-06-11"", ""拉取量"": ""102"", ""曝光量"": ""12"", ""曝光率"": ""11.76%"", ""点击量"": ""0"", ""点击率"": ""0.00%"", ""eCPM（元）"": ""1.67"", ""收入（元）"": ""0.02""}"
2026-06-12,文章中部广告,21977,8840,0.4022,49,0.0055000000000000005,4.97,43.94,"{""时间"": ""2026-06-12"", ""拉取量"": ""21,977"", ""曝光量"": ""8,840"", ""曝光率"": ""40.22%"", ""点击量"": ""49"", ""点击率"": ""0.55%"", ""eCPM（元）"": ""4.97"", ""收入（元）"": ""43.94""}"
2026-06-12,文章底部广告,11138,1079,0.0969,7,0.006500000000000001,3.25,3.51,"{""时间"": ""2026-06-12"", ""拉取量"": ""11,138"", ""曝光量"": ""1,079"", ""曝光率"": ""9.69%"", ""点击量"": ""7"", ""点击率"": ""0.65%"", ""eCPM（元）"": ""3.25"", ""收入（元）"": ""3.51""}"
2026-06-12,留言区广告,18560,692,0.0373,2,0.0029,3.48,2.41,"{""时间"": ""2026-06-12"", ""拉取量"": ""18,560"", ""曝光量"": ""692"", ""曝光率"": ""3.73%"", ""点击量"": ""2"", ""点击率"": ""0.29%"", ""eCPM（元）"": ""3.48"", ""收入（元）"": ""2.41""}"
2026-06-12,贴图底部推荐流广告,113,15,0.13269999999999998,0,0.0,1.33,0.02,"{""时间"": ""2026-06-12"", ""拉取量"": ""113"", ""曝光量"": ""15"", ""曝光率"": ""13.27%"", ""点击量"": ""0"", ""点击率"": ""0.00%"", ""eCPM（元）"": ""1.33"", ""收入（元）"": ""0.02""}"
2026-06-13,文章中部广告,14796,5865,0.39640000000000003,26,0.0044,3.56,20.86,"{""时间"": ""2026-06-13"", ""拉取量"": ""14,796"", ""曝光量"": ""5,865"", ""曝光率"": ""39.64%"", ""点击量"": ""26"", ""点击率"": ""0.44%"", ""eCPM（元）"": ""3.56"", ""收入（元）"": ""20.86""}"
2026-06-13,文章底部广告,7551,746,0.09880000000000001,0,0.0,3.49,2.6,"{""时间"": ""2026-06-13"", ""拉取量"": ""7,551"", ""曝光量"": ""746"", ""曝光率"": ""9.88%"", ""点击量"": ""0"", ""点击率"": ""0.00%"", ""eCPM（元）"": ""3.49"", ""收入（元）"": ""2.60""}"
2026-06-13,留言区广告,12573,440,0.035,1,0.0023,5.3,2.33,"{""时间"": ""2026-06-13"", ""拉取量"": ""12,573"", ""曝光量"": ""440"", ""曝光率"": ""3.50%"", ""点击量"": ""1"", ""点击率"": ""0.23%"", ""eCPM（元）"": ""5.30"", ""收入（元）"": ""2.33""}"
2026-06-13,贴图底部推荐流广告,54,5,0.0926,0,0.0,2.0,0.01,"{""时间"": ""2026-06-13"", ""拉取量"": ""54"", ""曝光量"": ""5"", ""曝光率"": ""9.26%"", ""点击量"": ""0"", ""点击率"": ""0.00%"", ""eCPM（元）"": ""2.00"", ""收入（元）"": ""0.01""}"
2026-06-14,文章中部广告,9783,3808,0.3892,23,0.006,3.84,14.63,"{""时间"": ""2026-06-14"", ""拉取量"": ""9,783"", ""曝光量"": ""3,808"", ""曝光率"": ""38.92%"", ""点击量"": ""23"", ""点击率"": ""0.60%"", ""eCPM（元）"": ""3.84"", ""收入（元）"": ""14.63""}"
2026-06-14,文章底部广告,4955,426,0.086,3,0.006999999999999999,5.49,2.34,"{""时间"": ""2026-06-14"", ""拉取量"": ""4,955"", ""曝光量"": ""426"", ""曝光率"": ""8.60%"", ""点击量"": ""3"", ""点击率"": ""0.70%"", ""eCPM（元）"": ""5.49"", ""收入（元）"": ""2.34""}"
2026-06-14,留言区广告,8243,262,0.0318,3,0.0115,5.0,1.31,"{""时间"": ""2026-06-14"", ""拉取量"": ""8,243"", ""曝光量"": ""262"", ""曝光率"": ""3.18%"", ""点击量"": ""3"", ""点击率"": ""1.15%"", ""eCPM（元）"": ""5.00"", ""收入（元）"": ""1.31""}"
2026-06-14,贴图底部推荐流广告,48,2,0.0417,0,0.0,0.0,0.0,"{""时间"": ""2026-06-14"", ""拉取量"": ""48"", ""曝光量"": ""2"", ""曝光率"": ""4.17%"", ""点击量"": ""0"", ""点击率"": ""0.00%"", ""eCPM（元）"": ""0.00"", ""收入（元）"": ""0.00""}"
2026-06-15,文章中部广告,17980,7334,0.4079,41,0.005600000000000001,3.17,23.27,"{""时间"": ""2026-06-15"", ""拉取量"": ""17,980"", ""曝光量"": ""7,334"", ""曝光率"": ""40.79%"", ""点击量"": ""41"", ""点击率"": ""0.56%"", ""eCPM（元）"": ""3.17"", ""收入（元）"": ""23.27""}"
2026-06-15,文章底部广告,9119,983,0.10779999999999999,3,0.0031,2.99,2.94,"{""时间"": ""2026-06-15"", ""拉取量"": ""9,119"", ""曝光量"": ""983"", ""曝光率"": ""10.78%"", ""点击量"": ""3"", ""点击率"": ""0.31%"", ""eCPM（元）"": ""2.99"", ""收入（元）"": ""2.94""}"
2026-06-15,留言区广告,12201,461,0.0378,1,0.0022,2.95,1.36,"{""时间"": ""2026-06-15"", ""拉取量"": ""12,201"", ""曝光量"": ""461"", ""曝光率"": ""3.78%"", ""点击量"": ""1"", ""点击率"": ""0.22%"", ""eCPM（元）"": ""2.95"", ""收入（元）"": ""1.36""}"
2026-06-15,贴图底部推荐流广告,72,5,0.0694,0,0.0,2.0,0.01,"{""时间"": ""2026-06-15"", ""拉取量"": ""72"", ""曝光量"": ""5"", ""曝光率"": ""6.94%"", ""点击量"": ""0"", ""点击率"": ""0.00%"", ""eCPM（元）"": ""2.00"", ""收入（元）"": ""0.01""}"
2026-06-16,文章中部广告,18348,7670,0.418,32,0.0042,3.31,25.36,"{""时间"": ""2026-06-16"", ""拉取量"": ""18,348"", ""曝光量"": ""7,670"", ""曝光率"": ""41.80%"", ""点击量"": ""32"", ""点击率"": ""0.42%"", ""eCPM（元）"": ""3.31"", ""收入（元）"": ""25.36""}"
2026-06-16,文章底部广告,9296,1029,0.1107,4,0.0039000000000000003,3.13,3.22,"{""时间"": ""2026-06-16"", ""拉取量"": ""9,296"", ""曝光量"": ""1,029"", ""曝光率"": ""11.07%"", ""点击量"": ""4"", ""点击率"": ""0.39%"", ""eCPM（元）"": ""3.13"", ""收入（元）"": ""3.22""}"
2026-06-16,留言区广告,10295,415,0.0403,0,0.0,2.65,1.1,"{""时间"": ""2026-06-16"", ""拉取量"": ""10,295"", ""曝光量"": ""415"", ""曝光率"": ""4.03%"", ""点击量"": ""0"", ""点击率"": ""0.00%"", ""eCPM（元）"": ""2.65"", ""收入（元）"": ""1.10""}"
2026-06-17,文章中部广告,12841,5416,0.4218,37,0.0068000000000000005,4.28,23.18,"{""时间"": ""2026-06-17"", ""拉取量"": ""12,841"", ""曝光量"": ""5,416"", ""曝光率"": ""42.18%"", ""点击量"": ""37"", ""点击率"": ""0.68%"", ""eCPM（元）"": ""4.28"", ""收入（元）"": ""23.18""}"
2026-06-17,文章底部广告,6559,786,0.1198,1,0.0013,3.19,2.51,"{""时间"": ""2026-06-17"", ""拉取量"": ""6,559"", ""曝光量"": ""786"", ""曝光率"": ""11.98%"", ""点击量"": ""1"", ""点击率"": ""0.13%"", ""eCPM（元）"": ""3.19"", ""收入（元）"": ""2.51""}"
2026-06-17,留言区广告,6190,278,0.0449,1,0.0036,3.17,0.88,"{""时间"": ""2026-06-17"", ""拉取量"": ""6,190"", ""曝光量"": ""278"", ""曝光率"": ""4.49%"", ""点击量"": ""1"", ""点击率"": ""0.36%"", ""eCPM（元）"": ""3.17"", ""收入（元）"": ""0.88""}"
2026-06-17,贴图底部推荐流广告,77,5,0.0649,0,0.0,2.0,0.01,"{""时间"": ""2026-06-17"", ""拉取量"": ""77"", ""曝光量"": ""5"", ""曝光率"": ""6.49%"", ""点击量"": ""0"", ""点击率"": ""0.00%"", ""eCPM（元）"": ""2.00"", ""收入（元）"": ""0.01""}"
2026-06-18,文章中部广告,10642,4316,0.4056,31,0.0072,4.58,19.77,"{""时间"": ""2026-06-18"", ""拉取量"": ""10,642"", ""曝光量"": ""4,316"", ""曝光率"": ""40.56%"", ""点击量"": ""31"", ""点击率"": ""0.72%"", ""eCPM（元）"": ""4.58"", ""收入（元）"": ""19.77""}"
2026-06-18,文章底部广告,5423,593,0.1093,2,0.0034000000000000002,4.23,2.51,"{""时间"": ""2026-06-18"", ""拉取量"": ""5,423"", ""曝光量"": ""593"", ""曝光率"": ""10.93%"", ""点击量"": ""2"", ""点击率"": ""0.34%"", ""eCPM（元）"": ""4.23"", ""收入（元）"": ""2.51""}"
2026-06-18,留言区广告,5645,222,0.0393,0,0.0,4.32,0.96,"{""时间"": ""2026-06-18"", ""拉取量"": ""5,645"", ""曝光量"": ""222"", ""曝光率"": ""3.93%"", ""点击量"": ""0"", ""点击率"": ""0.00%"", ""eCPM（元）"": ""4.32"", ""收入（元）"": ""0.96""}"
2026-06-18,贴图底部推荐流广告,67,2,0.029900000000000003,0,0.0,5.0,0.01,"{""时间"": ""2026-06-18"", ""拉取量"": ""67"", ""曝光量"": ""2"", ""曝光率"": ""2.99%"", ""点击量"": ""0"", ""点击率"": ""0.00%"", ""eCPM（元）"": ""5.00"", ""收入（元）"": ""0.01""}"
2026-06-19,文章中部广告,4931,2306,0.4677,11,0.0048,3.42,7.89,"{""时间"": ""2026-06-19"", ""拉取量"": ""4,931"", ""曝光量"": ""2,306"", ""曝光率"": ""46.77%"", ""点击量"": ""11"", ""点击率"": ""0.48%"", ""eCPM（元）"": ""3.42"", ""收入（元）"": ""7.89""}"
2026-06-19,文章底部广告,2541,361,0.1421,3,0.0083,3.49,1.26,"{""时间"": ""2026-06-19"", ""拉取量"": ""2,541"", ""曝光量"": ""361"", ""曝光率"": ""14.21%"", ""点击量"": ""3"", ""点击率"": ""0.83%"", ""eCPM（元）"": ""3.49"", ""收入（元）"": ""1.26""}"
2026-06-19,留言区广告,3065,119,0.0388,1,0.0084,3.36,0.4,"{""时间"": ""2026-06-19"", ""拉取量"": ""3,065"", ""曝光量"": ""119"", ""曝光率"": ""3.88%"", ""点击量"": ""1"", ""点击率"": ""0.84%"", ""eCPM（元）"": ""3.36"", ""收入（元）"": ""0.40""}"
2026-06-19,贴图底部推荐流广告,72,3,0.0417,0,0.0,0.0,0.0,"{""时间"": ""2026-06-19"", ""拉取量"": ""72"", ""曝光量"": ""3"", ""曝光率"": ""4.17%"", ""点击量"": ""0"", ""点击率"": ""0.00%"", ""eCPM（元）"": ""0.00"", ""收入（元）"": ""0.00""}"
2026-06-20,文章中部广告,6820,2455,0.36,15,0.0060999999999999995,3.38,8.29,"{""时间"": ""2026-06-20"", ""拉取量"": ""6,820"", ""曝光量"": ""2,455"", ""曝光率"": ""36.00%"", ""点击量"": ""15"", ""点击率"": ""0.61%"", ""eCPM（元）"": ""3.38"", ""收入（元）"": ""8.29""}"
2026-06-20,文章底部广告,3495,398,0.1139,3,0.0075,3.59,1.43,"{""时间"": ""2026-06-20"", ""拉取量"": ""3,495"", ""曝光量"": ""398"", ""曝光率"": ""11.39%"", ""点击量"": ""3"", ""点击率"": ""0.75%"", ""eCPM（元）"": ""3.59"", ""收入（元）"": ""1.43""}"
2026-06-20,留言区广告,3948,166,0.042,1,0.006,3.37,0.56,"{""时间"": ""2026-06-20"", ""拉取量"": ""3,948"", ""曝光量"": ""166"", ""曝光率"": ""4.20%"", ""点击量"": ""1"", ""点击率"": ""0.60%"", ""eCPM（元）"": ""3.37"", ""收入（元）"": ""0.56""}"
2026-06-20,贴图底部推荐流广告,27,2,0.0741,0,0.0,15.0,0.03,"{""时间"": ""2026-06-20"", ""拉取量"": ""27"", ""曝光量"": ""2"", ""曝光率"": ""7.41%"", ""点击量"": ""0"", ""点击率"": ""0.00%"", ""eCPM（元）"": ""15.00"", ""收入（元）"": ""0.03""}"
2026-06-21,文章中部广告,6622,2671,0.40340000000000004,18,0.0067,2.71,7.23,"{""时间"": ""2026-06-21"", ""拉取量"": ""6,622"", ""曝光量"": ""2,671"", ""曝光率"": ""40.34%"", ""点击量"": ""18"", ""点击率"": ""0.67%"", ""eCPM（元）"": ""2.71"", ""收入（元）"": ""7.23""}"
2026-06-21,文章底部广告,3384,346,0.10220000000000001,2,0.0058,3.61,1.25,"{""时间"": ""2026-06-21"", ""拉取量"": ""3,384"", ""曝光量"": ""346"", ""曝光率"": ""10.22%"", ""点击量"": ""2"", ""点击率"": ""0.58%"", ""eCPM（元）"": ""3.61"", ""收入（元）"": ""1.25""}"
2026-06-21,留言区广告,3271,126,0.0385,1,0.0079,3.97,0.5,"{""时间"": ""2026-06-21"", ""拉取量"": ""3,271"", ""曝光量"": ""126"", ""曝光率"": ""3.85%"", ""点击量"": ""1"", ""点击率"": ""0.79%"", ""eCPM（元）"": ""3.97"", ""收入（元）"": ""0.50""}"
2026-06-21,贴图底部推荐流广告,50,2,0.04,0,0.0,5.0,0.01,"{""时间"": ""2026-06-21"", ""拉取量"": ""50"", ""曝光量"": ""2"", ""曝光率"": ""4.00%"", ""点击量"": ""0"", ""点击率"": ""0.00%"", ""eCPM（元）"": ""5.00"", ""收入（元）"": ""0.01""}"
2026-06-22,文章中部广告,9658,4193,0.4341,26,0.0062,2.96,12.42,"{""时间"": ""2026-06-22"", ""拉取量"": ""9,658"", ""曝光量"": ""4,193"", ""曝光率"": ""43.41%"", ""点击量"": ""26"", ""点击率"": ""0.62%"", ""eCPM（元）"": ""2.96"", ""收入（元）"": ""12.42""}"
2026-06-22,文章底部广告,4922,657,0.1335,2,0.003,3.64,2.39,"{""时间"": ""2026-06-22"", ""拉取量"": ""4,922"", ""曝光量"": ""657"", ""曝光率"": ""13.35%"", ""点击量"": ""2"", ""点击率"": ""0.30%"", ""eCPM（元）"": ""3.64"", ""收入（元）"": ""2.39""}"
2026-06-22,留言区广告,4444,225,0.0506,1,0.0044,4.93,1.11,"{""时间"": ""2026-06-22"", ""拉取量"": ""4,444"", ""曝光量"": ""225"", ""曝光率"": ""5.06%"", ""点击量"": ""1"", ""点击率"": ""0.44%"", ""eCPM（元）"": ""4.93"", ""收入（元）"": ""1.11""}"
2026-06-22,贴图底部推荐流广告,55,3,0.0545,0,0.0,0.0,0.0,"{""时间"": ""2026-06-22"", ""拉取量"": ""55"", ""曝光量"": ""3"", ""曝光率"": ""5.45%"", ""点击量"": ""0"", ""点击率"": ""0.00%"", ""eCPM（元）"": ""0.00"", ""收入（元）"": ""0.00""}"
2026-06-23,文章中部广告,11436,5273,0.4611,22,0.0042,2.03,10.7,"{""时间"": ""2026-06-23"", ""拉取量"": ""11,436"", ""曝光量"": ""5,273"", ""曝光率"": ""46.11%"", ""点击量"": ""22"", ""点击率"": ""0.42%"", ""eCPM（元）"": ""2.03"", ""收入（元）"": ""10.70""}"
2026-06-23,文章底部广告,5813,813,0.1399,5,0.0062,2.3,1.87,"{""时间"": ""2026-06-23"", ""拉取量"": ""5,813"", ""曝光量"": ""813"", ""曝光率"": ""13.99%"", ""点击量"": ""5"", ""点击率"": ""0.62%"", ""eCPM（元）"": ""2.30"", ""收入（元）"": ""1.87""}"
2026-06-23,留言区广告,6535,336,0.051399999999999994,0,0.0,2.47,0.83,"{""时间"": ""2026-06-23"", ""拉取量"": ""6,535"", ""曝光量"": ""336"", ""曝光率"": ""5.14%"", ""点击量"": ""0"", ""点击率"": ""0.00%"", ""eCPM（元）"": ""2.47"", ""收入（元）"": ""0.83""}"
2026-06-23,贴图底部推荐流广告,44,3,0.0682,0,0.0,0.0,0.0,"{""时间"": ""2026-06-23"", ""拉取量"": ""44"", ""曝光量"": ""3"", ""曝光率"": ""6.82%"", ""点击量"": ""0"", ""点击率"": ""0.00%"", ""eCPM（元）"": ""0.00"", ""收入（元）"": ""0.00""}"
2026-06-24,文章中部广告,15293,6590,0.43090000000000006,28,0.0042,2.65,17.47,"{""时间"": ""2026-06-24"", ""拉取量"": ""15,293"", ""曝光量"": ""6,590"", ""曝光率"": ""43.09%"", ""点击量"": ""28"", ""点击率"": ""0.42%"", ""eCPM（元）"": ""2.65"", ""收入（元）"": ""17.47""}"
2026-06-24,文章底部广告,7811,971,0.1243,0,0.0,2.29,2.22,"{""时间"": ""2026-06-24"", ""拉取量"": ""7,811"", ""曝光量"": ""971"", ""曝光率"": ""12.43%"", ""点击量"": ""0"", ""点击率"": ""0.00%"", ""eCPM（元）"": ""2.29"", ""收入（元）"": ""2.22""}"
2026-06-24,留言区广告,11809,561,0.0475,2,0.0036,2.07,1.16,"{""时间"": ""2026-06-24"", ""拉取量"": ""11,809"", ""曝光量"": ""561"", ""曝光率"": ""4.75%"", ""点击量"": ""2"", ""点击率"": ""0.36%"", ""eCPM（元）"": ""2.07"", ""收入（元）"": ""1.16""}"
2026-06-24,贴图底部推荐流广告,67,5,0.0746,0,0.0,28.0,0.14,"{""时间"": ""2026-06-24"", ""拉取量"": ""67"", ""曝光量"": ""5"", ""曝光率"": ""7.46%"", ""点击量"": ""0"", ""点击率"": ""0.00%"", ""eCPM（元）"": ""28.00"", ""收入（元）"": ""0.14""}"
2026-06-25,文章中部广告,16787,7505,0.4471,32,0.0043,1.94,14.56,"{""时间"": ""2026-06-25"", ""拉取量"": ""16,787"", ""曝光量"": ""7,505"", ""曝光率"": ""44.71%"", ""点击量"": ""32"", ""点击率"": ""0.43%"", ""eCPM（元）"": ""1.94"", ""收入（元）"": ""14.56""}"
2026-06-25,文章底部广告,8614,1059,0.1229,0,0.0,2.54,2.69,"{""时间"": ""2026-06-25"", ""拉取量"": ""8,614"", ""曝光量"": ""1,059"", ""曝光率"": ""12.29%"", ""点击量"": ""0"", ""点击率"": ""0.00%"", ""eCPM（元）"": ""2.54"", ""收入（元）"": ""2.69""}"
2026-06-25,留言区广告,13101,671,0.0512,3,0.0045000000000000005,3.29,2.21,"{""时间"": ""2026-06-25"", ""拉取量"": ""13,101"", ""曝光量"": ""671"", ""曝光率"": ""5.12%"", ""点击量"": ""3"", ""点击率"": ""0.45%"", ""eCPM（元）"": ""3.29"", ""收入（元）"": ""2.21""}"
2026-06-25,贴图底部推荐流广告,87,9,0.10339999999999999,0,0.0,2.22,0.02,"{""时间"": ""2026-06-25"", ""拉取量"": ""87"", ""曝光量"": ""9"", ""曝光率"": ""10.34%"", ""点击量"": ""0"", ""点击率"": ""0.00%"", ""eCPM（元）"": ""2.22"", ""收入（元）"": ""0.02""}"
2026-06-26,文章中部广告,14081,5983,0.4249,30,0.005,1.8,10.77,"{""时间"": ""2026-06-26"", ""拉取量"": ""14,081"", ""曝光量"": ""5,983"", ""曝光率"": ""42.49%"", ""点击量"": ""30"", ""点击率"": ""0.50%"", ""eCPM（元）"": ""1.80"", ""收入（元）"": ""10.77""}"
2026-06-26,文章底部广告,7127,847,0.1188,5,0.0059,2.49,2.11,"{""时间"": ""2026-06-26"", ""拉取量"": ""7,127"", ""曝光量"": ""847"", ""曝光率"": ""11.88%"", ""点击量"": ""5"", ""点击率"": ""0.59%"", ""eCPM（元）"": ""2.49"", ""收入（元）"": ""2.11""}"
2026-06-26,留言区广告,11459,532,0.0464,3,0.005600000000000001,2.54,1.35,"{""时间"": ""2026-06-26"", ""拉取量"": ""11,459"", ""曝光量"": ""532"", ""曝光率"": ""4.64%"", ""点击量"": ""3"", ""点击率"": ""0.56%"", ""eCPM（元）"": ""2.54"", ""收入（元）"": ""1.35""}"
2026-06-26,贴图底部推荐流广告,72,8,0.11109999999999999,0,0.0,2.5,0.02,"{""时间"": ""2026-06-26"", ""拉取量"": ""72"", ""曝光量"": ""8"", ""曝光率"": ""11.11%"", ""点击量"": ""0"", ""点击率"": ""0.00%"", ""eCPM（元）"": ""2.50"", ""收入（元）"": ""0.02""}"
2026-06-27,文章中部广告,9882,4036,0.40840000000000004,25,0.0062,2.82,11.37,"{""时间"": ""2026-06-27"", ""拉取量"": ""9,882"", ""曝光量"": ""4,036"", ""曝光率"": ""40.84%"", ""点击量"": ""25"", ""点击率"": ""0.62%"", ""eCPM（元）"": ""2.82"", ""收入（元）"": ""11.37""}"
2026-06-27,文章底部广告,5027,509,0.1013,0,0.0,2.85,1.45,"{""时间"": ""2026-06-27"", ""拉取量"": ""5,027"", ""曝光量"": ""509"", ""曝光率"": ""10.13%"", ""点击量"": ""0"", ""点击率"": ""0.00%"", ""eCPM（元）"": ""2.85"", ""收入（元）"": ""1.45""}"
2026-06-27,留言区广告,7746,288,0.037200000000000004,2,0.0069,3.68,1.06,"{""时间"": ""2026-06-27"", ""拉取量"": ""7,746"", ""曝光量"": ""288"", ""曝光率"": ""3.72%"", ""点击量"": ""2"", ""点击率"": ""0.69%"", ""eCPM（元）"": ""3.68"", ""收入（元）"": ""1.06""}"
2026-06-27,贴图底部推荐流广告,37,3,0.08109999999999999,0,0.0,0.0,0.0,"{""时间"": ""2026-06-27"", ""拉取量"": ""37"", ""曝光量"": ""3"", ""曝光率"": ""8.11%"", ""点击量"": ""0"", ""点击率"": ""0.00%"", ""eCPM（元）"": ""0.00"", ""收入（元）"": ""0.00""}"
2026-06-28,文章中部广告,12231,5858,0.4789,33,0.005600000000000001,3.22,18.84,"{""时间"": ""2026-06-28"", ""拉取量"": ""12,231"", ""曝光量"": ""5,858"", ""曝光率"": ""47.89%"", ""点击量"": ""33"", ""点击率"": ""0.56%"", ""eCPM（元）"": ""3.22"", ""收入（元）"": ""18.84""}"
2026-06-28,文章底部广告,6201,696,0.11220000000000001,1,0.0014000000000000002,3.36,2.34,"{""时间"": ""2026-06-28"", ""拉取量"": ""6,201"", ""曝光量"": ""696"", ""曝光率"": ""11.22%"", ""点击量"": ""1"", ""点击率"": ""0.14%"", ""eCPM（元）"": ""3.36"", ""收入（元）"": ""2.34""}"
2026-06-28,留言区广告,6070,245,0.0404,0,0.0,4.0,0.98,"{""时间"": ""2026-06-28"", ""拉取量"": ""6,070"", ""曝光量"": ""245"", ""曝光率"": ""4.04%"", ""点击量"": ""0"", ""点击率"": ""0.00%"", ""eCPM（元）"": ""4.00"", ""收入（元）"": ""0.98""}"
2026-06-28,贴图底部推荐流广告,14,2,0.1429,0,0.0,0.0,0.0,"{""时间"": ""2026-06-28"", ""拉取量"": ""14"", ""曝光量"": ""2"", ""曝光率"": ""14.29%"", ""点击量"": ""0"", ""点击率"": ""0.00%"", ""eCPM（元）"": ""0.00"", ""收入（元）"": ""0.00""}"
2026-06-29,文章中部广告,29658,13342,0.4499,72,0.0054,2.22,29.63,"{""时间"": ""2026-06-29"", ""拉取量"": ""29,658"", ""曝光量"": ""13,342"", ""曝光率"": ""44.99%"", ""点击量"": ""72"", ""点击率"": ""0.54%"", ""eCPM（元）"": ""2.22"", ""收入（元）"": ""29.63""}"
2026-06-29,文章底部广告,14973,1643,0.1097,3,0.0018,2.62,4.3,"{""时间"": ""2026-06-29"", ""拉取量"": ""14,973"", ""曝光量"": ""1,643"", ""曝光率"": ""10.97%"", ""点击量"": ""3"", ""点击率"": ""0.18%"", ""eCPM（元）"": ""2.62"", ""收入（元）"": ""4.30""}"
2026-06-29,留言区广告,24258,1058,0.0436,5,0.004699999999999999,3.19,3.37,"{""时间"": ""2026-06-29"", ""拉取量"": ""24,258"", ""曝光量"": ""1,058"", ""曝光率"": ""4.36%"", ""点击量"": ""5"", ""点击率"": ""0.47%"", ""eCPM（元）"": ""3.19"", ""收入（元）"": ""3.37""}"
2026-06-29,贴图底部推荐流广告,14,1,0.07139999999999999,0,0.0,0.0,0.0,"{""时间"": ""2026-06-29"", ""拉取量"": ""14"", ""曝光量"": ""1"", ""曝光率"": ""7.14%"", ""点击量"": ""0"", ""点击率"": ""0.00%"", ""eCPM（元）"": ""0.00"", ""收入（元）"": ""0.00""}"
2026-06-30,文章中部广告,24124,10963,0.45439999999999997,69,0.0063,3.1,33.95,"{""时间"": ""2026-06-30"", ""拉取量"": ""24,124"", ""曝光量"": ""10,963"", ""曝光率"": ""45.44%"", ""点击量"": ""69"", ""点击率"": ""0.63%"", ""eCPM（元）"": ""3.10"", ""收入（元）"": ""33.95""}"
2026-06-30,文章底部广告,12203,1289,0.1056,1,0.0008,2.01,2.59,"{""时间"": ""2026-06-30"", ""拉取量"": ""12,203"", ""曝光量"": ""1,289"", ""曝光率"": ""10.56%"", ""点击量"": ""1"", ""点击率"": ""0.08%"", ""eCPM（元）"": ""2.01"", ""收入（元）"": ""2.59""}"
2026-06-30,留言区广告,19898,784,0.0394,3,0.0038,3.18,2.49,"{""时间"": ""2026-06-30"", ""拉取量"": ""19,898"", ""曝光量"": ""784"", ""曝光率"": ""3.94%"", ""点击量"": ""3"", ""点击率"": ""0.38%"", ""eCPM（元）"": ""3.18"", ""收入（元）"": ""2.49""}"
2026-06-30,贴图底部推荐流广告,21,1,0.047599999999999996,0,0.0,0.0,0.0,"{""时间"": ""2026-06-30"", ""拉取量"": ""21"", ""曝光量"": ""1"", ""曝光率"": ""4.76%"", ""点击量"": ""0"", ""点击率"": ""0.00%"", ""eCPM（元）"": ""0.00"", ""收入（元）"": ""0.00""}"
2026-07-01,文章中部广告,22268,9383,0.4214,41,0.0044,3.02,28.36,"{""时间"": ""2026-07-01"", ""拉取量"": ""22,268"", ""曝光量"": ""9,383"", ""曝光率"": ""42.14%"", ""点击量"": ""41"", ""点击率"": ""0.44%"", ""eCPM（元）"": ""3.02"", ""收入（元）"": ""28.36""}"
2026-07-01,文章底部广告,11278,1161,0.10289999999999999,2,0.0017000000000000001,1.67,1.94,"{""时间"": ""2026-07-01"", ""拉取量"": ""11,278"", ""曝光量"": ""1,161"", ""曝光率"": ""10.29%"", ""点击量"": ""2"", ""点击率"": ""0.17%"", ""eCPM（元）"": ""1.67"", ""收入（元）"": ""1.94""}"
2026-07-01,留言区广告,16958,670,0.0395,2,0.003,2.28,1.53,"{""时间"": ""2026-07-01"", ""拉取量"": ""16,958"", ""曝光量"": ""670"", ""曝光率"": ""3.95%"", ""点击量"": ""2"", ""点击率"": ""0.30%"", ""eCPM（元）"": ""2.28"", ""收入（元）"": ""1.53""}"
2026-07-01,贴图底部推荐流广告,4,1,0.25,0,0.0,0.0,0.0,"{""时间"": ""2026-07-01"", ""拉取量"": ""4"", ""曝光量"": ""1"", ""曝光率"": ""25.00%"", ""点击量"": ""0"", ""点击率"": ""0.00%"", ""eCPM（元）"": ""0.00"", ""收入（元）"": ""0.00""}"
2026-07-02,文章中部广告,18122,8156,0.4501,45,0.0055000000000000005,3.02,24.66,"{""时间"": ""2026-07-02"", ""拉取量"": ""18,122"", ""曝光量"": ""8,156"", ""曝光率"": ""45.01%"", ""点击量"": ""45"", ""点击率"": ""0.55%"", ""eCPM（元）"": ""3.02"", ""收入（元）"": ""24.66""}"
2026-07-02,文章底部广告,9128,1042,0.1142,7,0.0067,2.39,2.49,"{""时间"": ""2026-07-02"", ""拉取量"": ""9,128"", ""曝光量"": ""1,042"", ""曝光率"": ""11.42%"", ""点击量"": ""7"", ""点击率"": ""0.67%"", ""eCPM（元）"": ""2.39"", ""收入（元）"": ""2.49""}"
2026-07-02,留言区广告,11469,483,0.0421,4,0.0083,4.72,2.28,"{""时间"": ""2026-07-02"", ""拉取量"": ""11,469"", ""曝光量"": ""483"", ""曝光率"": ""4.21%"", ""点击量"": ""4"", ""点击率"": ""0.83%"", ""eCPM（元）"": ""4.72"", ""收入（元）"": ""2.28""}"
2026-07-03,文章中部广告,19322,8292,0.4291,40,0.0048,2.82,23.38,"{""时间"": ""2026-07-03"", ""拉取量"": ""19,322"", ""曝光量"": ""8,292"", ""曝光率"": ""42.91%"", ""点击量"": ""40"", ""点击率"": ""0.48%"", ""eCPM（元）"": ""2.82"", ""收入（元）"": ""23.38""}"
2026-07-03,文章底部广告,9757,1004,0.10289999999999999,3,0.003,2.25,2.26,"{""时间"": ""2026-07-03"", ""拉取量"": ""9,757"", ""曝光量"": ""1,004"", ""曝光率"": ""10.29%"", ""点击量"": ""3"", ""点击率"": ""0.30%"", ""eCPM（元）"": ""2.25"", ""收入（元）"": ""2.26""}"
2026-07-03,留言区广告,8893,362,0.0407,2,0.0055000000000000005,6.8,2.46,"{""时间"": ""2026-07-03"", ""拉取量"": ""8,893"", ""曝光量"": ""362"", ""曝光率"": ""4.07%"", ""点击量"": ""2"", ""点击率"": ""0.55%"", ""eCPM（元）"": ""6.80"", ""收入（元）"": ""2.46""}"
2026-07-03,贴图底部推荐流广告,19,3,0.15789999999999998,0,0.0,0.0,0.0,"{""时间"": ""2026-07-03"", ""拉取量"": ""19"", ""曝光量"": ""3"", ""曝光率"": ""15.79%"", ""点击量"": ""0"", ""点击率"": ""0.00%"", ""eCPM（元）"": ""0.00"", ""收入（元）"": ""0.00""}"
2026-07-04,文章中部广告,13136,5005,0.381,25,0.005,3.05,15.25,"{""时间"": ""2026-07-04"", ""拉取量"": ""13,136"", ""曝光量"": ""5,005"", ""曝光率"": ""38.10%"", ""点击量"": ""25"", ""点击率"": ""0.50%"", ""eCPM（元）"": ""3.05"", ""收入（元）"": ""15.25""}"
2026-07-04,文章底部广告,6667,557,0.08349999999999999,3,0.0054,2.3,1.28,"{""时间"": ""2026-07-04"", ""拉取量"": ""6,667"", ""曝光量"": ""557"", ""曝光率"": ""8.35%"", ""点击量"": ""3"", ""点击率"": ""0.54%"", ""eCPM（元）"": ""2.30"", ""收入（元）"": ""1.28""}"
2026-07-04,留言区广告,5749,225,0.0391,0,0.0,2.71,0.61,"{""时间"": ""2026-07-04"", ""拉取量"": ""5,749"", ""曝光量"": ""225"", ""曝光率"": ""3.91%"", ""点击量"": ""0"", ""点击率"": ""0.00%"", ""eCPM（元）"": ""2.71"", ""收入（元）"": ""0.61""}"
2026-07-05,文章中部广告,10391,4293,0.4131,33,0.0077,3.26,14.0,"{""时间"": ""2026-07-05"", ""拉取量"": ""10,391"", ""曝光量"": ""4,293"", ""曝光率"": ""41.31%"", ""点击量"": ""33"", ""点击率"": ""0.77%"", ""eCPM（元）"": ""3.26"", ""收入（元）"": ""14.00""}"
2026-07-05,文章底部广告,5238,456,0.08710000000000001,4,0.0088,2.52,1.15,"{""时间"": ""2026-07-05"", ""拉取量"": ""5,238"", ""曝光量"": ""456"", ""曝光率"": ""8.71%"", ""点击量"": ""4"", ""点击率"": ""0.88%"", ""eCPM（元）"": ""2.52"", ""收入（元）"": ""1.15""}"
2026-07-05,留言区广告,7146,223,0.031200000000000002,1,0.0045000000000000005,3.99,0.89,"{""时间"": ""2026-07-05"", ""拉取量"": ""7,146"", ""曝光量"": ""223"", ""曝光率"": ""3.12%"", ""点击量"": ""1"", ""点击率"": ""0.45%"", ""eCPM（元）"": ""3.99"", ""收入（元）"": ""0.89""}"
2026-07-05,贴图底部推荐流广告,5,1,0.2,0,0.0,0.0,0.0,"{""时间"": ""2026-07-05"", ""拉取量"": ""5"", ""曝光量"": ""1"", ""曝光率"": ""20.00%"", ""点击量"": ""0"", ""点击率"": ""0.00%"", ""eCPM（元）"": ""0.00"", ""收入（元）"": ""0.00""}"
2026-07-06,文章中部广告,13629,6170,0.45270000000000005,38,0.0062,2.64,16.28,"{""时间"": ""2026-07-06"", ""拉取量"": ""13,629"", ""曝光量"": ""6,170"", ""曝光率"": ""45.27%"", ""点击量"": ""38"", ""点击率"": ""0.62%"", ""eCPM（元）"": ""2.64"", ""收入（元）"": ""16.28""}"
2026-07-06,文章底部广告,6890,804,0.1167,1,0.0012,1.6,1.29,"{""时间"": ""2026-07-06"", ""拉取量"": ""6,890"", ""曝光量"": ""804"", ""曝光率"": ""11.67%"", ""点击量"": ""1"", ""点击率"": ""0.12%"", ""eCPM（元）"": ""1.60"", ""收入（元）"": ""1.29""}"
2026-07-06,留言区广告,10598,475,0.044800000000000006,1,0.0021,2.38,1.13,"{""时间"": ""2026-07-06"", ""拉取量"": ""10,598"", ""曝光量"": ""475"", ""曝光率"": ""4.48%"", ""点击量"": ""1"", ""点击率"": ""0.21%"", ""eCPM（元）"": ""2.38"", ""收入（元）"": ""1.13""}"
2026-07-06,贴图底部推荐流广告,4,2,0.5,0,0.0,0.0,0.0,"{""时间"": ""2026-07-06"", ""拉取量"": ""4"", ""曝光量"": ""2"", ""曝光率"": ""50.00%"", ""点击量"": ""0"", ""点击率"": ""0.00%"", ""eCPM（元）"": ""0.00"", ""收入（元）"": ""0.00""}"
2026-07-07,文章中部广告,13912,5792,0.4163,21,0.0036,2.55,14.75,"{""时间"": ""2026-07-07"", ""拉取量"": ""13,912"", ""曝光量"": ""5,792"", ""曝光率"": ""41.63%"", ""点击量"": ""21"", ""点击率"": ""0.36%"", ""eCPM（元）"": ""2.55"", ""收入（元）"": ""14.75""}"
2026-07-07,文章底部广告,6999,674,0.09630000000000001,2,0.003,2.17,1.46,"{""时间"": ""2026-07-07"", ""拉取量"": ""6,999"", ""曝光量"": ""674"", ""曝光率"": ""9.63%"", ""点击量"": ""2"", ""点击率"": ""0.30%"", ""eCPM（元）"": ""2.17"", ""收入（元）"": ""1.46""}"
2026-07-07,留言区广告,8953,343,0.0383,3,0.0087,2.1,0.72,"{""时间"": ""2026-07-07"", ""拉取量"": ""8,953"", ""曝光量"": ""343"", ""曝光率"": ""3.83%"", ""点击量"": ""3"", ""点击率"": ""0.87%"", ""eCPM（元）"": ""2.10"", ""收入（元）"": ""0.72""}"
2026-07-08,文章中部广告,11475,5293,0.46130000000000004,25,0.004699999999999999,3.35,17.73,"{""时间"": ""2026-07-08"", ""拉取量"": ""11,475"", ""曝光量"": ""5,293"", ""曝光率"": ""46.13%"", ""点击量"": ""25"", ""点击率"": ""0.47%"", ""eCPM（元）"": ""3.35"", ""收入（元）"": ""17.73""}"
2026-07-08,文章底部广告,5820,679,0.1167,1,0.0015,2.42,1.64,"{""时间"": ""2026-07-08"", ""拉取量"": ""5,820"", ""曝光量"": ""679"", ""曝光率"": ""11.67%"", ""点击量"": ""1"", ""点击率"": ""0.15%"", ""eCPM（元）"": ""2.42"", ""收入（元）"": ""1.64""}"
2026-07-08,留言区广告,7751,314,0.0405,2,0.0064,2.68,0.84,"{""时间"": ""2026-07-08"", ""拉取量"": ""7,751"", ""曝光量"": ""314"", ""曝光率"": ""4.05%"", ""点击量"": ""2"", ""点击率"": ""0.64%"", ""eCPM（元）"": ""2.68"", ""收入（元）"": ""0.84""}"
2026-07-09,文章中部广告,12045,5381,0.44670000000000004,30,0.005600000000000001,4.19,22.56,"{""时间"": ""2026-07-09"", ""拉取量"": ""12,045"", ""曝光量"": ""5,381"", ""曝光率"": ""44.67%"", ""点击量"": ""30"", ""点击率"": ""0.56%"", ""eCPM（元）"": ""4.19"", ""收入（元）"": ""22.56""}"
2026-07-09,文章底部广告,6083,565,0.0929,2,0.0034999999999999996,2.05,1.16,"{""时间"": ""2026-07-09"", ""拉取量"": ""6,083"", ""曝光量"": ""565"", ""曝光率"": ""9.29%"", ""点击量"": ""2"", ""点击率"": ""0.35%"", ""eCPM（元）"": ""2.05"", ""收入（元）"": ""1.16""}"
2026-07-09,留言区广告,6560,209,0.0319,1,0.0048,12.97,2.71,"{""时间"": ""2026-07-09"", ""拉取量"": ""6,560"", ""曝光量"": ""209"", ""曝光率"": ""3.19%"", ""点击量"": ""1"", ""点击率"": ""0.48%"", ""eCPM（元）"": ""12.97"", ""收入（元）"": ""2.71""}"
2026-07-09,贴图底部推荐流广告,12,1,0.0833,0,0.0,0.0,0.0,"{""时间"": ""2026-07-09"", ""拉取量"": ""12"", ""曝光量"": ""1"", ""曝光率"": ""8.33%"", ""点击量"": ""0"", ""点击率"": ""0.00%"", ""eCPM（元）"": ""0.00"", ""收入（元）"": ""0.00""}"
2026-07-10,文章中部广告,12827,5615,0.43770000000000003,22,0.0039000000000000003,4.67,26.24,"{""时间"": ""2026-07-10"", ""拉取量"": ""12,827"", ""曝光量"": ""5,615"", ""曝光率"": ""43.77%"", ""点击量"": ""22"", ""点击率"": ""0.39%"", ""eCPM（元）"": ""4.67"", ""收入（元）"": ""26.24""}"
2026-07-10,文章底部广告,6477,656,0.1013,5,0.0076,4.22,2.77,"{""时间"": ""2026-07-10"", ""拉取量"": ""6,477"", ""曝光量"": ""656"", ""曝光率"": ""10.13%"", ""点击量"": ""5"", ""点击率"": ""0.76%"", ""eCPM（元）"": ""4.22"", ""收入（元）"": ""2.77""}"
2026-07-10,留言区广告,5458,186,0.0341,0,0.0,5.97,1.11,"{""时间"": ""2026-07-10"", ""拉取量"": ""5,458"", ""曝光量"": ""186"", ""曝光率"": ""3.41%"", ""点击量"": ""0"", ""点击率"": ""0.00%"", ""eCPM（元）"": ""5.97"", ""收入（元）"": ""1.11""}"
2026-07-11,文章中部广告,7451,3326,0.4464,19,0.005699999999999999,3.84,12.77,"{""时间"": ""2026-07-11"", ""拉取量"": ""7,451"", ""曝光量"": ""3,326"", ""曝光率"": ""44.64%"", ""点击量"": ""19"", ""点击率"": ""0.57%"", ""eCPM（元）"": ""3.84"", ""收入（元）"": ""12.77""}"
2026-07-11,文章底部广告,3789,435,0.1148,2,0.0046,7.33,3.19,"{""时间"": ""2026-07-11"", ""拉取量"": ""3,789"", ""曝光量"": ""435"", ""曝光率"": ""11.48%"", ""点击量"": ""2"", ""点击率"": ""0.46%"", ""eCPM（元）"": ""7.33"", ""收入（元）"": ""3.19""}"
2026-07-11,留言区广告,3719,137,0.0368,0,0.0,8.1,1.11,"{""时间"": ""2026-07-11"", ""拉取量"": ""3,719"", ""曝光量"": ""137"", ""曝光率"": ""3.68%"", ""点击量"": ""0"", ""点击率"": ""0.00%"", ""eCPM（元）"": ""8.10"", ""收入（元）"": ""1.11""}"
2026-07-12,文章中部广告,8818,3868,0.4386,26,0.0067,3.52,13.62,"{""时间"": ""2026-07-12"", ""拉取量"": ""8,818"", ""曝光量"": ""3,868"", ""曝光率"": ""43.86%"", ""点击量"": ""26"", ""点击率"": ""0.67%"", ""eCPM（元）"": ""3.52"", ""收入（元）"": ""13.62""}"
2026-07-12,文章底部广告,4465,440,0.09849999999999999,2,0.0045000000000000005,2.93,1.29,"{""时间"": ""2026-07-12"", ""拉取量"": ""4,465"", ""曝光量"": ""440"", ""曝光率"": ""9.85%"", ""点击量"": ""2"", ""点击率"": ""0.45%"", ""eCPM（元）"": ""2.93"", ""收入（元）"": ""1.29""}"
2026-07-12,留言区广告,4240,140,0.033,0,0.0,4.79,0.67,"{""时间"": ""2026-07-12"", ""拉取量"": ""4,240"", ""曝光量"": ""140"", ""曝光率"": ""3.30%"", ""点击量"": ""0"", ""点击率"": ""0.00%"", ""eCPM（元）"": ""4.79"", ""收入（元）"": ""0.67""}"
2026-07-13,文章中部广告,15063,6808,0.452,46,0.0068000000000000005,2.87,19.52,"{""时间"": ""2026-07-13"", ""拉取量"": ""15,063"", ""曝光量"": ""6,808"", ""曝光率"": ""45.20%"", ""点击量"": ""46"", ""点击率"": ""0.68%"", ""eCPM（元）"": ""2.87"", ""收入（元）"": ""19.52""}"
2026-07-13,文章底部广告,7602,890,0.11710000000000001,5,0.005600000000000001,3.46,3.08,"{""时间"": ""2026-07-13"", ""拉取量"": ""7,602"", ""曝光量"": ""890"", ""曝光率"": ""11.71%"", ""点击量"": ""5"", ""点击率"": ""0.56%"", ""eCPM（元）"": ""3.46"", ""收入（元）"": ""3.08""}"
2026-07-13,留言区广告,6186,226,0.0365,0,0.0,3.5,0.79,"{""时间"": ""2026-07-13"", ""拉取量"": ""6,186"", ""曝光量"": ""226"", ""曝光率"": ""3.65%"", ""点击量"": ""0"", ""点击率"": ""0.00%"", ""eCPM（元）"": ""3.50"", ""收入（元）"": ""0.79""}"
2026-07-14,文章中部广告,12655,5588,0.4416,28,0.005,2.86,15.96,"{""时间"": ""2026-07-14"", ""拉取量"": ""12,655"", ""曝光量"": ""5,588"", ""曝光率"": ""44.16%"", ""点击量"": ""28"", ""点击率"": ""0.50%"", ""eCPM（元）"": ""2.86"", ""收入（元）"": ""15.96""}"
2026-07-14,文章底部广告,6386,766,0.1199,1,0.0013,2.15,1.65,"{""时间"": ""2026-07-14"", ""拉取量"": ""6,386"", ""曝光量"": ""766"", ""曝光率"": ""11.99%"", ""点击量"": ""1"", ""点击率"": ""0.13%"", ""eCPM（元）"": ""2.15"", ""收入（元）"": ""1.65""}"
2026-07-14,留言区广告,6179,237,0.0384,0,0.0,2.45,0.58,"{""时间"": ""2026-07-14"", ""拉取量"": ""6,179"", ""曝光量"": ""237"", ""曝光率"": ""3.84%"", ""点击量"": ""0"", ""点击率"": ""0.00%"", ""eCPM（元）"": ""2.45"", ""收入（元）"": ""0.58""}"
2026-07-15,文章中部广告,11372,4999,0.4396,25,0.005,2.67,13.33,"{""时间"": ""2026-07-15"", ""拉取量"": ""11,372"", ""曝光量"": ""4,999"", ""曝光率"": ""43.96%"", ""点击量"": ""25"", ""点击率"": ""0.50%"", ""eCPM（元）"": ""2.67"", ""收入（元）"": ""13.33""}"
2026-07-15,文章底部广告,5735,643,0.1121,2,0.0031,2.69,1.73,"{""时间"": ""2026-07-15"", ""拉取量"": ""5,735"", ""曝光量"": ""643"", ""曝光率"": ""11.21%"", ""点击量"": ""2"", ""点击率"": ""0.31%"", ""eCPM（元）"": ""2.69"", ""收入（元）"": ""1.73""}"
2026-07-15,留言区广告,5252,181,0.0345,1,0.0055000000000000005,2.98,0.54,"{""时间"": ""2026-07-15"", ""拉取量"": ""5,252"", ""曝光量"": ""181"", ""曝光率"": ""3.45%"", ""点击量"": ""1"", ""点击率"": ""0.55%"", ""eCPM（元）"": ""2.98"", ""收入（元）"": ""0.54""}"
2026-07-15,贴图底部推荐流广告,4,1,0.25,0,0.0,0.0,0.0,"{""时间"": ""2026-07-15"", ""拉取量"": ""4"", ""曝光量"": ""1"", ""曝光率"": ""25.00%"", ""点击量"": ""0"", ""点击率"": ""0.00%"", ""eCPM（元）"": ""0.00"", ""收入（元）"": ""0.00""}"
2026-07-16,文章中部广告,11442,5033,0.4399,22,0.0044,2.59,13.03,"{""时间"": ""2026-07-16"", ""拉取量"": ""11,442"", ""曝光量"": ""5,033"", ""曝光率"": ""43.99%"", ""点击量"": ""22"", ""点击率"": ""0.44%"", ""eCPM（元）"": ""2.59"", ""收入（元）"": ""13.03""}"
2026-07-16,文章底部广告,5774,608,0.10529999999999999,2,0.0033,2.17,1.32,"{""时间"": ""2026-07-16"", ""拉取量"": ""5,774"", ""曝光量"": ""608"", ""曝光率"": ""10.53%"", ""点击量"": ""2"", ""点击率"": ""0.33%"", ""eCPM（元）"": ""2.17"", ""收入（元）"": ""1.32""}"
2026-07-16,留言区广告,6286,251,0.039900000000000005,0,0.0,2.55,0.64,"{""时间"": ""2026-07-16"", ""拉取量"": ""6,286"", ""曝光量"": ""251"", ""曝光率"": ""3.99%"", ""点击量"": ""0"", ""点击率"": ""0.00%"", ""eCPM（元）"": ""2.55"", ""收入（元）"": ""0.64""}"
2026-07-17,文章中部广告,11158,4641,0.41590000000000005,24,0.0052,3.22,14.94,"{""时间"": ""2026-07-17"", ""拉取量"": ""11,158"", ""曝光量"": ""4,641"", ""曝光率"": ""41.59%"", ""点击量"": ""24"", ""点击率"": ""0.52%"", ""eCPM（元）"": ""3.22"", ""收入（元）"": ""14.94""}"
2026-07-17,文章底部广告,5654,607,0.1074,3,0.0049,1.75,1.06,"{""时间"": ""2026-07-17"", ""拉取量"": ""5,654"", ""曝光量"": ""607"", ""曝光率"": ""10.74%"", ""点击量"": ""3"", ""点击率"": ""0.49%"", ""eCPM（元）"": ""1.75"", ""收入（元）"": ""1.06""}"
2026-07-17,留言区广告,5927,228,0.0385,0,0.0,1.75,0.4,"{""时间"": ""2026-07-17"", ""拉取量"": ""5,927"", ""曝光量"": ""228"", ""曝光率"": ""3.85%"", ""点击量"": ""0"", ""点击率"": ""0.00%"", ""eCPM（元）"": ""1.75"", ""收入（元）"": ""0.40""}"
2026-07-18,文章中部广告,11044,4688,0.42450000000000004,20,0.0043,3.02,14.17,"{""时间"": ""2026-07-18"", ""拉取量"": ""11,044"", ""曝光量"": ""4,688"", ""曝光率"": ""42.45%"", ""点击量"": ""20"", ""点击率"": ""0.43%"", ""eCPM（元）"": ""3.02"", ""收入（元）"": ""14.17""}"
2026-07-18,文章底部广告,5601,611,0.1091,1,0.0016,5.45,3.33,"{""时间"": ""2026-07-18"", ""拉取量"": ""5,601"", ""曝光量"": ""611"", ""曝光率"": ""10.91%"", ""点击量"": ""1"", ""点击率"": ""0.16%"", ""eCPM（元）"": ""5.45"", ""收入（元）"": ""3.33""}"
2026-07-18,留言区广告,4462,191,0.042800000000000005,0,0.0,3.87,0.74,"{""时间"": ""2026-07-18"", ""拉取量"": ""4,462"", ""曝光量"": ""191"", ""曝光率"": ""4.28%"", ""点击量"": ""0"", ""点击率"": ""0.00%"", ""eCPM（元）"": ""3.87"", ""收入（元）"": ""0.74""}"
2026-07-19,文章中部广告,15480,6028,0.38939999999999997,35,0.0058,3.48,20.97,"{""时间"": ""2026-07-19"", ""拉取量"": ""15,480"", ""曝光量"": ""6,028"", ""曝光率"": ""38.94%"", ""点击量"": ""35"", ""点击率"": ""0.58%"", ""eCPM（元）"": ""3.48"", ""收入（元）"": ""20.97""}"
2026-07-19,文章底部广告,7834,666,0.085,1,0.0015,2.73,1.82,"{""时间"": ""2026-07-19"", ""拉取量"": ""7,834"", ""曝光量"": ""666"", ""曝光率"": ""8.50%"", ""点击量"": ""1"", ""点击率"": ""0.15%"", ""eCPM（元）"": ""2.73"", ""收入（元）"": ""1.82""}"
2026-07-19,留言区广告,5751,198,0.0344,0,0.0,2.32,0.46,"{""时间"": ""2026-07-19"", ""拉取量"": ""5,751"", ""曝光量"": ""198"", ""曝光率"": ""3.44%"", ""点击量"": ""0"", ""点击率"": ""0.00%"", ""eCPM（元）"": ""2.32"", ""收入（元）"": ""0.46""}"
2026-07-20,文章中部广告,17527,7673,0.4378,36,0.004699999999999999,2.33,17.84,"{""时间"": ""2026-07-20"", ""拉取量"": ""17,527"", ""曝光量"": ""7,673"", ""曝光率"": ""43.78%"", ""点击量"": ""36"", ""点击率"": ""0.47%"", ""eCPM（元）"": ""2.33"", ""收入（元）"": ""17.84""}"
2026-07-20,文章底部广告,8844,999,0.113,2,0.002,1.4,1.4,"{""时间"": ""2026-07-20"", ""拉取量"": ""8,844"", ""曝光量"": ""999"", ""曝光率"": ""11.30%"", ""点击量"": ""2"", ""点击率"": ""0.20%"", ""eCPM（元）"": ""1.40"", ""收入（元）"": ""1.40""}"
2026-07-20,留言区广告,6729,310,0.0461,0,0.0,3.19,0.99,"{""时间"": ""2026-07-20"", ""拉取量"": ""6,729"", ""曝光量"": ""310"", ""曝光率"": ""4.61%"", ""点击量"": ""0"", ""点击率"": ""0.00%"", ""eCPM（元）"": ""3.19"", ""收入（元）"": ""0.99""}"
2026-07-21,文章中部广告,16656,6906,0.4146,33,0.0048,2.14,14.76,"{""时间"": ""2026-07-21"", ""拉取量"": ""16,656"", ""曝光量"": ""6,906"", ""曝光率"": ""41.46%"", ""点击量"": ""33"", ""点击率"": ""0.48%"", ""eCPM（元）"": ""2.14"", ""收入（元）"": ""14.76""}"
2026-07-21,文章底部广告,8407,922,0.1097,3,0.0033,2.68,2.47,"{""时间"": ""2026-07-21"", ""拉取量"": ""8,407"", ""曝光量"": ""922"", ""曝光率"": ""10.97%"", ""点击量"": ""3"", ""点击率"": ""0.33%"", ""eCPM（元）"": ""2.68"", ""收入（元）"": ""2.47""}"
2026-07-21,留言区广告,7834,383,0.0489,2,0.0052,2.22,0.85,"{""时间"": ""2026-07-21"", ""拉取量"": ""7,834"", ""曝光量"": ""383"", ""曝光率"": ""4.89%"", ""点击量"": ""2"", ""点击率"": ""0.52%"", ""eCPM（元）"": ""2.22"", ""收入（元）"": ""0.85""}"
2026-07-22,文章中部广告,17345,7229,0.4168,37,0.0051,3.64,26.31,"{""时间"": ""2026-07-22"", ""拉取量"": ""17,345"", ""曝光量"": ""7,229"", ""曝光率"": ""41.68%"", ""点击量"": ""37"", ""点击率"": ""0.51%"", ""eCPM（元）"": ""3.64"", ""收入（元）"": ""26.31""}"
2026-07-22,文章底部广告,8767,938,0.107,8,0.0085,2.27,2.13,"{""时间"": ""2026-07-22"", ""拉取量"": ""8,767"", ""曝光量"": ""938"", ""曝光率"": ""10.70%"", ""点击量"": ""8"", ""点击率"": ""0.85%"", ""eCPM（元）"": ""2.27"", ""收入（元）"": ""2.13""}"
2026-07-22,留言区广告,9886,464,0.046900000000000004,4,0.0086,2.95,1.37,"{""时间"": ""2026-07-22"", ""拉取量"": ""9,886"", ""曝光量"": ""464"", ""曝光率"": ""4.69%"", ""点击量"": ""4"", ""点击率"": ""0.86%"", ""eCPM（元）"": ""2.95"", ""收入（元）"": ""1.37""}"
2026-07-22,贴图底部推荐流广告,25,2,0.08,0,0.0,0.0,0.0,"{""时间"": ""2026-07-22"", ""拉取量"": ""25"", ""曝光量"": ""2"", ""曝光率"": ""8.00%"", ""点击量"": ""0"", ""点击率"": ""0.00%"", ""eCPM（元）"": ""0.00"", ""收入（元）"": ""0.00""}"
2026-07-23,文章中部广告,22728,9822,0.4322,47,0.0048,1.81,17.82,"{""时间"": ""2026-07-23"", ""拉取量"": ""22,728"", ""曝光量"": ""9,822"", ""曝光率"": ""43.22%"", ""点击量"": ""47"", ""点击率"": ""0.48%"", ""eCPM（元）"": ""1.81"", ""收入（元）"": ""17.82""}"
2026-07-23,文章底部广告,11439,1326,0.1159,3,0.0023,1.76,2.33,"{""时间"": ""2026-07-23"", ""拉取量"": ""11,439"", ""曝光量"": ""1,326"", ""曝光率"": ""11.59%"", ""点击量"": ""3"", ""点击率"": ""0.23%"", ""eCPM（元）"": ""1.76"", ""收入（元）"": ""2.33""}"
2026-07-23,留言区广告,14612,607,0.0415,1,0.0016,2.29,1.39,"{""时间"": ""2026-07-23"", ""拉取量"": ""14,612"", ""曝光量"": ""607"", ""曝光率"": ""4.15%"", ""点击量"": ""1"", ""点击率"": ""0.16%"", ""eCPM（元）"": ""2.29"", ""收入（元）"": ""1.39""}"
2026-07-24,文章中部广告,17688,6604,0.3734,33,0.005,2.66,17.54,"{""时间"": ""2026-07-24"", ""拉取量"": ""17,688"", ""曝光量"": ""6,604"", ""曝光率"": ""37.34%"", ""点击量"": ""33"", ""点击率"": ""0.50%"", ""eCPM（元）"": ""2.66"", ""收入（元）"": ""17.54""}"
2026-07-24,文章底部广告,8946,840,0.09390000000000001,1,0.0012,1.89,1.59,"{""时间"": ""2026-07-24"", ""拉取量"": ""8,946"", ""曝光量"": ""840"", ""曝光率"": ""9.39%"", ""点击量"": ""1"", ""点击率"": ""0.12%"", ""eCPM（元）"": ""1.89"", ""收入（元）"": ""1.59""}"
2026-07-24,留言区广告,14522,529,0.0364,5,0.0095,2.25,1.19,"{""时间"": ""2026-07-24"", ""拉取量"": ""14,522"", ""曝光量"": ""529"", ""曝光率"": ""3.64%"", ""点击量"": ""5"", ""点击率"": ""0.95%"", ""eCPM（元）"": ""2.25"", ""收入（元）"": ""1.19""}"
2026-07-24,贴图底部推荐流广告,6,1,0.16670000000000001,0,0.0,0.0,0.0,"{""时间"": ""2026-07-24"", ""拉取量"": ""6"", ""曝光量"": ""1"", ""曝光率"": ""16.67%"", ""点击量"": ""0"", ""点击率"": ""0.00%"", ""eCPM（元）"": ""0.00"", ""收入（元）"": ""0.00""}"
2026-07-25,文章中部广告,9388,3967,0.4226,26,0.0066,3.58,14.2,"{""时间"": ""2026-07-25"", ""拉取量"": ""9,388"", ""曝光量"": ""3,967"", ""曝光率"": ""42.26%"", ""点击量"": ""26"", ""点击率"": ""0.66%"", ""eCPM（元）"": ""3.58"", ""收入（元）"": ""14.20""}"
2026-07-25,文章底部广告,4759,468,0.0983,4,0.0085,2.39,1.12,"{""时间"": ""2026-07-25"", ""拉取量"": ""4,759"", ""曝光量"": ""468"", ""曝光率"": ""9.83%"", ""点击量"": ""4"", ""点击率"": ""0.85%"", ""eCPM（元）"": ""2.39"", ""收入（元）"": ""1.12""}"
2026-07-25,留言区广告,6974,264,0.0379,3,0.011399999999999999,2.8,0.74,"{""时间"": ""2026-07-25"", ""拉取量"": ""6,974"", ""曝光量"": ""264"", ""曝光率"": ""3.79%"", ""点击量"": ""3"", ""点击率"": ""1.14%"", ""eCPM（元）"": ""2.80"", ""收入（元）"": ""0.74""}"
2026-07-26,文章中部广告,7725,3294,0.4264,20,0.0060999999999999995,3.67,12.08,"{""时间"": ""2026-07-26"", ""拉取量"": ""7,725"", ""曝光量"": ""3,294"", ""曝光率"": ""42.64%"", ""点击量"": ""20"", ""点击率"": ""0.61%"", ""eCPM（元）"": ""3.67"", ""收入（元）"": ""12.08""}"
2026-07-26,文章底部广告,3894,355,0.09119999999999999,2,0.005600000000000001,2.2,0.78,"{""时间"": ""2026-07-26"", ""拉取量"": ""3,894"", ""曝光量"": ""355"", ""曝光率"": ""9.12%"", ""点击量"": ""2"", ""点击率"": ""0.56%"", ""eCPM（元）"": ""2.20"", ""收入（元）"": ""0.78""}"
2026-07-26,留言区广告,5155,148,0.0287,0,0.0,3.18,0.47,"{""时间"": ""2026-07-26"", ""拉取量"": ""5,155"", ""曝光量"": ""148"", ""曝光率"": ""2.87%"", ""点击量"": ""0"", ""点击率"": ""0.00%"", ""eCPM（元）"": ""3.18"", ""收入（元）"": ""0.47""}"
2026-07-27,文章中部广告,17655,7818,0.4428,51,0.006500000000000001,2.4,18.8,"{""时间"": ""2026-07-27"", ""拉取量"": ""17,655"", ""曝光量"": ""7,818"", ""曝光率"": ""44.28%"", ""点击量"": ""51"", ""点击率"": ""0.65%"", ""eCPM（元）"": ""2.40"", ""收入（元）"": ""18.80""}"
2026-07-27,文章底部广告,8893,976,0.1097,5,0.0051,2.03,1.98,"{""时间"": ""2026-07-27"", ""拉取量"": ""8,893"", ""曝光量"": ""976"", ""曝光率"": ""10.97%"", ""点击量"": ""5"", ""点击率"": ""0.51%"", ""eCPM（元）"": ""2.03"", ""收入（元）"": ""1.98""}"
2026-07-27,留言区广告,9705,399,0.041100000000000005,1,0.0025,2.51,1.0,"{""时间"": ""2026-07-27"", ""拉取量"": ""9,705"", ""曝光量"": ""399"", ""曝光率"": ""4.11%"", ""点击量"": ""1"", ""点击率"": ""0.25%"", ""eCPM（元）"": ""2.51"", ""收入（元）"": ""1.00""}"
2026-07-27,贴图底部推荐流广告,11,1,0.0909,0,0.0,0.0,0.0,"{""时间"": ""2026-07-27"", ""拉取量"": ""11"", ""曝光量"": ""1"", ""曝光率"": ""9.09%"", ""点击量"": ""0"", ""点击率"": ""0.00%"", ""eCPM（元）"": ""0.00"", ""收入（元）"": ""0.00""}"
2026-07-28,文章中部广告,15960,7130,0.44670000000000004,42,0.0059,3.14,22.41,"{""时间"": ""2026-07-28"", ""拉取量"": ""15,960"", ""曝光量"": ""7,130"", ""曝光率"": ""44.67%"", ""点击量"": ""42"", ""点击率"": ""0.59%"", ""eCPM（元）"": ""3.14"", ""收入（元）"": ""22.41""}"
2026-07-28,文章底部广告,8056,880,0.1092,3,0.0034000000000000002,2.78,2.45,"{""时间"": ""2026-07-28"", ""拉取量"": ""8,056"", ""曝光量"": ""880"", ""曝光率"": ""10.92%"", ""点击量"": ""3"", ""点击率"": ""0.34%"", ""eCPM（元）"": ""2.78"", ""收入（元）"": ""2.45""}"
2026-07-28,留言区广告,8091,333,0.0412,1,0.003,3.33,1.11,"{""时间"": ""2026-07-28"", ""拉取量"": ""8,091"", ""曝光量"": ""333"", ""曝光率"": ""4.12%"", ""点击量"": ""1"", ""点击率"": ""0.30%"", ""eCPM（元）"": ""3.33"", ""收入（元）"": ""1.11""}"
2026-07-28,贴图底部推荐流广告,12,2,0.16670000000000001,0,0.0,0.0,0.0,"{""时间"": ""2026-07-28"", ""拉取量"": ""12"", ""曝光量"": ""2"", ""曝光率"": ""16.67%"", ""点击量"": ""0"", ""点击率"": ""0.00%"", ""eCPM（元）"": ""0.00"", ""收入（元）"": ""0.00""}"
2026-07-29,文章中部广告,11939,5458,0.4572,30,0.0055000000000000005,2.45,13.39,"{""时间"": ""2026-07-29"", ""拉取量"": ""11,939"", ""曝光量"": ""5,458"", ""曝光率"": ""45.72%"", ""点击量"": ""30"", ""点击率"": ""0.55%"", ""eCPM（元）"": ""2.45"", ""收入（元）"": ""13.39""}"
2026-07-29,文章底部广告,5988,659,0.1101,1,0.0015,1.71,1.13,"{""时间"": ""2026-07-29"", ""拉取量"": ""5,988"", ""曝光量"": ""659"", ""曝光率"": ""11.01%"", ""点击量"": ""1"", ""点击率"": ""0.15%"", ""eCPM（元）"": ""1.71"", ""收入（元）"": ""1.13""}"
2026-07-29,留言区广告,7504,302,0.04019999999999999,0,0.0,1.92,0.58,"{""时间"": ""2026-07-29"", ""拉取量"": ""7,504"", ""曝光量"": ""302"", ""曝光率"": ""4.02%"", ""点击量"": ""0"", ""点击率"": ""0.00%"", ""eCPM（元）"": ""1.92"", ""收入（元）"": ""0.58""}"
2026-07-30,文章中部广告,12951,5876,0.4537,22,0.0037,2.76,16.22,"{""时间"": ""2026-07-30"", ""拉取量"": ""12,951"", ""曝光量"": ""5,876"", ""曝光率"": ""45.37%"", ""点击量"": ""22"", ""点击率"": ""0.37%"", ""eCPM（元）"": ""2.76"", ""收入（元）"": ""16.22""}"
2026-07-30,文章底部广告,6533,693,0.1061,1,0.0014000000000000002,2.71,1.88,"{""时间"": ""2026-07-30"", ""拉取量"": ""6,533"", ""曝光量"": ""693"", ""曝光率"": ""10.61%"", ""点击量"": ""1"", ""点击率"": ""0.14%"", ""eCPM（元）"": ""2.71"", ""收入（元）"": ""1.88""}"
2026-07-30,留言区广告,8954,353,0.0394,2,0.005699999999999999,3.54,1.25,"{""时间"": ""2026-07-30"", ""拉取量"": ""8,954"", ""曝光量"": ""353"", ""曝光率"": ""3.94%"", ""点击量"": ""2"", ""点击率"": ""0.57%"", ""eCPM（元）"": ""3.54"", ""收入（元）"": ""1.25""}"
2026-07-30,贴图底部推荐流广告,17,1,0.0588,0,0.0,0.0,0.0,"{""时间"": ""2026-07-30"", ""拉取量"": ""17"", ""曝光量"": ""1"", ""曝光率"": ""5.88%"", ""点击量"": ""0"", ""点击率"": ""0.00%"", ""eCPM（元）"": ""0.00"", ""收入（元）"": ""0.00""}"
2026-07-31,文章中部广告,12435,5774,0.4643,32,0.0055000000000000005,2.73,15.78,"{""时间"": ""2026-07-31"", ""拉取量"": ""12,435"", ""曝光量"": ""5,774"", ""曝光率"": ""46.43%"", ""点击量"": ""32"", ""点击率"": ""0.55%"", ""eCPM（元）"": ""2.73"", ""收入（元）"": ""15.78""}"
2026-07-31,文章底部广告,6270,746,0.11900000000000001,1,0.0013,3.69,2.75,"{""时间"": ""2026-07-31"", ""拉取量"": ""6,270"", ""曝光量"": ""746"", ""曝光率"": ""11.90%"", ""点击量"": ""1"", ""点击率"": ""0.13%"", ""eCPM（元）"": ""3.69"", ""收入（元）"": ""2.75""}"
2026-07-31,留言区广告,7606,321,0.042199999999999994,0,0.0,3.68,1.18,"{""时间"": ""2026-07-31"", ""拉取量"": ""7,606"", ""曝光量"": ""321"", ""曝光率"": ""4.22%"", ""点击量"": ""0"", ""点击率"": ""0.00%"", ""eCPM（元）"": ""3.68"", ""收入（元）"": ""1.18""}"
2026-08-01,文章中部广告,13949,6592,0.47259999999999996,39,0.0059,2.8,18.45,"{""时间"": ""2026-08-01"", ""拉取量"": ""13,949"", ""曝光量"": ""6,592"", ""曝光率"": ""47.26%"", ""点击量"": ""39"", ""点击率"": ""0.59%"", ""eCPM（元）"": ""2.80"", ""收入（元）"": ""18.45""}"
2026-08-01,文章底部广告,7011,686,0.0978,2,0.0029,2.99,2.05,"{""时间"": ""2026-08-01"", ""拉取量"": ""7,011"", ""曝光量"": ""686"", ""曝光率"": ""9.78%"", ""点击量"": ""2"", ""点击率"": ""0.29%"", ""eCPM（元）"": ""2.99"", ""收入（元）"": ""2.05""}"
2026-08-01,留言区广告,8371,311,0.037200000000000004,3,0.0096,2.8,0.87,"{""时间"": ""2026-08-01"", ""拉取量"": ""8,371"", ""曝光量"": ""311"", ""曝光率"": ""3.72%"", ""点击量"": ""3"", ""点击率"": ""0.96%"", ""eCPM（元）"": ""2.80"", ""收入（元）"": ""0.87""}"
2026-08-02,文章中部广告,13111,6115,0.4664,35,0.005699999999999999,3.6,21.99,"{""时间"": ""2026-08-02"", ""拉取量"": ""13,111"", ""曝光量"": ""6,115"", ""曝光率"": ""46.64%"", ""点击量"": ""35"", ""点击率"": ""0.57%"", ""eCPM（元）"": ""3.60"", ""收入（元）"": ""21.99""}"
2026-08-02,文章底部广告,6576,584,0.0888,0,0.0,3.07,1.79,"{""时间"": ""2026-08-02"", ""拉取量"": ""6,576"", ""曝光量"": ""584"", ""曝光率"": ""8.88%"", ""点击量"": ""0"", ""点击率"": ""0.00%"", ""eCPM（元）"": ""3.07"", ""收入（元）"": ""1.79""}"
2026-08-02,留言区广告,10544,396,0.037599999999999995,0,0.0,3.76,1.49,"{""时间"": ""2026-08-02"", ""拉取量"": ""10,544"", ""曝光量"": ""396"", ""曝光率"": ""3.76%"", ""点击量"": ""0"", ""点击率"": ""0.00%"", ""eCPM（元）"": ""3.76"", ""收入（元）"": ""1.49""}"
2026-08-03,文章中部广告,14528,6740,0.4639,35,0.0052,2.1,14.16,"{""时间"": ""2026-08-03"", ""拉取量"": ""14,528"", ""曝光量"": ""6,740"", ""曝光率"": ""46.39%"", ""点击量"": ""35"", ""点击率"": ""0.52%"", ""eCPM（元）"": ""2.10"", ""收入（元）"": ""14.16""}"
2026-08-03,文章底部广告,7290,781,0.10710000000000001,4,0.0051,1.57,1.23,"{""时间"": ""2026-08-03"", ""拉取量"": ""7,290"", ""曝光量"": ""781"", ""曝光率"": ""10.71%"", ""点击量"": ""4"", ""点击率"": ""0.51%"", ""eCPM（元）"": ""1.57"", ""收入（元）"": ""1.23""}"
2026-08-03,留言区广告,9564,361,0.0377,1,0.0028000000000000004,1.91,0.69,"{""时间"": ""2026-08-03"", ""拉取量"": ""9,564"", ""曝光量"": ""361"", ""曝光率"": ""3.77%"", ""点击量"": ""1"", ""点击率"": ""0.28%"", ""eCPM（元）"": ""1.91"", ""收入（元）"": ""0.69""}"
2026-08-04,文章中部广告,16194,7795,0.4814,44,0.005600000000000001,3.17,24.74,"{""时间"": ""2026-08-04"", ""拉取量"": ""16,194"", ""曝光量"": ""7,795"", ""曝光率"": ""48.14%"", ""点击量"": ""44"", ""点击率"": ""0.56%"", ""eCPM（元）"": ""3.17"", ""收入（元）"": ""24.74""}"
2026-08-04,文章底部广告,8120,869,0.107,4,0.0046,2.67,2.32,"{""时间"": ""2026-08-04"", ""拉取量"": ""8,120"", ""曝光量"": ""869"", ""曝光率"": ""10.70%"", ""点击量"": ""4"", ""点击率"": ""0.46%"", ""eCPM（元）"": ""2.67"", ""收入（元）"": ""2.32""}"
2026-08-04,留言区广告,8816,343,0.038900000000000004,3,0.0087,1.9,0.65,"{""时间"": ""2026-08-04"", ""拉取量"": ""8,816"", ""曝光量"": ""343"", ""曝光率"": ""3.89%"", ""点击量"": ""3"", ""点击率"": ""0.87%"", ""eCPM（元）"": ""1.90"", ""收入（元）"": ""0.65""}"
2026-08-05,文章中部广告,26727,13848,0.5181,55,0.004,2.27,31.37,"{""时间"": ""2026-08-05"", ""拉取量"": ""26,727"", ""曝光量"": ""13,848"", ""曝光率"": ""51.81%"", ""点击量"": ""55"", ""点击率"": ""0.40%"", ""eCPM（元）"": ""2.27"", ""收入（元）"": ""31.37""}"
2026-08-05,文章底部广告,13394,1771,0.1322,7,0.004,2.07,3.67,"{""时间"": ""2026-08-05"", ""拉取量"": ""13,394"", ""曝光量"": ""1,771"", ""曝光率"": ""13.22%"", ""点击量"": ""7"", ""点击率"": ""0.40%"", ""eCPM（元）"": ""2.07"", ""收入（元）"": ""3.67""}"
2026-08-05,留言区广告,15541,748,0.0481,4,0.0053,2.38,1.78,"{""时间"": ""2026-08-05"", ""拉取量"": ""15,541"", ""曝光量"": ""748"", ""曝光率"": ""4.81%"", ""点击量"": ""4"", ""点击率"": ""0.53%"", ""eCPM（元）"": ""2.38"", ""收入（元）"": ""1.78""}"
2026-08-06,文章中部广告,20887,10918,0.5227,61,0.005600000000000001,3.35,36.56,"{""时间"": ""2026-08-06"", ""拉取量"": ""20,887"", ""曝光量"": ""10,918"", ""曝光率"": ""52.27%"", ""点击量"": ""61"", ""点击率"": ""0.56%"", ""eCPM（元）"": ""3.35"", ""收入（元）"": ""36.56""}"
2026-08-06,文章底部广告,10459,1367,0.1307,5,0.0037,3.32,4.54,"{""时间"": ""2026-08-06"", ""拉取量"": ""10,459"", ""曝光量"": ""1,367"", ""曝光率"": ""13.07%"", ""点击量"": ""5"", ""点击率"": ""0.37%"", ""eCPM（元）"": ""3.32"", ""收入（元）"": ""4.54""}"
2026-08-06,留言区广告,17797,1011,0.056799999999999996,5,0.0049,3.86,3.9,"{""时间"": ""2026-08-06"", ""拉取量"": ""17,797"", ""曝光量"": ""1,011"", ""曝光率"": ""5.68%"", ""点击量"": ""5"", ""点击率"": ""0.49%"", ""eCPM（元）"": ""3.86"", ""收入（元）"": ""3.90""}"
2026-08-07,文章中部广告,17363,8303,0.4782,48,0.0058,3.1,25.72,"{""时间"": ""2026-08-07"", ""拉取量"": ""17,363"", ""曝光量"": ""8,303"", ""曝光率"": ""47.82%"", ""点击量"": ""48"", ""点击率"": ""0.58%"", ""eCPM（元）"": ""3.10"", ""收入（元）"": ""25.72""}"
2026-08-07,文章底部广告,8690,968,0.1114,2,0.0021,2.79,2.7,"{""时间"": ""2026-08-07"", ""拉取量"": ""8,690"", ""曝光量"": ""968"", ""曝光率"": ""11.14%"", ""点击量"": ""2"", ""点击率"": ""0.21%"", ""eCPM（元）"": ""2.79"", ""收入（元）"": ""2.70""}"
2026-08-07,留言区广告,12923,616,0.04769999999999999,2,0.0032,3.36,2.07,"{""时间"": ""2026-08-07"", ""拉取量"": ""12,923"", ""曝光量"": ""616"", ""曝光率"": ""4.77%"", ""点击量"": ""2"", ""点击率"": ""0.32%"", ""eCPM（元）"": ""3.36"", ""收入（元）"": ""2.07""}"
2026-08-08,文章中部广告,11423,5531,0.4842,32,0.0058,4.26,23.58,"{""时间"": ""2026-08-08"", ""拉取量"": ""11,423"", ""曝光量"": ""5,531"", ""曝光率"": ""48.42%"", ""点击量"": ""32"", ""点击率"": ""0.58%"", ""eCPM（元）"": ""4.26"", ""收入（元）"": ""23.58""}"
2026-08-08,文章底部广告,5736,598,0.1043,1,0.0017000000000000001,4.9,2.93,"{""时间"": ""2026-08-08"", ""拉取量"": ""5,736"", ""曝光量"": ""598"", ""曝光率"": ""10.43%"", ""点击量"": ""1"", ""点击率"": ""0.17%"", ""eCPM（元）"": ""4.90"", ""收入（元）"": ""2.93""}"
2026-08-08,留言区广告,7565,319,0.042199999999999994,2,0.0063,4.08,1.3,"{""时间"": ""2026-08-08"", ""拉取量"": ""7,565"", ""曝光量"": ""319"", ""曝光率"": ""4.22%"", ""点击量"": ""2"", ""点击率"": ""0.63%"", ""eCPM（元）"": ""4.08"", ""收入（元）"": ""1.30""}"
2026-08-09,文章中部广告,11156,4607,0.413,30,0.006500000000000001,3.92,18.07,"{""时间"": ""2026-08-09"", ""拉取量"": ""11,156"", ""曝光量"": ""4,607"", ""曝光率"": ""41.30%"", ""点击量"": ""30"", ""点击率"": ""0.65%"", ""eCPM（元）"": ""3.92"", ""收入（元）"": ""18.07""}"
2026-08-09,文章底部广告,5599,542,0.0968,0,0.0,2.9,1.57,"{""时间"": ""2026-08-09"", ""拉取量"": ""5,599"", ""曝光量"": ""542"", ""曝光率"": ""9.68%"", ""点击量"": ""0"", ""点击率"": ""0.00%"", ""eCPM（元）"": ""2.90"", ""收入（元）"": ""1.57""}"
2026-08-09,留言区广告,7737,283,0.0366,0,0.0,3.78,1.07,"{""时间"": ""2026-08-09"", ""拉取量"": ""7,737"", ""曝光量"": ""283"", ""曝光率"": ""3.66%"", ""点击量"": ""0"", ""点击率"": ""0.00%"", ""eCPM（元）"": ""3.78"", ""收入（元）"": ""1.07""}"
2026-08-10,文章中部广告,14832,7096,0.47840000000000005,51,0.0072,3.28,23.28,"{""时间"": ""2026-08-10"", ""拉取量"": ""14,832"", ""曝光量"": ""7,096"", ""曝光率"": ""47.84%"", ""点击量"": ""51"", ""点击率"": ""0.72%"", ""eCPM（元）"": ""3.28"", ""收入（元）"": ""23.28""}"
2026-08-10,文章底部广告,7429,864,0.11630000000000001,5,0.0058,2.35,2.03,"{""时间"": ""2026-08-10"", ""拉取量"": ""7,429"", ""曝光量"": ""864"", ""曝光率"": ""11.63%"", ""点击量"": ""5"", ""点击率"": ""0.58%"", ""eCPM（元）"": ""2.35"", ""收入（元）"": ""2.03""}"
2026-08-10,留言区广告,7910,378,0.0478,1,0.0026,2.72,1.03,"{""时间"": ""2026-08-10"", ""拉取量"": ""7,910"", ""曝光量"": ""378"", ""曝光率"": ""4.78%"", ""点击量"": ""1"", ""点击率"": ""0.26%"", ""eCPM（元）"": ""2.72"", ""收入（元）"": ""1.03""}"
2026-08-11,文章中部广告,12235,5854,0.47850000000000004,37,0.0063,3.66,21.42,"{""时间"": ""2026-08-11"", ""拉取量"": ""12,235"", ""曝光量"": ""5,854"", ""曝光率"": ""47.85%"", ""点击量"": ""37"", ""点击率"": ""0.63%"", ""eCPM（元）"": ""3.66"", ""收入（元）"": ""21.42""}"
2026-08-11,文章底部广告,6133,663,0.1081,2,0.003,3.21,2.13,"{""时间"": ""2026-08-11"", ""拉取量"": ""6,133"", ""曝光量"": ""663"", ""曝光率"": ""10.81%"", ""点击量"": ""2"", ""点击率"": ""0.30%"", ""eCPM（元）"": ""3.21"", ""收入（元）"": ""2.13""}"
2026-08-11,留言区广告,6335,274,0.0433,2,0.0073,2.88,0.79,"{""时间"": ""2026-08-11"", ""拉取量"": ""6,335"", ""曝光量"": ""274"", ""曝光率"": ""4.33%"", ""点击量"": ""2"", ""点击率"": ""0.73%"", ""eCPM（元）"": ""2.88"", ""收入（元）"": ""0.79""}"
2026-08-12,文章中部广告,13334,6273,0.4705,28,0.0045000000000000005,3.12,19.59,"{""时间"": ""2026-08-12"", ""拉取量"": ""13,334"", ""曝光量"": ""6,273"", ""曝光率"": ""47.05%"", ""点击量"": ""28"", ""点击率"": ""0.45%"", ""eCPM（元）"": ""3.12"", ""收入（元）"": ""19.59""}"
2026-08-12,文章底部广告,6676,730,0.1093,2,0.0027,2.44,1.78,"{""时间"": ""2026-08-12"", ""拉取量"": ""6,676"", ""曝光量"": ""730"", ""曝光率"": ""10.93%"", ""点击量"": ""2"", ""点击率"": ""0.27%"", ""eCPM（元）"": ""2.44"", ""收入（元）"": ""1.78""}"
2026-08-12,留言区广告,7803,311,0.039900000000000005,0,0.0,2.48,0.77,"{""时间"": ""2026-08-12"", ""拉取量"": ""7,803"", ""曝光量"": ""311"", ""曝光率"": ""3.99%"", ""点击量"": ""0"", ""点击率"": ""0.00%"", ""eCPM（元）"": ""2.48"", ""收入（元）"": ""0.77""}"
2026-08-13,文章中部广告,14837,6948,0.4683,32,0.0046,3.2,22.22,"{""时间"": ""2026-08-13"", ""拉取量"": ""14,837"", ""曝光量"": ""6,948"", ""曝光率"": ""46.83%"", ""点击量"": ""32"", ""点击率"": ""0.46%"", ""eCPM（元）"": ""3.20"", ""收入（元）"": ""22.22""}"
2026-08-13,文章底部广告,7434,767,0.1032,2,0.0026,2.19,1.68,"{""时间"": ""2026-08-13"", ""拉取量"": ""7,434"", ""曝光量"": ""767"", ""曝光率"": ""10.32%"", ""点击量"": ""2"", ""点击率"": ""0.26%"", ""eCPM（元）"": ""2.19"", ""收入（元）"": ""1.68""}"
2026-08-13,留言区广告,6536,262,0.0401,2,0.0076,2.4,0.63,"{""时间"": ""2026-08-13"", ""拉取量"": ""6,536"", ""曝光量"": ""262"", ""曝光率"": ""4.01%"", ""点击量"": ""2"", ""点击率"": ""0.76%"", ""eCPM（元）"": ""2.40"", ""收入（元）"": ""0.63""}"
2026-08-14,文章中部广告,16765,7914,0.4721,47,0.0059,3.18,25.16,"{""时间"": ""2026-08-14"", ""拉取量"": ""16,765"", ""曝光量"": ""7,914"", ""曝光率"": ""47.21%"", ""点击量"": ""47"", ""点击率"": ""0.59%"", ""eCPM（元）"": ""3.18"", ""收入（元）"": ""25.16""}"
2026-08-14,文章底部广告,8408,880,0.1047,4,0.0045000000000000005,2.52,2.22,"{""时间"": ""2026-08-14"", ""拉取量"": ""8,408"", ""曝光量"": ""880"", ""曝光率"": ""10.47%"", ""点击量"": ""4"", ""点击率"": ""0.45%"", ""eCPM（元）"": ""2.52"", ""收入（元）"": ""2.22""}"
2026-08-14,留言区广告,6834,262,0.0383,0,0.0,3.4,0.89,"{""时间"": ""2026-08-14"", ""拉取量"": ""6,834"", ""曝光量"": ""262"", ""曝光率"": ""3.83%"", ""点击量"": ""0"", ""点击率"": ""0.00%"", ""eCPM（元）"": ""3.40"", ""收入（元）"": ""0.89""}"
2026-08-15,文章中部广告,9611,4517,0.47,29,0.0064,3.67,16.56,"{""时间"": ""2026-08-15"", ""拉取量"": ""9,611"", ""曝光量"": ""4,517"", ""曝光率"": ""47.00%"", ""点击量"": ""29"", ""点击率"": ""0.64%"", ""eCPM（元）"": ""3.67"", ""收入（元）"": ""16.56""}"
2026-08-15,文章底部广告,4830,509,0.1054,3,0.0059,2.55,1.3,"{""时间"": ""2026-08-15"", ""拉取量"": ""4,830"", ""曝光量"": ""509"", ""曝光率"": ""10.54%"", ""点击量"": ""3"", ""点击率"": ""0.59%"", ""eCPM（元）"": ""2.55"", ""收入（元）"": ""1.30""}"
2026-08-15,留言区广告,5081,197,0.0388,0,0.0,3.3,0.65,"{""时间"": ""2026-08-15"", ""拉取量"": ""5,081"", ""曝光量"": ""197"", ""曝光率"": ""3.88%"", ""点击量"": ""0"", ""点击率"": ""0.00%"", ""eCPM（元）"": ""3.30"", ""收入（元）"": ""0.65""}"
2026-08-16,文章中部广告,16548,8182,0.49439999999999995,41,0.005,3.98,32.6,"{""时间"": ""2026-08-16"", ""拉取量"": ""16,548"", ""曝光量"": ""8,182"", ""曝光率"": ""49.44%"", ""点击量"": ""41"", ""点击率"": ""0.50%"", ""eCPM（元）"": ""3.98"", ""收入（元）"": ""32.60""}"
2026-08-16,文章底部广告,8290,844,0.1018,4,0.004699999999999999,3.61,3.05,"{""时间"": ""2026-08-16"", ""拉取量"": ""8,290"", ""曝光量"": ""844"", ""曝光率"": ""10.18%"", ""点击量"": ""4"", ""点击率"": ""0.47%"", ""eCPM（元）"": ""3.61"", ""收入（元）"": ""3.05""}"
2026-08-16,留言区广告,8562,363,0.0424,1,0.0028000000000000004,4.41,1.6,"{""时间"": ""2026-08-16"", ""拉取量"": ""8,562"", ""曝光量"": ""363"", ""曝光率"": ""4.24%"", ""点击量"": ""1"", ""点击率"": ""0.28%"", ""eCPM（元）"": ""4.41"", ""收入（元）"": ""1.60""}"
2026-08-17,文章中部广告,23511,11452,0.48710000000000003,49,0.0043,3.75,42.99,"{""时间"": ""2026-08-17"", ""拉取量"": ""23,511"", ""曝光量"": ""11,452"", ""曝光率"": ""48.71%"", ""点击量"": ""49"", ""点击率"": ""0.43%"", ""eCPM（元）"": ""3.75"", ""收入（元）"": ""42.99""}"
2026-08-17,文章底部广告,11754,1228,0.1045,5,0.0040999999999999995,2.6,3.19,"{""时间"": ""2026-08-17"", ""拉取量"": ""11,754"", ""曝光量"": ""1,228"", ""曝光率"": ""10.45%"", ""点击量"": ""5"", ""点击率"": ""0.41%"", ""eCPM（元）"": ""2.60"", ""收入（元）"": ""3.19""}"
2026-08-17,留言区广告,15751,700,0.0444,5,0.0070999999999999995,3.76,2.63,"{""时间"": ""2026-08-17"", ""拉取量"": ""15,751"", ""曝光量"": ""700"", ""曝光率"": ""4.44%"", ""点击量"": ""5"", ""点击率"": ""0.71%"", ""eCPM（元）"": ""3.76"", ""收入（元）"": ""2.63""}"
2026-08-18,文章中部广告,18170,8744,0.48119999999999996,36,0.0040999999999999995,3.75,32.79,"{""时间"": ""2026-08-18"", ""拉取量"": ""18,170"", ""曝光量"": ""8,744"", ""曝光率"": ""48.12%"", ""点击量"": ""36"", ""点击率"": ""0.41%"", ""eCPM（元）"": ""3.75"", ""收入（元）"": ""32.79""}"
2026-08-18,文章底部广告,9074,1011,0.1114,3,0.003,2.27,2.3,"{""时间"": ""2026-08-18"", ""拉取量"": ""9,074"", ""曝光量"": ""1,011"", ""曝光率"": ""11.14%"", ""点击量"": ""3"", ""点击率"": ""0.30%"", ""eCPM（元）"": ""2.27"", ""收入（元）"": ""2.30""}"
2026-08-18,留言区广告,10987,509,0.0463,0,0.0,2.28,1.16,"{""时间"": ""2026-08-18"", ""拉取量"": ""10,987"", ""曝光量"": ""509"", ""曝光率"": ""4.63%"", ""点击量"": ""0"", ""点击率"": ""0.00%"", ""eCPM（元）"": ""2.28"", ""收入（元）"": ""1.16""}"
2026-08-18,贴图底部推荐流广告,368,29,0.0788,0,0.0,1.72,0.05,"{""时间"": ""2026-08-18"", ""拉取量"": ""368"", ""曝光量"": ""29"", ""曝光率"": ""7.88%"", ""点击量"": ""0"", ""点击率"": ""0.00%"", ""eCPM（元）"": ""1.72"", ""收入（元）"": ""0.05""}"
2026-08-19,文章中部广告,15811,7461,0.4719,38,0.0051,2.98,22.2,"{""时间"": ""2026-08-19"", ""拉取量"": ""15,811"", ""曝光量"": ""7,461"", ""曝光率"": ""47.19%"", ""点击量"": ""38"", ""点击率"": ""0.51%"", ""eCPM（元）"": ""2.98"", ""收入（元）"": ""22.20""}"
2026-08-19,文章底部广告,7904,851,0.10769999999999999,4,0.004699999999999999,3.58,3.05,"{""时间"": ""2026-08-19"", ""拉取量"": ""7,904"", ""曝光量"": ""851"", ""曝光率"": ""10.77%"", ""点击量"": ""4"", ""点击率"": ""0.47%"", ""eCPM（元）"": ""3.58"", ""收入（元）"": ""3.05""}"
2026-08-19,留言区广告,8942,369,0.041299999999999996,1,0.0027,3.33,1.23,"{""时间"": ""2026-08-19"", ""拉取量"": ""8,942"", ""曝光量"": ""369"", ""曝光率"": ""4.13%"", ""点击量"": ""1"", ""点击率"": ""0.27%"", ""eCPM（元）"": ""3.33"", ""收入（元）"": ""1.23""}"
2026-08-19,贴图底部推荐流广告,657,57,0.0868,1,0.0175,2.63,0.15,"{""时间"": ""2026-08-19"", ""拉取量"": ""657"", ""曝光量"": ""57"", ""曝光率"": ""8.68%"", ""点击量"": ""1"", ""点击率"": ""1.75%"", ""eCPM（元）"": ""2.63"", ""收入（元）"": ""0.15""}"
2026-08-20,文章中部广告,15565,7519,0.48310000000000003,35,0.004699999999999999,2.77,20.85,"{""时间"": ""2026-08-20"", ""拉取量"": ""15,565"", ""曝光量"": ""7,519"", ""曝光率"": ""48.31%"", ""点击量"": ""35"", ""点击率"": ""0.47%"", ""eCPM（元）"": ""2.77"", ""收入（元）"": ""20.85""}"
2026-08-20,文章底部广告,7822,990,0.1266,5,0.0051,2.73,2.7,"{""时间"": ""2026-08-20"", ""拉取量"": ""7,822"", ""曝光量"": ""990"", ""曝光率"": ""12.66%"", ""点击量"": ""5"", ""点击率"": ""0.51%"", ""eCPM（元）"": ""2.73"", ""收入（元）"": ""2.70""}"
2026-08-20,留言区广告,6251,269,0.043,1,0.0037,2.12,0.57,"{""时间"": ""2026-08-20"", ""拉取量"": ""6,251"", ""曝光量"": ""269"", ""曝光率"": ""4.30%"", ""点击量"": ""1"", ""点击率"": ""0.37%"", ""eCPM（元）"": ""2.12"", ""收入（元）"": ""0.57""}"
2026-08-20,贴图底部推荐流广告,650,76,0.11689999999999999,1,0.0132,3.29,0.25,"{""时间"": ""2026-08-20"", ""拉取量"": ""650"", ""曝光量"": ""76"", ""曝光率"": ""11.69%"", ""点击量"": ""1"", ""点击率"": ""1.32%"", ""eCPM（元）"": ""3.29"", ""收入（元）"": ""0.25""}"
2026-08-21,文章中部广告,13936,6485,0.4653,31,0.0048,2.75,17.83,"{""时间"": ""2026-08-21"", ""拉取量"": ""13,936"", ""曝光量"": ""6,485"", ""曝光率"": ""46.53%"", ""点击量"": ""31"", ""点击率"": ""0.48%"", ""eCPM（元）"": ""2.75"", ""收入（元）"": ""17.83""}"
2026-08-21,文章底部广告,6999,784,0.11199999999999999,3,0.0038,2.49,1.95,"{""时间"": ""2026-08-21"", ""拉取量"": ""6,999"", ""曝光量"": ""784"", ""曝光率"": ""11.20%"", ""点击量"": ""3"", ""点击率"": ""0.38%"", ""eCPM（元）"": ""2.49"", ""收入（元）"": ""1.95""}"
2026-08-21,留言区广告,7193,298,0.0414,1,0.0034000000000000002,1.98,0.59,"{""时间"": ""2026-08-21"", ""拉取量"": ""7,193"", ""曝光量"": ""298"", ""曝光率"": ""4.14%"", ""点击量"": ""1"", ""点击率"": ""0.34%"", ""eCPM（元）"": ""1.98"", ""收入（元）"": ""0.59""}"
2026-08-21,贴图底部推荐流广告,425,40,0.0941,2,0.05,3.0,0.12,"{""时间"": ""2026-08-21"", ""拉取量"": ""425"", ""曝光量"": ""40"", ""曝光率"": ""9.41%"", ""点击量"": ""2"", ""点击率"": ""5.00%"", ""eCPM（元）"": ""3.00"", ""收入（元）"": ""0.12""}"
2026-08-22,文章中部广告,8277,3911,0.4725,20,0.0051,5.09,19.89,"{""时间"": ""2026-08-22"", ""拉取量"": ""8,277"", ""曝光量"": ""3,911"", ""曝光率"": ""47.25%"", ""点击量"": ""20"", ""点击率"": ""0.51%"", ""eCPM（元）"": ""5.09"", ""收入（元）"": ""19.89""}"
2026-08-22,文章底部广告,4157,460,0.1107,3,0.006500000000000001,5.26,2.42,"{""时间"": ""2026-08-22"", ""拉取量"": ""4,157"", ""曝光量"": ""460"", ""曝光率"": ""11.07%"", ""点击量"": ""3"", ""点击率"": ""0.65%"", ""eCPM（元）"": ""5.26"", ""收入（元）"": ""2.42""}"
2026-08-22,留言区广告,4292,157,0.0366,1,0.0064,6.75,1.06,"{""时间"": ""2026-08-22"", ""拉取量"": ""4,292"", ""曝光量"": ""157"", ""曝光率"": ""3.66%"", ""点击量"": ""1"", ""点击率"": ""0.64%"", ""eCPM（元）"": ""6.75"", ""收入（元）"": ""1.06""}"
2026-08-22,贴图底部推荐流广告,117,7,0.059800000000000006,0,0.0,4.29,0.03,"{""时间"": ""2026-08-22"", ""拉取量"": ""117"", ""曝光量"": ""7"", ""曝光率"": ""5.98%"", ""点击量"": ""0"", ""点击率"": ""0.00%"", ""eCPM（元）"": ""4.29"", ""收入（元）"": ""0.03""}"
2026-08-23,文章中部广告,11474,5610,0.4889,45,0.008,5.58,31.31,"{""时间"": ""2026-08-23"", ""拉取量"": ""11,474"", ""曝光量"": ""5,610"", ""曝光率"": ""48.89%"", ""点击量"": ""45"", ""点击率"": ""0.80%"", ""eCPM（元）"": ""5.58"", ""收入（元）"": ""31.31""}"
2026-08-23,文章底部广告,6373,820,0.12869999999999998,5,0.0060999999999999995,7.66,6.28,"{""时间"": ""2026-08-23"", ""拉取量"": ""6,373"", ""曝光量"": ""820"", ""曝光率"": ""12.87%"", ""点击量"": ""5"", ""点击率"": ""0.61%"", ""eCPM（元）"": ""7.66"", ""收入（元）"": ""6.28""}"
2026-08-23,留言区广告,4992,228,0.045700000000000005,2,0.0088,5.92,1.35,"{""时间"": ""2026-08-23"", ""拉取量"": ""4,992"", ""曝光量"": ""228"", ""曝光率"": ""4.57%"", ""点击量"": ""2"", ""点击率"": ""0.88%"", ""eCPM（元）"": ""5.92"", ""收入（元）"": ""1.35""}"
2026-08-23,贴图底部推荐流广告,96,5,0.0521,0,0.0,4.0,0.02,"{""时间"": ""2026-08-23"", ""拉取量"": ""96"", ""曝光量"": ""5"", ""曝光率"": ""5.21%"", ""点击量"": ""0"", ""点击率"": ""0.00%"", ""eCPM（元）"": ""4.00"", ""收入（元）"": ""0.02""}"
2026-08-24,文章中部广告,12955,6285,0.4851,38,0.006,2.76,17.36,"{""时间"": ""2026-08-24"", ""拉取量"": ""12,955"", ""曝光量"": ""6,285"", ""曝光率"": ""48.51%"", ""点击量"": ""38"", ""点击率"": ""0.60%"", ""eCPM（元）"": ""2.76"", ""收入（元）"": ""17.36""}"
2026-08-24,文章底部广告,7661,979,0.1278,3,0.0031,3.03,2.97,"{""时间"": ""2026-08-24"", ""拉取量"": ""7,661"", ""曝光量"": ""979"", ""曝光率"": ""12.78%"", ""点击量"": ""3"", ""点击率"": ""0.31%"", ""eCPM（元）"": ""3.03"", ""收入（元）"": ""2.97""}"
2026-08-24,留言区广告,5267,233,0.044199999999999996,3,0.0129,3.43,0.8,"{""时间"": ""2026-08-24"", ""拉取量"": ""5,267"", ""曝光量"": ""233"", ""曝光率"": ""4.42%"", ""点击量"": ""3"", ""点击率"": ""1.29%"", ""eCPM（元）"": ""3.43"", ""收入（元）"": ""0.80""}"
2026-08-24,贴图底部推荐流广告,164,15,0.0915,0,0.0,1.33,0.02,"{""时间"": ""2026-08-24"", ""拉取量"": ""164"", ""曝光量"": ""15"", ""曝光率"": ""9.15%"", ""点击量"": ""0"", ""点击率"": ""0.00%"", ""eCPM（元）"": ""1.33"", ""收入（元）"": ""0.02""}"
2026-08-25,文章中部广告,10976,5202,0.4739,27,0.0052,2.67,13.9,"{""时间"": ""2026-08-25"", ""拉取量"": ""10,976"", ""曝光量"": ""5,202"", ""曝光率"": ""47.39%"", ""点击量"": ""27"", ""点击率"": ""0.52%"", ""eCPM（元）"": ""2.67"", ""收入（元）"": ""13.90""}"
2026-08-25,文章底部广告,5955,709,0.1191,1,0.0014000000000000002,3.22,2.28,"{""时间"": ""2026-08-25"", ""拉取量"": ""5,955"", ""曝光量"": ""709"", ""曝光率"": ""11.91%"", ""点击量"": ""1"", ""点击率"": ""0.14%"", ""eCPM（元）"": ""3.22"", ""收入（元）"": ""2.28""}"
2026-08-25,留言区广告,3976,179,0.045,2,0.011200000000000002,4.13,0.74,"{""时间"": ""2026-08-25"", ""拉取量"": ""3,976"", ""曝光量"": ""179"", ""曝光率"": ""4.50%"", ""点击量"": ""2"", ""点击率"": ""1.12%"", ""eCPM（元）"": ""4.13"", ""收入（元）"": ""0.74""}"
2026-08-25,贴图底部推荐流广告,123,12,0.09759999999999999,0,0.0,0.83,0.01,"{""时间"": ""2026-08-25"", ""拉取量"": ""123"", ""曝光量"": ""12"", ""曝光率"": ""9.76%"", ""点击量"": ""0"", ""点击率"": ""0.00%"", ""eCPM（元）"": ""0.83"", ""收入（元）"": ""0.01""}"
2026-08-26,文章中部广告,8419,3780,0.449,29,0.0077,2.9,10.95,"{""时间"": ""2026-08-26"", ""拉取量"": ""8,419"", ""曝光量"": ""3,780"", ""曝光率"": ""44.90%"", ""点击量"": ""29"", ""点击率"": ""0.77%"", ""eCPM（元）"": ""2.90"", ""收入（元）"": ""10.95""}"
2026-08-26,文章底部广告,4752,490,0.10310000000000001,3,0.0060999999999999995,4.06,1.99,"{""时间"": ""2026-08-26"", ""拉取量"": ""4,752"", ""曝光量"": ""490"", ""曝光率"": ""10.31%"", ""点击量"": ""3"", ""点击率"": ""0.61%"", ""eCPM（元）"": ""4.06"", ""收入（元）"": ""1.99""}"
2026-08-26,留言区广告,3783,145,0.0383,3,0.0207,3.24,0.47,"{""时间"": ""2026-08-26"", ""拉取量"": ""3,783"", ""曝光量"": ""145"", ""曝光率"": ""3.83%"", ""点击量"": ""3"", ""点击率"": ""2.07%"", ""eCPM（元）"": ""3.24"", ""收入（元）"": ""0.47""}"
2026-08-26,贴图底部推荐流广告,546,50,0.0916,3,0.06,4.6,0.23,"{""时间"": ""2026-08-26"", ""拉取量"": ""546"", ""曝光量"": ""50"", ""曝光率"": ""9.16%"", ""点击量"": ""3"", ""点击率"": ""6.00%"", ""eCPM（元）"": ""4.60"", ""收入（元）"": ""0.23""}"
2026-08-27,文章中部广告,7974,3643,0.4569,12,0.0033,2.08,7.58,"{""时间"": ""2026-08-27"", ""拉取量"": ""7,974"", ""曝光量"": ""3,643"", ""曝光率"": ""45.69%"", ""点击量"": ""12"", ""点击率"": ""0.33%"", ""eCPM（元）"": ""2.08"", ""收入（元）"": ""7.58""}"
2026-08-27,文章底部广告,4221,506,0.1199,3,0.0059,2.33,1.18,"{""时间"": ""2026-08-27"", ""拉取量"": ""4,221"", ""曝光量"": ""506"", ""曝光率"": ""11.99%"", ""点击量"": ""3"", ""点击率"": ""0.59%"", ""eCPM（元）"": ""2.33"", ""收入（元）"": ""1.18""}"
2026-08-27,留言区广告,3047,115,0.0377,2,0.0174,2.61,0.3,"{""时间"": ""2026-08-27"", ""拉取量"": ""3,047"", ""曝光量"": ""115"", ""曝光率"": ""3.77%"", ""点击量"": ""2"", ""点击率"": ""1.74%"", ""eCPM（元）"": ""2.61"", ""收入（元）"": ""0.30""}"
2026-08-27,贴图底部推荐流广告,431,42,0.0974,2,0.047599999999999996,3.1,0.13,"{""时间"": ""2026-08-27"", ""拉取量"": ""431"", ""曝光量"": ""42"", ""曝光率"": ""9.74%"", ""点击量"": ""2"", ""点击率"": ""4.76%"", ""eCPM（元）"": ""3.10"", ""收入（元）"": ""0.13""}"
2026-08-28,文章中部广告,5277,2501,0.4739,8,0.0032,2.09,5.23,"{""时间"": ""2026-08-28"", ""拉取量"": ""5,277"", ""曝光量"": ""2,501"", ""曝光率"": ""47.39%"", ""点击量"": ""8"", ""点击率"": ""0.32%"", ""eCPM（元）"": ""2.09"", ""收入（元）"": ""5.23""}"
2026-08-28,文章底部广告,2914,356,0.1222,6,0.0169,1.57,0.56,"{""时间"": ""2026-08-28"", ""拉取量"": ""2,914"", ""曝光量"": ""356"", ""曝光率"": ""12.22%"", ""点击量"": ""6"", ""点击率"": ""1.69%"", ""eCPM（元）"": ""1.57"", ""收入（元）"": ""0.56""}"
2026-08-28,留言区广告,2202,85,0.038599999999999995,0,0.0,2.0,0.17,"{""时间"": ""2026-08-28"", ""拉取量"": ""2,202"", ""曝光量"": ""85"", ""曝光率"": ""3.86%"", ""点击量"": ""0"", ""点击率"": ""0.00%"", ""eCPM（元）"": ""2.00"", ""收入（元）"": ""0.17""}"
2026-08-28,贴图底部推荐流广告,290,37,0.1276,0,0.0,4.05,0.15,"{""时间"": ""2026-08-28"", ""拉取量"": ""290"", ""曝光量"": ""37"", ""曝光率"": ""12.76%"", ""点击量"": ""0"", ""点击率"": ""0.00%"", ""eCPM（元）"": ""4.05"", ""收入（元）"": ""0.15""}"
2026-08-29,文章中部广告,3652,1709,0.46799999999999997,12,0.006999999999999999,3.29,5.63,"{""时间"": ""2026-08-29"", ""拉取量"": ""3,652"", ""曝光量"": ""1,709"", ""曝光率"": ""46.80%"", ""点击量"": ""12"", ""点击率"": ""0.70%"", ""eCPM（元）"": ""3.29"", ""收入（元）"": ""5.63""}"
2026-08-29,文章底部广告,1998,222,0.11109999999999999,1,0.0045000000000000005,2.25,0.5,"{""时间"": ""2026-08-29"", ""拉取量"": ""1,998"", ""曝光量"": ""222"", ""曝光率"": ""11.11%"", ""点击量"": ""1"", ""点击率"": ""0.45%"", ""eCPM（元）"": ""2.25"", ""收入（元）"": ""0.50""}"
2026-08-29,留言区广告,1159,62,0.0535,0,0.0,2.1,0.13,"{""时间"": ""2026-08-29"", ""拉取量"": ""1,159"", ""曝光量"": ""62"", ""曝光率"": ""5.35%"", ""点击量"": ""0"", ""点击率"": ""0.00%"", ""eCPM（元）"": ""2.10"", ""收入（元）"": ""0.13""}"
2026-08-29,贴图底部推荐流广告,229,21,0.0917,0,0.0,5.24,0.11,"{""时间"": ""2026-08-29"", ""拉取量"": ""229"", ""曝光量"": ""21"", ""曝光率"": ""9.17%"", ""点击量"": ""0"", ""点击率"": ""0.00%"", ""eCPM（元）"": ""5.24"", ""收入（元）"": ""0.11""}"
2026-08-30,文章中部广告,3393,1622,0.478,12,0.0074,3.83,6.21,"{""时间"": ""2026-08-30"", ""拉取量"": ""3,393"", ""曝光量"": ""1,622"", ""曝光率"": ""47.80%"", ""点击量"": ""12"", ""点击率"": ""0.74%"", ""eCPM（元）"": ""3.83"", ""收入（元）"": ""6.21""}"
2026-08-30,文章底部广告,1743,218,0.1251,1,0.0046,3.9,0.85,"{""时间"": ""2026-08-30"", ""拉取量"": ""1,743"", ""曝光量"": ""218"", ""曝光率"": ""12.51%"", ""点击量"": ""1"", ""点击率"": ""0.46%"", ""eCPM（元）"": ""3.90"", ""收入（元）"": ""0.85""}"
2026-08-30,留言区广告,1044,44,0.0421,0,0.0,1.59,0.07,"{""时间"": ""2026-08-30"", ""拉取量"": ""1,044"", ""曝光量"": ""44"", ""曝光率"": ""4.21%"", ""点击量"": ""0"", ""点击率"": ""0.00%"", ""eCPM（元）"": ""1.59"", ""收入（元）"": ""0.07""}"
2026-08-30,贴图底部推荐流广告,178,19,0.1067,1,0.0526,3.68,0.07,"{""时间"": ""2026-08-30"", ""拉取量"": ""178"", ""曝光量"": ""19"", ""曝光率"": ""10.67%"", ""点击量"": ""1"", ""点击率"": ""5.26%"", ""eCPM（元）"": ""3.68"", ""收入（元）"": ""0.07""}"
2026-08-31,文章中部广告,7135,3391,0.4753,33,0.0097,3.34,11.32,"{""时间"": ""2026-08-31"", ""拉取量"": ""7,135"", ""曝光量"": ""3,391"", ""曝光率"": ""47.53%"", ""点击量"": ""33"", ""点击率"": ""0.97%"", ""eCPM（元）"": ""3.34"", ""收入（元）"": ""11.32""}"
2026-08-31,文章底部广告,3593,439,0.1222,4,0.0091,3.64,1.6,"{""时间"": ""2026-08-31"", ""拉取量"": ""3,593"", ""曝光量"": ""439"", ""曝光率"": ""12.22%"", ""点击量"": ""4"", ""点击率"": ""0.91%"", ""eCPM（元）"": ""3.64"", ""收入（元）"": ""1.60""}"
2026-08-31,留言区广告,1582,61,0.038599999999999995,0,0.0,1.8,0.11,"{""时间"": ""2026-08-31"", ""拉取量"": ""1,582"", ""曝光量"": ""61"", ""曝光率"": ""3.86%"", ""点击量"": ""0"", ""点击率"": ""0.00%"", ""eCPM（元）"": ""1.80"", ""收入（元）"": ""0.11""}"
2026-08-31,贴图底部推荐流广告,285,29,0.1018,0,0.0,5.86,0.17,"{""时间"": ""2026-08-31"", ""拉取量"": ""285"", ""曝光量"": ""29"", ""曝光率"": ""10.18%"", ""点击量"": ""0"", ""点击率"": ""0.00%"", ""eCPM（元）"": ""5.86"", ""收入（元）"": ""0.17""}"
2026-09-01,文章中部广告,4038,1960,0.4854,4,0.002,2.96,5.8,"{""时间"": ""2026-09-01"", ""拉取量"": ""4,038"", ""曝光量"": ""1,960"", ""曝光率"": ""48.54%"", ""点击量"": ""4"", ""点击率"": ""0.20%"", ""eCPM（元）"": ""2.96"", ""收入（元）"": ""5.80""}"
2026-09-01,文章底部广告,2054,250,0.1217,1,0.004,8.6,2.15,"{""时间"": ""2026-09-01"", ""拉取量"": ""2,054"", ""曝光量"": ""250"", ""曝光率"": ""12.17%"", ""点击量"": ""1"", ""点击率"": ""0.40%"", ""eCPM（元）"": ""8.60"", ""收入（元）"": ""2.15""}"
2026-09-01,留言区广告,1134,35,0.030899999999999997,0,0.0,10.57,0.37,"{""时间"": ""2026-09-01"", ""拉取量"": ""1,134"", ""曝光量"": ""35"", ""曝光率"": ""3.09%"", ""点击量"": ""0"", ""点击率"": ""0.00%"", ""eCPM（元）"": ""10.57"", ""收入（元）"": ""0.37""}"
2026-09-01,贴图底部推荐流广告,222,33,0.14859999999999998,1,0.030299999999999997,7.58,0.25,"{""时间"": ""2026-09-01"", ""拉取量"": ""222"", ""曝光量"": ""33"", ""曝光率"": ""14.86%"", ""点击量"": ""1"", ""点击率"": ""3.03%"", ""eCPM（元）"": ""7.58"", ""收入（元）"": ""0.25""}"
2026-09-02,文章中部广告,4084,1970,0.4824,9,0.0046,2.21,4.35,"{""时间"": ""2026-09-02"", ""拉取量"": ""4,084"", ""曝光量"": ""1,970"", ""曝光率"": ""48.24%"", ""点击量"": ""9"", ""点击率"": ""0.46%"", ""eCPM（元）"": ""2.21"", ""收入（元）"": ""4.35""}"
2026-09-02,文章底部广告,2059,266,0.1292,1,0.0038,1.95,0.52,"{""时间"": ""2026-09-02"", ""拉取量"": ""2,059"", ""曝光量"": ""266"", ""曝光率"": ""12.92%"", ""点击量"": ""1"", ""点击率"": ""0.38%"", ""eCPM（元）"": ""1.95"", ""收入（元）"": ""0.52""}"
2026-09-02,留言区广告,978,33,0.0337,0,0.0,2.12,0.07,"{""时间"": ""2026-09-02"", ""拉取量"": ""978"", ""曝光量"": ""33"", ""曝光率"": ""3.37%"", ""点击量"": ""0"", ""点击率"": ""0.00%"", ""eCPM（元）"": ""2.12"", ""收入（元）"": ""0.07""}"
2026-09-02,贴图底部推荐流广告,112,11,0.09820000000000001,0,0.0,3.64,0.04,"{""时间"": ""2026-09-02"", ""拉取量"": ""112"", ""曝光量"": ""11"", ""曝光率"": ""9.82%"", ""点击量"": ""0"", ""点击率"": ""0.00%"", ""eCPM（元）"": ""3.64"", ""收入（元）"": ""0.04""}"
2026-09-03,文章中部广告,3422,1664,0.4863,5,0.003,2.58,4.29,"{""时间"": ""2026-09-03"", ""拉取量"": ""3,422"", ""曝光量"": ""1,664"", ""曝光率"": ""48.63%"", ""点击量"": ""5"", ""点击率"": ""0.30%"", ""eCPM（元）"": ""2.58"", ""收入（元）"": ""4.29""}"
2026-09-03,文章底部广告,1743,241,0.1383,0,0.0,2.53,0.61,"{""时间"": ""2026-09-03"", ""拉取量"": ""1,743"", ""曝光量"": ""241"", ""曝光率"": ""13.83%"", ""点击量"": ""0"", ""点击率"": ""0.00%"", ""eCPM（元）"": ""2.53"", ""收入（元）"": ""0.61""}"
2026-09-03,留言区广告,922,40,0.0434,0,0.0,5.5,0.22,"{""时间"": ""2026-09-03"", ""拉取量"": ""922"", ""曝光量"": ""40"", ""曝光率"": ""4.34%"", ""点击量"": ""0"", ""点击率"": ""0.00%"", ""eCPM（元）"": ""5.50"", ""收入（元）"": ""0.22""}"
2026-09-03,贴图底部推荐流广告,106,9,0.0849,1,0.11109999999999999,3.33,0.03,"{""时间"": ""2026-09-03"", ""拉取量"": ""106"", ""曝光量"": ""9"", ""曝光率"": ""8.49%"", ""点击量"": ""1"", ""点击率"": ""11.11%"", ""eCPM（元）"": ""3.33"", ""收入（元）"": ""0.03""}"
2026-09-04,文章中部广告,4526,2109,0.466,11,0.0052,3.15,6.64,"{""时间"": ""2026-09-04"", ""拉取量"": ""4,526"", ""曝光量"": ""2,109"", ""曝光率"": ""46.60%"", ""点击量"": ""11"", ""点击率"": ""0.52%"", ""eCPM（元）"": ""3.15"", ""收入（元）"": ""6.64""}"
2026-09-04,文章底部广告,2307,285,0.1235,0,0.0,7.58,2.16,"{""时间"": ""2026-09-04"", ""拉取量"": ""2,307"", ""曝光量"": ""285"", ""曝光率"": ""12.35%"", ""点击量"": ""0"", ""点击率"": ""0.00%"", ""eCPM（元）"": ""7.58"", ""收入（元）"": ""2.16""}"
2026-09-04,留言区广告,1910,90,0.0471,0,0.0,2.67,0.24,"{""时间"": ""2026-09-04"", ""拉取量"": ""1,910"", ""曝光量"": ""90"", ""曝光率"": ""4.71%"", ""点击量"": ""0"", ""点击率"": ""0.00%"", ""eCPM（元）"": ""2.67"", ""收入（元）"": ""0.24""}"
2026-09-04,贴图底部推荐流广告,111,11,0.09910000000000001,0,0.0,1.82,0.02,"{""时间"": ""2026-09-04"", ""拉取量"": ""111"", ""曝光量"": ""11"", ""曝光率"": ""9.91%"", ""点击量"": ""0"", ""点击率"": ""0.00%"", ""eCPM（元）"": ""1.82"", ""收入（元）"": ""0.02""}"
2026-09-05,文章中部广告,7057,3239,0.45899999999999996,16,0.0049,2.62,8.47,"{""时间"": ""2026-09-05"", ""拉取量"": ""7,057"", ""曝光量"": ""3,239"", ""曝光率"": ""45.90%"", ""点击量"": ""16"", ""点击率"": ""0.49%"", ""eCPM（元）"": ""2.62"", ""收入（元）"": ""8.47""}"
2026-09-05,文章底部广告,3557,409,0.115,0,0.0,3.15,1.29,"{""时间"": ""2026-09-05"", ""拉取量"": ""3,557"", ""曝光量"": ""409"", ""曝光率"": ""11.50%"", ""点击量"": ""0"", ""点击率"": ""0.00%"", ""eCPM（元）"": ""3.15"", ""收入（元）"": ""1.29""}"
2026-09-05,留言区广告,2424,117,0.0483,1,0.0085,4.1,0.48,"{""时间"": ""2026-09-05"", ""拉取量"": ""2,424"", ""曝光量"": ""117"", ""曝光率"": ""4.83%"", ""点击量"": ""1"", ""点击率"": ""0.85%"", ""eCPM（元）"": ""4.10"", ""收入（元）"": ""0.48""}"
2026-09-05,贴图底部推荐流广告,56,7,0.125,1,0.1429,5.71,0.04,"{""时间"": ""2026-09-05"", ""拉取量"": ""56"", ""曝光量"": ""7"", ""曝光率"": ""12.50%"", ""点击量"": ""1"", ""点击率"": ""14.29%"", ""eCPM（元）"": ""5.71"", ""收入（元）"": ""0.04""}"
2026-09-06,文章中部广告,16930,7647,0.4517,18,0.0024,1.92,14.66,"{""时间"": ""2026-09-06"", ""拉取量"": ""16,930"", ""曝光量"": ""7,647"", ""曝光率"": ""45.17%"", ""点击量"": ""18"", ""点击率"": ""0.24%"", ""eCPM（元）"": ""1.92"", ""收入（元）"": ""14.66""}"
2026-09-06,文章底部广告,8471,1257,0.1484,2,0.0016,1.84,2.31,"{""时间"": ""2026-09-06"", ""拉取量"": ""8,471"", ""曝光量"": ""1,257"", ""曝光率"": ""14.84%"", ""点击量"": ""2"", ""点击率"": ""0.16%"", ""eCPM（元）"": ""1.84"", ""收入（元）"": ""2.31""}"
2026-09-06,留言区广告,14918,1500,0.1005,5,0.0033,2.43,3.65,"{""时间"": ""2026-09-06"", ""拉取量"": ""14,918"", ""曝光量"": ""1,500"", ""曝光率"": ""10.05%"", ""点击量"": ""5"", ""点击率"": ""0.33%"", ""eCPM（元）"": ""2.43"", ""收入（元）"": ""3.65""}"
2026-09-06,贴图底部推荐流广告,92,6,0.0652,0,0.0,3.33,0.02,"{""时间"": ""2026-09-06"", ""拉取量"": ""92"", ""曝光量"": ""6"", ""曝光率"": ""6.52%"", ""点击量"": ""0"", ""点击率"": ""0.00%"", ""eCPM（元）"": ""3.33"", ""收入（元）"": ""0.02""}"
