topic_id,article_id,source_kind,relation_role,confidence,match_reason,reviewed,created_at
peopleapp_hotspot_05680b7aca,peopleapp_opinion_20260819_30052963943_500007657532,peopleapp_opinion,媒体观点,1.0,来自人工复核后的APP评论热点归并,1,2026-08-27T19:11:46
peopleapp_hotspot_05680b7aca,peopleapp_opinion_20260819_30052967441_500007658530,peopleapp_opinion,媒体观点,1.0,来自人工复核后的APP评论热点归并,1,2026-08-27T19:11:46
peopleapp_hotspot_05680b7aca,peopleapp_opinion_20260823_30052993505_500007663824,peopleapp_opinion,媒体观点,1.0,来自人工复核后的APP评论热点归并,1,2026-08-27T19:11:46
peopleapp_hotspot_05680b7aca,peopleapp_opinion_20260823_30052993565_500007663831,peopleapp_opinion,媒体观点,1.0,来自人工复核后的APP评论热点归并,1,2026-08-27T19:11:46
peopleapp_hotspot_05680b7aca,peopleapp_opinion_20260824_30052997125_500007664531,peopleapp_opinion,媒体观点,1.0,来自人工复核后的APP评论热点归并,1,2026-08-27T19:11:46
peopleapp_hotspot_081c4dee6f,people_daily_20260626_30165069,people_daily_newspaper,规范表达,0.98,主题关键词相符：实事求是、政绩观、优良作风、正确,0,2026-08-27T19:11:46
peopleapp_hotspot_081c4dee6f,people_daily_20260626_30165119,people_daily_newspaper,规范表达,0.98,主题关键词相符：为民造福、政绩观、人民、落到,0,2026-08-27T19:11:46
peopleapp_hotspot_081c4dee6f,people_daily_20260706_30166912,people_daily_newspaper,规范表达,0.98,主题关键词相符：政绩观、把握、辩证统一、正确,0,2026-08-27T19:11:46
peopleapp_hotspot_081c4dee6f,people_daily_20260708_30167387,people_daily_newspaper,规范表达,0.98,主题关键词相符：政绩观、把握、正确、人民,0,2026-08-27T19:11:46
peopleapp_hotspot_081c4dee6f,people_daily_20260713_30168293,people_daily_newspaper,延伸母题,0.97,主题关键词相符：实事求是、真抓实干、政绩观、为民造福,0,2026-08-27T19:11:46
peopleapp_hotspot_081c4dee6f,peopleapp_opinion_20260625_30052482672_500007563560,peopleapp_opinion,媒体观点,1.0,来自人工复核后的APP评论热点归并,1,2026-08-27T19:11:46
peopleapp_hotspot_081c4dee6f,peopleapp_opinion_20260626_30052492270_500007565705,peopleapp_opinion,媒体观点,1.0,来自人工复核后的APP评论热点归并,1,2026-08-27T19:11:46
peopleapp_hotspot_081c4dee6f,peopleapp_opinion_20260626_30052492296_500007565703,peopleapp_opinion,媒体观点,1.0,来自人工复核后的APP评论热点归并,1,2026-08-27T19:11:46
peopleapp_hotspot_081c4dee6f,peopleapp_opinion_20260629_30052512076_500007570826,peopleapp_opinion,媒体观点,1.0,来自人工复核后的APP评论热点归并,1,2026-08-27T19:11:46
peopleapp_hotspot_081c4dee6f,peopleapp_opinion_20260630_30052522797_500007572438,peopleapp_opinion,媒体观点,1.0,来自人工复核后的APP评论热点归并,1,2026-08-27T19:11:46
peopleapp_hotspot_081c4dee6f,peopleapp_opinion_20260630_30052522798_500007572440,peopleapp_opinion,媒体观点,1.0,来自人工复核后的APP评论热点归并,1,2026-08-27T19:11:46
peopleapp_hotspot_081c4dee6f,peopleapp_opinion_20260630_30052522838_500007572935,peopleapp_opinion,媒体观点,1.0,来自人工复核后的APP评论热点归并,1,2026-08-27T19:11:46
peopleapp_hotspot_081c4dee6f,peopleapp_opinion_20260630_30052525318_500007572627,peopleapp_opinion,媒体观点,1.0,来自人工复核后的APP评论热点归并,1,2026-08-27T19:11:46
peopleapp_hotspot_081c4dee6f,peopleapp_opinion_20260706_30052572446_500007582010,peopleapp_opinion,媒体观点,1.0,来自人工复核后的APP评论热点归并,1,2026-08-27T19:11:46
peopleapp_hotspot_081c4dee6f,peopleapp_opinion_20260708_30052593803_500007585667,peopleapp_opinion,媒体观点,1.0,来自人工复核后的APP评论热点归并,1,2026-08-27T19:11:46
peopleapp_hotspot_081c4dee6f,peopleapp_opinion_20260709_30052604024_500007587674,peopleapp_opinion,媒体观点,1.0,来自人工复核后的APP评论热点归并,1,2026-08-27T19:11:46
peopleapp_hotspot_081c4dee6f,peopleapp_opinion_20260725_30052754354_500007616380,peopleapp_opinion,媒体观点,1.0,来自人工复核后的APP评论热点归并,1,2026-08-27T19:11:46
peopleapp_hotspot_081c4dee6f,peopleapp_opinion_20260826_30053014485_500007667519,peopleapp_opinion,媒体观点,1.0,来自人工复核后的APP评论热点归并,1,2026-08-27T19:11:46
peopleapp_hotspot_169b52fa11,peopleapp_opinion_20260706_30052581529_500007583243,peopleapp_opinion,媒体观点,1.0,来自人工复核后的APP评论热点归并,1,2026-08-27T19:11:46
peopleapp_hotspot_169b52fa11,peopleapp_opinion_20260707_30052589270_500007585175,peopleapp_opinion,媒体观点,1.0,来自人工复核后的APP评论热点归并,1,2026-08-27T19:11:46
peopleapp_hotspot_169b52fa11,peopleapp_opinion_20260708_30052595234_500007586029,peopleapp_opinion,媒体观点,1.0,来自人工复核后的APP评论热点归并,1,2026-08-27T19:11:46
peopleapp_hotspot_169b52fa11,peopleapp_opinion_20260708_30052595625_500007586113,peopleapp_opinion,媒体观点,1.0,来自人工复核后的APP评论热点归并,1,2026-08-27T19:11:46
peopleapp_hotspot_169b52fa11,peopleapp_opinion_20260709_30052605592_500007587781,peopleapp_opinion,媒体观点,1.0,来自人工复核后的APP评论热点归并,1,2026-08-27T19:11:46
peopleapp_hotspot_169b52fa11,peopleapp_opinion_20260710_30052619161_500007590285,peopleapp_opinion,媒体观点,1.0,来自人工复核后的APP评论热点归并,1,2026-08-27T19:11:46
peopleapp_hotspot_169b52fa11,peopleapp_opinion_20260718_30052665950_500007604175,peopleapp_opinion,媒体观点,1.0,来自人工复核后的APP评论热点归并,1,2026-08-27T19:11:46
peopleapp_hotspot_19cd199ec4,people_daily_20260526_30159095,people_daily_newspaper,延伸母题,0.67,主题关键词相符：涉企执法、营商环境、涉企、时评,0,2026-08-27T19:11:46
peopleapp_hotspot_19cd199ec4,people_daily_20260603_30160602,people_daily_newspaper,延伸母题,0.61,主题关键词相符：营商环境、营商、环境、市场,0,2026-08-27T19:11:46
peopleapp_hotspot_19cd199ec4,people_daily_20260625_30164781,people_daily_newspaper,规范表达,0.84,主题关键词相符：清障、时评、新陈代谢、市场,0,2026-08-27T19:11:46
peopleapp_hotspot_19cd199ec4,people_daily_20260625_30164784,people_daily_newspaper,规范表达,0.64,主题关键词相符：涉企检查、营商环境、涉企、检查,0,2026-08-27T19:11:46
peopleapp_hotspot_19cd199ec4,people_daily_20260805_30173129,people_daily_newspaper,延伸母题,0.89,主题关键词相符：营商环境、涉企执法、营商、涉企,0,2026-08-27T19:11:46
peopleapp_hotspot_19cd199ec4,peopleapp_opinion_20260625_30052482651_500007564361,peopleapp_opinion,媒体观点,1.0,来自人工复核后的APP评论热点归并,1,2026-08-27T19:11:46
peopleapp_hotspot_19cd199ec4,peopleapp_opinion_20260625_30052482654_500007563562,peopleapp_opinion,媒体观点,1.0,来自人工复核后的APP评论热点归并,1,2026-08-27T19:11:46
peopleapp_hotspot_19cd199ec4,peopleapp_opinion_20260625_30052483125_500007563558,peopleapp_opinion,媒体观点,1.0,来自人工复核后的APP评论热点归并,1,2026-08-27T19:11:46
peopleapp_hotspot_1c3dfeb928,people_daily_20260729_30171805,people_daily_newspaper,规范表达,0.82,主题关键词相符：时间、赶时间、红灯、骑手,1,2026-08-27T19:11:46
peopleapp_hotspot_1c3dfeb928,peopleapp_opinion_20260718_30052690354_500007604183,peopleapp_opinion,媒体观点,1.0,来自人工复核后的APP评论热点归并,1,2026-08-27T19:11:46
peopleapp_hotspot_1c3dfeb928,peopleapp_opinion_20260718_30052692865_500007604408,peopleapp_opinion,媒体观点,1.0,来自人工复核后的APP评论热点归并,1,2026-08-27T19:11:46
peopleapp_hotspot_1c3dfeb928,peopleapp_opinion_20260721_30052713044_500007608405,peopleapp_opinion,媒体观点,1.0,来自人工复核后的APP评论热点归并,1,2026-08-27T19:11:46
peopleapp_hotspot_1c3dfeb928,peopleapp_opinion_20260729_30052787516_500007623157,peopleapp_opinion,媒体观点,1.0,来自人工复核后的APP评论热点归并,1,2026-08-27T19:11:46
peopleapp_hotspot_1c3dfeb928,peopleapp_opinion_20260729_30052793110_500007624720,peopleapp_opinion,媒体观点,1.0,来自人工复核后的APP评论热点归并,1,2026-08-27T19:11:46
peopleapp_hotspot_1c3dfeb928,peopleapp_opinion_20260814_30052931158_500007650970,peopleapp_opinion,媒体观点,1.0,来自人工复核后的APP评论热点归并,1,2026-08-27T19:11:46
peopleapp_hotspot_1c3dfeb928,peopleapp_opinion_20260815_30052936139_500007651479,peopleapp_opinion,媒体观点,1.0,来自人工复核后的APP评论热点归并,1,2026-08-27T19:11:46
peopleapp_hotspot_1c3dfeb928,peopleapp_opinion_20260824_30052999828_500007664980,peopleapp_opinion,媒体观点,1.0,来自人工复核后的APP评论热点归并,1,2026-08-27T19:11:46
peopleapp_hotspot_1c3dfeb928,peopleapp_opinion_20260825_30053010488_500007666940,peopleapp_opinion,媒体观点,1.0,来自人工复核后的APP评论热点归并,1,2026-08-27T19:11:46
peopleapp_hotspot_1edada9e7f,people_daily_20250328_30064623,people_daily_newspaper,治理案例,0.76,主题关键词相符：中国制造、走俏海外、制造,0,2026-08-27T19:11:46
peopleapp_hotspot_1edada9e7f,people_daily_20260619_30163844,people_daily_newspaper,延伸母题,0.58,主题关键词相符：产业链自主可控、产业链、竞争力、制造,0,2026-08-27T19:11:46
peopleapp_hotspot_1edada9e7f,people_daily_20260705_30166658,people_daily_newspaper,延伸母题,0.56,主题关键词相符：中国制造、制造、竞争力,0,2026-08-27T19:11:46
peopleapp_hotspot_1edada9e7f,people_daily_20260707_30167251,people_daily_newspaper,延伸母题,0.58,主题关键词相符：中国制造、制造、竞争力、产业链,0,2026-08-27T19:11:46
peopleapp_hotspot_1edada9e7f,people_daily_20260715_30168791,people_daily_newspaper,延伸母题,0.94,主题关键词相符：避暑产品、走俏海外、中国制造、避暑,0,2026-08-27T19:11:46
peopleapp_hotspot_1edada9e7f,peopleapp_opinion_20260627_30052501612_500007567562,peopleapp_opinion,媒体观点,1.0,来自人工复核后的APP评论热点归并,1,2026-08-27T19:11:46
peopleapp_hotspot_1edada9e7f,peopleapp_opinion_20260629_30052517154_500007571249,peopleapp_opinion,媒体观点,1.0,来自人工复核后的APP评论热点归并,1,2026-08-27T19:11:46
peopleapp_hotspot_1edada9e7f,peopleapp_opinion_20260629_30052519386_500007571913,peopleapp_opinion,媒体观点,1.0,来自人工复核后的APP评论热点归并,1,2026-08-27T19:11:46
peopleapp_hotspot_30c2a371fb,peopleapp_opinion_20260628_30052507125_500007569218,peopleapp_opinion,媒体观点,1.0,来自人工复核后的APP评论热点归并,1,2026-08-27T19:11:46
peopleapp_hotspot_30c2a371fb,peopleapp_opinion_20260629_30052513909_500007570459,peopleapp_opinion,媒体观点,1.0,来自人工复核后的APP评论热点归并,1,2026-08-27T19:11:46
peopleapp_hotspot_30c2a371fb,peopleapp_opinion_20260704_30052547924_500007580449,peopleapp_opinion,媒体观点,1.0,来自人工复核后的APP评论热点归并,1,2026-08-27T19:11:46
peopleapp_hotspot_3632a58d33,peopleapp_opinion_20260807_30052870449_500007639805,peopleapp_opinion,媒体观点,1.0,来自人工复核后的APP评论热点归并,1,2026-08-27T19:11:46
peopleapp_hotspot_3632a58d33,peopleapp_opinion_20260811_30052903804_500007645863,peopleapp_opinion,媒体观点,1.0,来自人工复核后的APP评论热点归并,1,2026-08-27T19:11:46
peopleapp_hotspot_3632a58d33,peopleapp_opinion_20260813_30052922871_500007649272,peopleapp_opinion,媒体观点,1.0,来自人工复核后的APP评论热点归并,1,2026-08-27T19:11:46
peopleapp_hotspot_3632a58d33,peopleapp_opinion_20260813_30052924118_500007649768,peopleapp_opinion,媒体观点,1.0,来自人工复核后的APP评论热点归并,1,2026-08-27T19:11:46
peopleapp_hotspot_3632a58d33,peopleapp_opinion_20260821_30052982159_500007661966,peopleapp_opinion,媒体观点,1.0,来自人工复核后的APP评论热点归并,1,2026-08-27T19:11:46
peopleapp_hotspot_39f081377e,peopleapp_opinion_20260628_30052509059_500007569405,peopleapp_opinion,媒体观点,1.0,来自人工复核后的APP评论热点归并,1,2026-08-27T19:11:46
peopleapp_hotspot_39f081377e,peopleapp_opinion_20260630_30052524027_500007572289,peopleapp_opinion,媒体观点,1.0,来自人工复核后的APP评论热点归并,1,2026-08-27T19:11:46
peopleapp_hotspot_39f081377e,peopleapp_opinion_20260630_30052525509_500007572735,peopleapp_opinion,媒体观点,1.0,来自人工复核后的APP评论热点归并,1,2026-08-27T19:11:46
peopleapp_hotspot_39f081377e,peopleapp_opinion_20260701_30052537604_500007575606,peopleapp_opinion,媒体观点,1.0,来自人工复核后的APP评论热点归并,1,2026-08-27T19:11:46
peopleapp_hotspot_39f081377e,peopleapp_opinion_20260704_30052563690_500007580338,peopleapp_opinion,媒体观点,1.0,来自人工复核后的APP评论热点归并,1,2026-08-27T19:11:46
peopleapp_hotspot_4212ce2c9d,peopleapp_opinion_20260625_30052490256_500007565272,peopleapp_opinion,媒体观点,1.0,来自人工复核后的APP评论热点归并,1,2026-08-27T19:11:46
peopleapp_hotspot_4212ce2c9d,peopleapp_opinion_20260626_30052497459_500007566611,peopleapp_opinion,媒体观点,1.0,来自人工复核后的APP评论热点归并,1,2026-08-27T19:11:46
peopleapp_hotspot_4212ce2c9d,peopleapp_opinion_20260627_30052501669_500007567572,peopleapp_opinion,媒体观点,1.0,来自人工复核后的APP评论热点归并,1,2026-08-27T19:11:46
peopleapp_hotspot_4b8c89a471,people_daily_20260728_30171330,people_daily_newspaper,治理案例,0.98,主题关键词相符：世界杯、中国足球、足球、美加墨,0,2026-08-27T19:11:46
peopleapp_hotspot_4b8c89a471,peopleapp_opinion_20260624_30052473961_500007562111,peopleapp_opinion,媒体观点,1.0,来自人工复核后的APP评论热点归并,1,2026-08-27T19:11:46
peopleapp_hotspot_4b8c89a471,peopleapp_opinion_20260625_30052491321_500007565389,peopleapp_opinion,媒体观点,1.0,来自人工复核后的APP评论热点归并,1,2026-08-27T19:11:46
peopleapp_hotspot_4b8c89a471,peopleapp_opinion_20260627_30052504770_500007568465,peopleapp_opinion,媒体观点,1.0,来自人工复核后的APP评论热点归并,1,2026-08-27T19:11:46
peopleapp_hotspot_4b8c89a471,peopleapp_opinion_20260628_30052507936_500007569411,peopleapp_opinion,媒体观点,1.0,来自人工复核后的APP评论热点归并,1,2026-08-27T19:11:46
peopleapp_hotspot_4b8c89a471,peopleapp_opinion_20260629_30052516055_500007570955,peopleapp_opinion,媒体观点,1.0,来自人工复核后的APP评论热点归并,1,2026-08-27T19:11:46
peopleapp_hotspot_4b8c89a471,peopleapp_opinion_20260629_30052519465_500007571845,peopleapp_opinion,媒体观点,1.0,来自人工复核后的APP评论热点归并,1,2026-08-27T19:11:46
peopleapp_hotspot_4b8c89a471,peopleapp_opinion_20260630_30052526262_500007573763,peopleapp_opinion,媒体观点,1.0,来自人工复核后的APP评论热点归并,1,2026-08-27T19:11:46
peopleapp_hotspot_4b8c89a471,peopleapp_opinion_20260703_30052559568_500007579723,peopleapp_opinion,媒体观点,1.0,来自人工复核后的APP评论热点归并,1,2026-08-27T19:11:46
peopleapp_hotspot_4b8c89a471,peopleapp_opinion_20260704_30052561315_500007580055,peopleapp_opinion,媒体观点,1.0,来自人工复核后的APP评论热点归并,1,2026-08-27T19:11:46
peopleapp_hotspot_4b8c89a471,peopleapp_opinion_20260706_30052580671_500007583236,peopleapp_opinion,媒体观点,1.0,来自人工复核后的APP评论热点归并,1,2026-08-27T19:11:46
peopleapp_hotspot_4b8c89a471,peopleapp_opinion_20260707_30052582997_500007584210,peopleapp_opinion,媒体观点,1.0,来自人工复核后的APP评论热点归并,1,2026-08-27T19:11:46
peopleapp_hotspot_4b8c89a471,peopleapp_opinion_20260707_30052586488_500007584214,peopleapp_opinion,媒体观点,1.0,来自人工复核后的APP评论热点归并,1,2026-08-27T19:11:46
peopleapp_hotspot_4b8c89a471,peopleapp_opinion_20260707_30052586739_500007584229,peopleapp_opinion,媒体观点,1.0,来自人工复核后的APP评论热点归并,1,2026-08-27T19:11:46
peopleapp_hotspot_4b8c89a471,peopleapp_opinion_20260707_30052590858_500007585382,peopleapp_opinion,媒体观点,1.0,来自人工复核后的APP评论热点归并,1,2026-08-27T19:11:46
peopleapp_hotspot_4b8c89a471,peopleapp_opinion_20260708_30052594420_500007585878,peopleapp_opinion,媒体观点,1.0,来自人工复核后的APP评论热点归并,1,2026-08-27T19:11:46
peopleapp_hotspot_4b8c89a471,peopleapp_opinion_20260709_30052604047_500007587675,peopleapp_opinion,媒体观点,1.0,来自人工复核后的APP评论热点归并,1,2026-08-27T19:11:46
peopleapp_hotspot_4b8c89a471,peopleapp_opinion_20260715_30052667961_500007599624,peopleapp_opinion,媒体观点,1.0,来自人工复核后的APP评论热点归并,1,2026-08-27T19:11:46
peopleapp_hotspot_4b8c89a471,peopleapp_opinion_20260718_30052693027_500007604426,peopleapp_opinion,媒体观点,1.0,来自人工复核后的APP评论热点归并,1,2026-08-27T19:11:46
peopleapp_hotspot_4b8c89a471,peopleapp_opinion_20260719_30052696313_500007604994,peopleapp_opinion,媒体观点,1.0,来自人工复核后的APP评论热点归并,1,2026-08-27T19:11:46
peopleapp_hotspot_4b8c89a471,peopleapp_opinion_20260722_30052723534_500007610546,peopleapp_opinion,媒体观点,1.0,来自人工复核后的APP评论热点归并,1,2026-08-27T19:11:46
peopleapp_hotspot_4b8c89a471,peopleapp_opinion_20260722_30052728841_500007611971,peopleapp_opinion,媒体观点,1.0,来自人工复核后的APP评论热点归并,1,2026-08-27T19:11:46
peopleapp_hotspot_4b8c89a471,peopleapp_opinion_20260728_30052777815_500007620700,peopleapp_opinion,媒体观点,1.0,来自人工复核后的APP评论热点归并,1,2026-08-27T19:11:46
peopleapp_hotspot_4e5ecc39c9,people_daily_20260722_30170145,people_daily_newspaper,政策依据,0.92,主题关键词相符：广告跳转、APP广告、广告、触发,0,2026-08-27T19:11:46
peopleapp_hotspot_4e5ecc39c9,peopleapp_opinion_20260624_30052477928_500007563140,peopleapp_opinion,媒体观点,1.0,来自人工复核后的APP评论热点归并,1,2026-08-27T19:11:46
peopleapp_hotspot_4e5ecc39c9,peopleapp_opinion_20260625_30052488641_500007565121,peopleapp_opinion,媒体观点,1.0,来自人工复核后的APP评论热点归并,1,2026-08-27T19:11:46
peopleapp_hotspot_4e5ecc39c9,peopleapp_opinion_20260625_30052488735_500007565133,peopleapp_opinion,媒体观点,1.0,来自人工复核后的APP评论热点归并,1,2026-08-27T19:11:46
peopleapp_hotspot_4e5ecc39c9,peopleapp_opinion_20260627_30052501578_500007568371,peopleapp_opinion,媒体观点,1.0,来自人工复核后的APP评论热点归并,1,2026-08-27T19:11:46
peopleapp_hotspot_5063f9c1f1,peopleapp_opinion_20260802_30052824264_500007630016,peopleapp_opinion,媒体观点,1.0,来自人工复核后的APP评论热点归并,1,2026-08-27T19:11:46
peopleapp_hotspot_5063f9c1f1,peopleapp_opinion_20260807_30052873404_500007640370,peopleapp_opinion,媒体观点,1.0,来自人工复核后的APP评论热点归并,1,2026-08-27T19:11:46
peopleapp_hotspot_5063f9c1f1,peopleapp_opinion_20260817_30052951288_500007654546,peopleapp_opinion,媒体观点,1.0,来自人工复核后的APP评论热点归并,1,2026-08-27T19:11:46
peopleapp_hotspot_5063f9c1f1,peopleapp_opinion_20260819_30052963069_500007657560,peopleapp_opinion,媒体观点,1.0,来自人工复核后的APP评论热点归并,1,2026-08-27T19:11:46
peopleapp_hotspot_5595f2aa34,peopleapp_opinion_20260624_30052478587_500007563205,peopleapp_opinion,媒体观点,1.0,来自人工复核后的APP评论热点归并,1,2026-08-27T19:11:46
peopleapp_hotspot_5595f2aa34,peopleapp_opinion_20260625_30052483960_500007563811,peopleapp_opinion,媒体观点,1.0,来自人工复核后的APP评论热点归并,1,2026-08-27T19:11:46
peopleapp_hotspot_5595f2aa34,peopleapp_opinion_20260626_30052497518_500007566844,peopleapp_opinion,媒体观点,1.0,来自人工复核后的APP评论热点归并,1,2026-08-27T19:11:46
peopleapp_hotspot_5595f2aa34,peopleapp_opinion_20260628_30052510050_500007569512,peopleapp_opinion,媒体观点,1.0,来自人工复核后的APP评论热点归并,1,2026-08-27T19:11:46
peopleapp_hotspot_5595f2aa34,peopleapp_opinion_20260701_30052539197_500007575828,peopleapp_opinion,媒体观点,1.0,来自人工复核后的APP评论热点归并,1,2026-08-27T19:11:46
peopleapp_hotspot_5595f2aa34,peopleapp_opinion_20260706_30052543355_500007582333,peopleapp_opinion,媒体观点,1.0,来自人工复核后的APP评论热点归并,1,2026-08-27T19:11:46
peopleapp_hotspot_5595f2aa34,peopleapp_opinion_20260707_30052575331_500007585264,peopleapp_opinion,媒体观点,1.0,来自人工复核后的APP评论热点归并,1,2026-08-27T19:11:46
peopleapp_hotspot_564db4b81b,people_daily_20260511_30156014,people_daily_newspaper,延伸母题,0.42,主题关键词相符：军国主义、日本、论坛,0,2026-08-27T19:11:46
peopleapp_hotspot_564db4b81b,people_daily_20260814_30174894,people_daily_newspaper,延伸母题,0.64,主题关键词相符：军国主义、历史正义、日本、寰宇,0,2026-08-27T19:11:46
peopleapp_hotspot_564db4b81b,peopleapp_opinion_20260625_30052482637_500007563563,peopleapp_opinion,媒体观点,1.0,来自人工复核后的APP评论热点归并,1,2026-08-27T19:11:46
peopleapp_hotspot_564db4b81b,peopleapp_opinion_20260626_30052495771_500007567214,peopleapp_opinion,媒体观点,1.0,来自人工复核后的APP评论热点归并,1,2026-08-27T19:11:46
peopleapp_hotspot_564db4b81b,peopleapp_opinion_20260627_30052501162_500007567550,peopleapp_opinion,媒体观点,1.0,来自人工复核后的APP评论热点归并,1,2026-08-27T19:11:46
peopleapp_hotspot_564db4b81b,peopleapp_opinion_20260629_30052516515_500007571710,peopleapp_opinion,媒体观点,1.0,来自人工复核后的APP评论热点归并,1,2026-08-27T19:11:46
peopleapp_hotspot_564db4b81b,peopleapp_opinion_20260723_30052733366_500007612486,peopleapp_opinion,媒体观点,1.0,来自人工复核后的APP评论热点归并,1,2026-08-27T19:11:46
peopleapp_hotspot_564db4b81b,peopleapp_opinion_20260813_30052918284_500007648364,peopleapp_opinion,媒体观点,1.0,来自人工复核后的APP评论热点归并,1,2026-08-27T19:11:46
peopleapp_hotspot_5b43a3a1d8,people_daily_20260625_30164765,people_daily_newspaper,延伸母题,0.98,主题关键词相符：粮食丰收、粮食安全、丰收、铆足,0,2026-08-27T19:11:46
peopleapp_hotspot_5b43a3a1d8,people_daily_20260626_30165152,people_daily_newspaper,延伸母题,0.98,主题关键词相符：现代化大产业、农业、现代化、建成,0,2026-08-27T19:11:46
peopleapp_hotspot_5b43a3a1d8,people_daily_20260707_30167247,people_daily_newspaper,规范表达,0.98,主题关键词相符：现代化大产业、农业现代化、农业、现代化,0,2026-08-27T19:11:46
peopleapp_hotspot_5b43a3a1d8,people_daily_20260710_30167911,people_daily_newspaper,规范表达,0.61,主题关键词相符：粮食安全、粮食、丰收、农业,0,2026-08-27T19:11:46
peopleapp_hotspot_5b43a3a1d8,people_daily_20260718_30169425,people_daily_newspaper,延伸母题,0.64,主题关键词相符：粮食安全、总书记、粮食、农业,0,2026-08-27T19:11:46
peopleapp_hotspot_5b43a3a1d8,peopleapp_opinion_20260624_30052480551_500007563379,peopleapp_opinion,媒体观点,1.0,来自人工复核后的APP评论热点归并,1,2026-08-27T19:11:46
peopleapp_hotspot_5b43a3a1d8,peopleapp_opinion_20260625_30052482635_500007563559,peopleapp_opinion,媒体观点,1.0,来自人工复核后的APP评论热点归并,1,2026-08-27T19:11:46
peopleapp_hotspot_5b43a3a1d8,peopleapp_opinion_20260626_30052492328_500007565679,peopleapp_opinion,媒体观点,1.0,来自人工复核后的APP评论热点归并,1,2026-08-27T19:11:46
peopleapp_hotspot_5be75ac333,peopleapp_opinion_20260818_30052957018_500007655634,peopleapp_opinion,媒体观点,1.0,来自人工复核后的APP评论热点归并,1,2026-08-27T19:11:46
peopleapp_hotspot_5be75ac333,peopleapp_opinion_20260819_30052963996_500007657539,peopleapp_opinion,媒体观点,1.0,来自人工复核后的APP评论热点归并,1,2026-08-27T19:11:46
peopleapp_hotspot_5be75ac333,peopleapp_opinion_20260819_30052968546_500007658585,peopleapp_opinion,媒体观点,1.0,来自人工复核后的APP评论热点归并,1,2026-08-27T19:11:46
peopleapp_hotspot_60c7e9d3bd,people_daily_20251117_30115164,people_daily_newspaper,延伸母题,0.4,主题关键词相符：银发力量、银发,0,2026-08-27T19:11:46
peopleapp_hotspot_60c7e9d3bd,people_daily_20251126_30116962,people_daily_newspaper,规范表达,0.41,主题关键词相符：老年教育、教育,0,2026-08-27T19:11:46
peopleapp_hotspot_60c7e9d3bd,people_daily_20251210_30119488,people_daily_newspaper,规范表达,0.47,主题关键词相符：银发力量、老年教育、银发、老化,0,2026-08-27T19:11:46
peopleapp_hotspot_60c7e9d3bd,people_daily_20260806_30173380,people_daily_newspaper,延伸母题,0.49,主题关键词相符：公共交通更适老、老化,0,2026-08-27T19:11:46
peopleapp_hotspot_60c7e9d3bd,people_daily_20260821_30176251,people_daily_newspaper,延伸母题,0.85,主题关键词相符：老化、字号、只靠、老人,0,2026-08-27T19:11:46
peopleapp_hotspot_60c7e9d3bd,peopleapp_opinion_20260626_30052498158_500007567219,peopleapp_opinion,媒体观点,1.0,来自人工复核后的APP评论热点归并,1,2026-08-27T19:11:46
peopleapp_hotspot_60c7e9d3bd,peopleapp_opinion_20260628_30052509563_500007569452,peopleapp_opinion,媒体观点,1.0,来自人工复核后的APP评论热点归并,1,2026-08-27T19:11:46
peopleapp_hotspot_60c7e9d3bd,peopleapp_opinion_20260629_30052514006_500007570472,peopleapp_opinion,媒体观点,1.0,来自人工复核后的APP评论热点归并,1,2026-08-27T19:11:46
peopleapp_hotspot_60c7e9d3bd,peopleapp_opinion_20260630_30052523393_500007572163,peopleapp_opinion,媒体观点,1.0,来自人工复核后的APP评论热点归并,1,2026-08-27T19:11:46
peopleapp_hotspot_60c7e9d3bd,peopleapp_opinion_20260705_30052570100_500007581239,peopleapp_opinion,媒体观点,1.0,来自人工复核后的APP评论热点归并,1,2026-08-27T19:11:46
peopleapp_hotspot_60c7e9d3bd,peopleapp_opinion_20260707_30052586764_500007584231,peopleapp_opinion,媒体观点,1.0,来自人工复核后的APP评论热点归并,1,2026-08-27T19:11:46
peopleapp_hotspot_60c7e9d3bd,peopleapp_opinion_20260707_30052588720_500007584891,peopleapp_opinion,媒体观点,1.0,来自人工复核后的APP评论热点归并,1,2026-08-27T19:11:46
peopleapp_hotspot_60c7e9d3bd,peopleapp_opinion_20260811_30052904027_500007645890,peopleapp_opinion,媒体观点,1.0,来自人工复核后的APP评论热点归并,1,2026-08-27T19:11:46
peopleapp_hotspot_60c7e9d3bd,peopleapp_opinion_20260815_30052936141_500007651481,peopleapp_opinion,媒体观点,1.0,来自人工复核后的APP评论热点归并,1,2026-08-27T19:11:46
peopleapp_hotspot_60c7e9d3bd,peopleapp_opinion_20260819_30052966947_500007658442,peopleapp_opinion,媒体观点,1.0,来自人工复核后的APP评论热点归并,1,2026-08-27T19:11:46
peopleapp_hotspot_60c7e9d3bd,peopleapp_opinion_20260821_30052976328_500007660468,peopleapp_opinion,媒体观点,1.0,来自人工复核后的APP评论热点归并,1,2026-08-27T19:11:46
peopleapp_hotspot_6c61f4349b,peopleapp_opinion_20260624_30052474186_500007561911,peopleapp_opinion,媒体观点,1.0,来自人工复核后的APP评论热点归并,1,2026-08-27T19:11:46
peopleapp_hotspot_6c61f4349b,peopleapp_opinion_20260624_30052478141_500007563151,peopleapp_opinion,媒体观点,1.0,来自人工复核后的APP评论热点归并,1,2026-08-27T19:11:46
peopleapp_hotspot_6edb0a96b1,peopleapp_opinion_20260816_30052942988_500007653106,peopleapp_opinion,媒体观点,1.0,来自人工复核后的APP评论热点归并,1,2026-08-27T19:11:46
peopleapp_hotspot_6edb0a96b1,peopleapp_opinion_20260817_30052948539_500007654343,peopleapp_opinion,媒体观点,1.0,来自人工复核后的APP评论热点归并,1,2026-08-27T19:11:46
peopleapp_hotspot_6edb0a96b1,peopleapp_opinion_20260818_30052956735_500007655495,peopleapp_opinion,媒体观点,1.0,来自人工复核后的APP评论热点归并,1,2026-08-27T19:11:46
peopleapp_hotspot_6edb0a96b1,peopleapp_opinion_20260818_30052958800_500007656071,peopleapp_opinion,媒体观点,1.0,来自人工复核后的APP评论热点归并,1,2026-08-27T19:11:46
peopleapp_hotspot_6edb0a96b1,peopleapp_opinion_20260819_30052964360_500007657573,peopleapp_opinion,媒体观点,1.0,来自人工复核后的APP评论热点归并,1,2026-08-27T19:11:46
peopleapp_hotspot_7be3e5d51a,people_daily_20250211_30055983,people_daily_newspaper,延伸母题,0.44,主题关键词相符：研学、研学游,0,2026-08-27T19:11:46
peopleapp_hotspot_7be3e5d51a,people_daily_20260626_30165127,people_daily_newspaper,规范表达,0.98,主题关键词相符：研学、流量、打卡、营销,0,2026-08-27T19:11:46
peopleapp_hotspot_7be3e5d51a,peopleapp_opinion_20260626_30052455974_500007567359,peopleapp_opinion,媒体观点,1.0,来自人工复核后的APP评论热点归并,1,2026-08-27T19:11:46
peopleapp_hotspot_7be3e5d51a,peopleapp_opinion_20260626_30052492278_500007565996,peopleapp_opinion,媒体观点,1.0,来自人工复核后的APP评论热点归并,1,2026-08-27T19:11:46
peopleapp_hotspot_7be3e5d51a,peopleapp_opinion_20260713_30052644722_500007595506,peopleapp_opinion,媒体观点,1.0,来自人工复核后的APP评论热点归并,1,2026-08-27T19:11:46
peopleapp_hotspot_7be3e5d51a,peopleapp_opinion_20260715_30052665327_500007599284,peopleapp_opinion,媒体观点,1.0,来自人工复核后的APP评论热点归并,1,2026-08-27T19:11:46
peopleapp_hotspot_7be3e5d51a,peopleapp_opinion_20260727_30052773347_500007620062,peopleapp_opinion,媒体观点,1.0,来自人工复核后的APP评论热点归并,1,2026-08-27T19:11:46
peopleapp_hotspot_7be3e5d51a,peopleapp_opinion_20260801_30052819600_500007629632,peopleapp_opinion,媒体观点,1.0,来自人工复核后的APP评论热点归并,1,2026-08-27T19:11:46
peopleapp_hotspot_7be3e5d51a,peopleapp_opinion_20260810_30052894333_500007644175,peopleapp_opinion,媒体观点,1.0,来自人工复核后的APP评论热点归并,1,2026-08-27T19:11:46
peopleapp_hotspot_7be3e5d51a,peopleapp_opinion_20260811_30052905474_500007646242,peopleapp_opinion,媒体观点,1.0,来自人工复核后的APP评论热点归并,1,2026-08-27T19:11:46
peopleapp_hotspot_88a3545dca,people_daily_20260612_30162684,people_daily_newspaper,规范表达,0.56,主题关键词相符：文化遗产、保护、传承,0,2026-08-27T19:11:46
peopleapp_hotspot_88a3545dca,people_daily_20260723_30170534,people_daily_newspaper,延伸母题,0.57,主题关键词相符：文化遗产、保护,0,2026-08-27T19:11:46
peopleapp_hotspot_88a3545dca,people_daily_20260723_30170549,people_daily_newspaper,延伸母题,0.56,主题关键词相符：文化遗产、传承、保护,0,2026-08-27T19:11:46
peopleapp_hotspot_88a3545dca,people_daily_20260727_30171111,people_daily_newspaper,治理案例,0.56,主题关键词相符：文化遗产、保护,0,2026-08-27T19:11:46
peopleapp_hotspot_88a3545dca,people_daily_20260727_30171118,people_daily_newspaper,规范表达,0.64,主题关键词相符：文化遗产、传承、保护、创意,0,2026-08-27T19:11:46
peopleapp_hotspot_88a3545dca,peopleapp_opinion_20260708_30052600020_500007587012,peopleapp_opinion,媒体观点,1.0,来自人工复核后的APP评论热点归并,1,2026-08-27T19:11:46
peopleapp_hotspot_88a3545dca,peopleapp_opinion_20260710_30052615886_500007589686,peopleapp_opinion,媒体观点,1.0,来自人工复核后的APP评论热点归并,1,2026-08-27T19:11:46
peopleapp_hotspot_88a3545dca,peopleapp_opinion_20260710_30052622589_500007590808,peopleapp_opinion,媒体观点,1.0,来自人工复核后的APP评论热点归并,1,2026-08-27T19:11:46
peopleapp_hotspot_88a3545dca,peopleapp_opinion_20260712_30052637538_500007593455,peopleapp_opinion,媒体观点,1.0,来自人工复核后的APP评论热点归并,1,2026-08-27T19:11:46
peopleapp_hotspot_88a3545dca,peopleapp_opinion_20260713_30052647143_500007595728,peopleapp_opinion,媒体观点,1.0,来自人工复核后的APP评论热点归并,1,2026-08-27T19:11:46
peopleapp_hotspot_93835942e1,people_daily_20260811_30174291,people_daily_newspaper,延伸母题,0.82,主题关键词相符：AI、短剧、分岔、小径,0,2026-08-27T19:11:46
peopleapp_hotspot_93835942e1,people_daily_20260818_30175556,people_daily_newspaper,延伸母题,0.83,主题关键词相符：AI、剧上、硬菜、卫视,0,2026-08-27T19:11:46
peopleapp_hotspot_93835942e1,peopleapp_opinion_20260806_30052862113_500007638616,peopleapp_opinion,媒体观点,1.0,来自人工复核后的APP评论热点归并,1,2026-08-27T19:11:46
peopleapp_hotspot_93835942e1,peopleapp_opinion_20260811_30052898822_500007644697,peopleapp_opinion,媒体观点,1.0,来自人工复核后的APP评论热点归并,1,2026-08-27T19:11:46
peopleapp_hotspot_93835942e1,peopleapp_opinion_20260813_30052923203_500007649323,peopleapp_opinion,媒体观点,1.0,来自人工复核后的APP评论热点归并,1,2026-08-27T19:11:46
peopleapp_hotspot_93835942e1,peopleapp_opinion_20260813_30052924215_500007649778,peopleapp_opinion,媒体观点,1.0,来自人工复核后的APP评论热点归并,1,2026-08-27T19:11:46
peopleapp_hotspot_93835942e1,peopleapp_opinion_20260818_30052953835_500007655636,peopleapp_opinion,媒体观点,1.0,来自人工复核后的APP评论热点归并,1,2026-08-27T19:11:46
peopleapp_hotspot_93835942e1,peopleapp_opinion_20260819_30052964029_500007657544,peopleapp_opinion,媒体观点,1.0,来自人工复核后的APP评论热点归并,1,2026-08-27T19:11:46
peopleapp_hotspot_970a3f3ffc,people_daily_20260708_30167419,people_daily_newspaper,延伸母题,0.92,主题关键词相符：防汛、抢险救援、救灾、防灾,0,2026-08-27T19:11:46
peopleapp_hotspot_970a3f3ffc,people_daily_20260709_30167650,people_daily_newspaper,规范表达,0.86,主题关键词相符：防汛、救灾、防灾,0,2026-08-27T19:11:46
peopleapp_hotspot_970a3f3ffc,people_daily_20260711_30168077,people_daily_newspaper,延伸母题,0.83,主题关键词相符：今日、抓细、落实,0,2026-08-27T19:11:46
peopleapp_hotspot_970a3f3ffc,people_daily_20260712_30168138,people_daily_newspaper,延伸母题,0.83,主题关键词相符：防汛、今日、救灾、救援,0,2026-08-27T19:11:46
peopleapp_hotspot_970a3f3ffc,people_daily_20260713_30168297,people_daily_newspaper,延伸母题,0.83,主题关键词相符：防汛、今日、救灾、防灾,0,2026-08-27T19:11:46
peopleapp_hotspot_970a3f3ffc,peopleapp_opinion_20260707_30052591399_500007585392,peopleapp_opinion,媒体观点,1.0,来自人工复核后的APP评论热点归并,1,2026-08-27T19:11:46
peopleapp_hotspot_970a3f3ffc,peopleapp_opinion_20260708_30052593770_500007585668,peopleapp_opinion,媒体观点,1.0,来自人工复核后的APP评论热点归并,1,2026-08-27T19:11:46
peopleapp_hotspot_970a3f3ffc,peopleapp_opinion_20260708_30052599883_500007586994,peopleapp_opinion,媒体观点,1.0,来自人工复核后的APP评论热点归并,1,2026-08-27T19:11:46
peopleapp_hotspot_970a3f3ffc,peopleapp_opinion_20260709_30052604002_500007587785,peopleapp_opinion,媒体观点,1.0,来自人工复核后的APP评论热点归并,1,2026-08-27T19:11:46
peopleapp_hotspot_970a3f3ffc,peopleapp_opinion_20260709_30052611281_500007589277,peopleapp_opinion,媒体观点,1.0,来自人工复核后的APP评论热点归并,1,2026-08-27T19:11:46
peopleapp_hotspot_970a3f3ffc,peopleapp_opinion_20260710_30052608859_500007590704,peopleapp_opinion,媒体观点,1.0,来自人工复核后的APP评论热点归并,1,2026-08-27T19:11:46
peopleapp_hotspot_970a3f3ffc,peopleapp_opinion_20260710_30052616651_500007589786,peopleapp_opinion,媒体观点,1.0,来自人工复核后的APP评论热点归并,1,2026-08-27T19:11:46
peopleapp_hotspot_970a3f3ffc,peopleapp_opinion_20260711_30052625348_500007591147,peopleapp_opinion,媒体观点,1.0,来自人工复核后的APP评论热点归并,1,2026-08-27T19:11:46
peopleapp_hotspot_970a3f3ffc,peopleapp_opinion_20260711_30052625755_500007591128,peopleapp_opinion,媒体观点,1.0,来自人工复核后的APP评论热点归并,1,2026-08-27T19:11:46
peopleapp_hotspot_970a3f3ffc,peopleapp_opinion_20260712_30052632437_500007592550,peopleapp_opinion,媒体观点,1.0,来自人工复核后的APP评论热点归并,1,2026-08-27T19:11:46
peopleapp_hotspot_970a3f3ffc,peopleapp_opinion_20260712_30052633903_500007593040,peopleapp_opinion,媒体观点,1.0,来自人工复核后的APP评论热点归并,1,2026-08-27T19:11:46
peopleapp_hotspot_970a3f3ffc,peopleapp_opinion_20260712_30052633963_500007593048,peopleapp_opinion,媒体观点,1.0,来自人工复核后的APP评论热点归并,1,2026-08-27T19:11:46
peopleapp_hotspot_970a3f3ffc,peopleapp_opinion_20260712_30052635943_500007593269,peopleapp_opinion,媒体观点,1.0,来自人工复核后的APP评论热点归并,1,2026-08-27T19:11:46
peopleapp_hotspot_970a3f3ffc,peopleapp_opinion_20260713_30052639141_500007593984,peopleapp_opinion,媒体观点,1.0,来自人工复核后的APP评论热点归并,1,2026-08-27T19:11:46
peopleapp_hotspot_970a3f3ffc,peopleapp_opinion_20260713_30052644729_500007595508,peopleapp_opinion,媒体观点,1.0,来自人工复核后的APP评论热点归并,1,2026-08-27T19:11:46
peopleapp_hotspot_970a3f3ffc,peopleapp_opinion_20260714_30052650969_500007596343,peopleapp_opinion,媒体观点,1.0,来自人工复核后的APP评论热点归并,1,2026-08-27T19:11:46
peopleapp_hotspot_970a3f3ffc,peopleapp_opinion_20260714_30052655850_500007597517,peopleapp_opinion,媒体观点,1.0,来自人工复核后的APP评论热点归并,1,2026-08-27T19:11:46
peopleapp_hotspot_970a3f3ffc,peopleapp_opinion_20260719_30052695584_500007605142,peopleapp_opinion,媒体观点,1.0,来自人工复核后的APP评论热点归并,1,2026-08-27T19:11:46
peopleapp_hotspot_970a3f3ffc,peopleapp_opinion_20260807_30052873326_500007640362,peopleapp_opinion,媒体观点,1.0,来自人工复核后的APP评论热点归并,1,2026-08-27T19:11:46
peopleapp_hotspot_9eb0a1c5f7,people_daily_20260820_30176052,people_daily_newspaper,延伸母题,0.85,主题关键词相符：AI、客服、添堵、消费者,0,2026-08-27T19:11:46
peopleapp_hotspot_9eb0a1c5f7,peopleapp_opinion_20260820_30052969051_500007658867,peopleapp_opinion,媒体观点,1.0,来自人工复核后的APP评论热点归并,1,2026-08-27T19:11:46
peopleapp_hotspot_9eb0a1c5f7,peopleapp_opinion_20260820_30052973797_500007660111,peopleapp_opinion,媒体观点,1.0,来自人工复核后的APP评论热点归并,1,2026-08-27T19:11:46
peopleapp_hotspot_a2f4e000bf,peopleapp_opinion_20260813_30052923250_500007649327,peopleapp_opinion,媒体观点,1.0,来自人工复核后的APP评论热点归并,1,2026-08-27T19:11:46
peopleapp_hotspot_a2f4e000bf,peopleapp_opinion_20260818_30052956588_500007655406,peopleapp_opinion,媒体观点,1.0,来自人工复核后的APP评论热点归并,1,2026-08-27T19:11:46
peopleapp_hotspot_a2f4e000bf,peopleapp_opinion_20260818_30052957892_500007655883,peopleapp_opinion,媒体观点,1.0,来自人工复核后的APP评论热点归并,1,2026-08-27T19:11:46
peopleapp_hotspot_a2f4e000bf,peopleapp_opinion_20260819_30052965987_500007658386,peopleapp_opinion,媒体观点,1.0,来自人工复核后的APP评论热点归并,1,2026-08-27T19:11:46
peopleapp_hotspot_a2f4e000bf,peopleapp_opinion_20260821_30052976294_500007660482,peopleapp_opinion,媒体观点,1.0,来自人工复核后的APP评论热点归并,1,2026-08-27T19:11:46
peopleapp_hotspot_ae03e533ff,people_daily_20260714_30168561,people_daily_newspaper,延伸母题,0.78,主题关键词相符：AI、翻字、智能,0,2026-08-27T19:11:46
peopleapp_hotspot_ae03e533ff,people_daily_20260714_30168589,people_daily_newspaper,延伸母题,0.77,主题关键词相符：智能、AI、无戏,0,2026-08-27T19:11:46
peopleapp_hotspot_ae03e533ff,people_daily_20260714_30168610,people_daily_newspaper,延伸母题,0.98,主题关键词相符：智能向善、向善、智能、共筑,0,2026-08-27T19:11:46
peopleapp_hotspot_ae03e533ff,people_daily_20260720_30169730,people_daily_newspaper,延伸母题,0.59,主题关键词相符：人工智能大考、人工智能教育、智能、教育,0,2026-08-27T19:11:46
peopleapp_hotspot_ae03e533ff,people_daily_20260819_30175826,people_daily_newspaper,延伸母题,0.59,主题关键词相符：人工智能教育、智能、教育、AI,0,2026-08-27T19:11:46
peopleapp_hotspot_ae03e533ff,peopleapp_opinion_20260712_30052626399_500007591339,peopleapp_opinion,媒体观点,1.0,来自人工复核后的APP评论热点归并,1,2026-08-27T19:11:46
peopleapp_hotspot_ae03e533ff,peopleapp_opinion_20260712_30052631410_500007593154,peopleapp_opinion,媒体观点,1.0,来自人工复核后的APP评论热点归并,1,2026-08-27T19:11:46
peopleapp_hotspot_ae03e533ff,peopleapp_opinion_20260712_30052634719_500007593325,peopleapp_opinion,媒体观点,1.0,来自人工复核后的APP评论热点归并,1,2026-08-27T19:11:46
peopleapp_hotspot_ae03e533ff,peopleapp_opinion_20260713_30052641185_500007594245,peopleapp_opinion,媒体观点,1.0,来自人工复核后的APP评论热点归并,1,2026-08-27T19:11:46
peopleapp_hotspot_ae03e533ff,peopleapp_opinion_20260713_30052641305_500007594125,peopleapp_opinion,媒体观点,1.0,来自人工复核后的APP评论热点归并,1,2026-08-27T19:11:46
peopleapp_hotspot_ae03e533ff,peopleapp_opinion_20260713_30052644722_500007595506,peopleapp_opinion,媒体观点,1.0,来自人工复核后的APP评论热点归并,1,2026-08-27T19:11:46
peopleapp_hotspot_ae03e533ff,peopleapp_opinion_20260714_30052649366_500007596119,peopleapp_opinion,媒体观点,1.0,来自人工复核后的APP评论热点归并,1,2026-08-27T19:11:46
peopleapp_hotspot_ae03e533ff,peopleapp_opinion_20260714_30052649450_500007596561,peopleapp_opinion,媒体观点,1.0,来自人工复核后的APP评论热点归并,1,2026-08-27T19:11:46
peopleapp_hotspot_ae03e533ff,peopleapp_opinion_20260714_30052649478_500007596562,peopleapp_opinion,媒体观点,1.0,来自人工复核后的APP评论热点归并,1,2026-08-27T19:11:46
peopleapp_hotspot_ae03e533ff,peopleapp_opinion_20260714_30052656348_500007597494,peopleapp_opinion,媒体观点,1.0,来自人工复核后的APP评论热点归并,1,2026-08-27T19:11:46
peopleapp_hotspot_ae03e533ff,peopleapp_opinion_20260715_30052665327_500007599284,peopleapp_opinion,媒体观点,1.0,来自人工复核后的APP评论热点归并,1,2026-08-27T19:11:46
peopleapp_hotspot_ae03e533ff,peopleapp_opinion_20260727_30052773347_500007620062,peopleapp_opinion,媒体观点,1.0,来自人工复核后的APP评论热点归并,1,2026-08-27T19:11:46
peopleapp_hotspot_ae03e533ff,peopleapp_opinion_20260811_30052905474_500007646242,peopleapp_opinion,媒体观点,1.0,来自人工复核后的APP评论热点归并,1,2026-08-27T19:11:46
peopleapp_hotspot_af3b947304,people_daily_20260810_30174004,people_daily_newspaper,延伸母题,0.85,主题关键词相符：减减、留痕、填表、基层,0,2026-08-27T19:11:46
peopleapp_hotspot_af3b947304,people_daily_20260810_30174005,people_daily_newspaper,治理案例,0.85,主题关键词相符：还给、时间、群众、减负,0,2026-08-27T19:11:46
peopleapp_hotspot_af3b947304,peopleapp_opinion_20260810_30052888830_500007643497,peopleapp_opinion,媒体观点,1.0,来自人工复核后的APP评论热点归并,1,2026-08-27T19:11:46
peopleapp_hotspot_af3b947304,peopleapp_opinion_20260810_30052888831_500007643620,peopleapp_opinion,媒体观点,1.0,来自人工复核后的APP评论热点归并,1,2026-08-27T19:11:46
peopleapp_hotspot_af3b947304,peopleapp_opinion_20260810_30052896590_500007644432,peopleapp_opinion,媒体观点,1.0,来自人工复核后的APP评论热点归并,1,2026-08-27T19:11:46
peopleapp_hotspot_af3b947304,peopleapp_opinion_20260812_30052916963_500007648013,peopleapp_opinion,媒体观点,1.0,来自人工复核后的APP评论热点归并,1,2026-08-27T19:11:46
peopleapp_hotspot_af3b947304,peopleapp_opinion_20260821_30052980836_500007661864,peopleapp_opinion,媒体观点,1.0,来自人工复核后的APP评论热点归并,1,2026-08-27T19:11:46
peopleapp_hotspot_bd5e2bf2c5,peopleapp_opinion_20260823_30052995260_500007663909,peopleapp_opinion,媒体观点,1.0,来自人工复核后的APP评论热点归并,1,2026-08-27T19:11:46
peopleapp_hotspot_bd5e2bf2c5,peopleapp_opinion_20260824_30053002085_500007665383,peopleapp_opinion,媒体观点,1.0,来自人工复核后的APP评论热点归并,1,2026-08-27T19:11:46
peopleapp_hotspot_bd5e2bf2c5,peopleapp_opinion_20260825_30053008933_500007666900,peopleapp_opinion,媒体观点,1.0,来自人工复核后的APP评论热点归并,1,2026-08-27T19:11:46
peopleapp_hotspot_bd5e2bf2c5,peopleapp_opinion_20260825_30053010395_500007666929,peopleapp_opinion,媒体观点,1.0,来自人工复核后的APP评论热点归并,1,2026-08-27T19:11:46
peopleapp_hotspot_bd5e2bf2c5,peopleapp_opinion_20260825_30053013376_500007667232,peopleapp_opinion,媒体观点,1.0,来自人工复核后的APP评论热点归并,1,2026-08-27T19:11:46
peopleapp_hotspot_bd5e2bf2c5,peopleapp_opinion_20260825_30053013785_500007667323,peopleapp_opinion,媒体观点,1.0,来自人工复核后的APP评论热点归并,1,2026-08-27T19:11:46
peopleapp_hotspot_bdb0e2f5b1,peopleapp_opinion_20260624_30052478313_500007563166,peopleapp_opinion,媒体观点,1.0,来自人工复核后的APP评论热点归并,1,2026-08-27T19:11:46
peopleapp_hotspot_bdb0e2f5b1,peopleapp_opinion_20260626_30052499517_500007567272,peopleapp_opinion,媒体观点,1.0,来自人工复核后的APP评论热点归并,1,2026-08-27T19:11:46
peopleapp_hotspot_bdb0e2f5b1,peopleapp_opinion_20260726_30052761506_500007617573,peopleapp_opinion,媒体观点,1.0,来自人工复核后的APP评论热点归并,1,2026-08-27T19:11:46
peopleapp_hotspot_bdb0e2f5b1,peopleapp_opinion_20260730_30052805413_500007627179,peopleapp_opinion,媒体观点,1.0,来自人工复核后的APP评论热点归并,1,2026-08-27T19:11:46
peopleapp_hotspot_bdb0e2f5b1,peopleapp_opinion_20260801_30052819674_500007629636,peopleapp_opinion,媒体观点,1.0,来自人工复核后的APP评论热点归并,1,2026-08-27T19:11:46
peopleapp_hotspot_c1923264e8,people_daily_20250327_30064502,people_daily_newspaper,延伸母题,0.44,主题关键词相符：AI生成、AI、换脸、人工智能,0,2026-08-27T19:11:46
peopleapp_hotspot_c1923264e8,people_daily_20260122_30134836,people_daily_newspaper,延伸母题,0.62,主题关键词相符：人格权、AI生成、AI,0,2026-08-27T19:11:46
peopleapp_hotspot_c1923264e8,people_daily_20260409_30150092,people_daily_newspaper,延伸母题,0.42,主题关键词相符：AI生成、AI,0,2026-08-27T19:11:46
peopleapp_hotspot_c1923264e8,people_daily_20260416_30151480,people_daily_newspaper,延伸母题,0.39,主题关键词相符：AI生成、AI,0,2026-08-27T19:11:46
peopleapp_hotspot_c1923264e8,people_daily_20260711_30168021,people_daily_newspaper,延伸母题,0.72,主题关键词相符：人工智能、AI、换脸,0,2026-08-27T19:11:46
peopleapp_hotspot_c1923264e8,peopleapp_opinion_20260705_30052568943_500007581130,peopleapp_opinion,媒体观点,1.0,来自人工复核后的APP评论热点归并,1,2026-08-27T19:11:46
peopleapp_hotspot_c1923264e8,peopleapp_opinion_20260708_30052599783_500007586985,peopleapp_opinion,媒体观点,1.0,来自人工复核后的APP评论热点归并,1,2026-08-27T19:11:46
peopleapp_hotspot_c1923264e8,peopleapp_opinion_20260710_30052615993_500007589692,peopleapp_opinion,媒体观点,1.0,来自人工复核后的APP评论热点归并,1,2026-08-27T19:11:46
peopleapp_hotspot_c1923264e8,peopleapp_opinion_20260711_30052625363_500007591168,peopleapp_opinion,媒体观点,1.0,来自人工复核后的APP评论热点归并,1,2026-08-27T19:11:46
peopleapp_hotspot_c1923264e8,peopleapp_opinion_20260818_30052956684_500007655479,peopleapp_opinion,媒体观点,1.0,来自人工复核后的APP评论热点归并,1,2026-08-27T19:11:46
peopleapp_hotspot_c53f6034d6,people_daily_20260804_30172999,people_daily_newspaper,延伸母题,0.97,主题关键词相符：停车收费、向上取整、停车费、停车,0,2026-08-27T19:11:46
peopleapp_hotspot_c53f6034d6,peopleapp_opinion_20260624_30052480669_500007563326,peopleapp_opinion,媒体观点,1.0,来自人工复核后的APP评论热点归并,1,2026-08-27T19:11:46
peopleapp_hotspot_c53f6034d6,peopleapp_opinion_20260625_30052476000_500007564442,peopleapp_opinion,媒体观点,1.0,来自人工复核后的APP评论热点归并,1,2026-08-27T19:11:46
peopleapp_hotspot_c53f6034d6,peopleapp_opinion_20260625_30052491224_500007565373,peopleapp_opinion,媒体观点,1.0,来自人工复核后的APP评论热点归并,1,2026-08-27T19:11:46
peopleapp_hotspot_d5143012d1,peopleapp_opinion_20260809_30052887515_500007642918,peopleapp_opinion,媒体观点,1.0,来自人工复核后的APP评论热点归并,1,2026-08-27T19:11:46
peopleapp_hotspot_d5143012d1,peopleapp_opinion_20260816_30052944366_500007653201,peopleapp_opinion,媒体观点,1.0,来自人工复核后的APP评论热点归并,1,2026-08-27T19:11:46
peopleapp_hotspot_d5143012d1,peopleapp_opinion_20260819_30052966048_500007658390,peopleapp_opinion,媒体观点,1.0,来自人工复核后的APP评论热点归并,1,2026-08-27T19:11:46
peopleapp_hotspot_d54cb16adc,people_daily_20260626_30165101,people_daily_newspaper,延伸母题,0.98,主题关键词相符：中国机遇、机遇、红利、创新,0,2026-08-27T19:11:46
peopleapp_hotspot_d54cb16adc,people_daily_20260629_30165384,people_daily_newspaper,政策依据,0.98,主题关键词相符：读懂中国、制度密码、读懂、制度,0,2026-08-27T19:11:46
peopleapp_hotspot_d54cb16adc,people_daily_20260701_30165883,people_daily_newspaper,延伸母题,0.58,主题关键词相符：读懂中国、读懂、创新、全球,0,2026-08-27T19:11:46
peopleapp_hotspot_d54cb16adc,people_daily_20260729_30171763,people_daily_newspaper,延伸母题,0.6,主题关键词相符：中国机遇、2.0、机遇、读懂,0,2026-08-27T19:11:46
peopleapp_hotspot_d54cb16adc,people_daily_20260730_30171970,people_daily_newspaper,延伸母题,0.61,主题关键词相符：中国机遇、机遇、冲击、2.0,0,2026-08-27T19:11:46
peopleapp_hotspot_d54cb16adc,peopleapp_opinion_20260624_30052472938_500007561828,peopleapp_opinion,媒体观点,1.0,来自人工复核后的APP评论热点归并,1,2026-08-27T19:11:46
peopleapp_hotspot_d54cb16adc,peopleapp_opinion_20260626_30052492252_500007565704,peopleapp_opinion,媒体观点,1.0,来自人工复核后的APP评论热点归并,1,2026-08-27T19:11:46
peopleapp_hotspot_d54cb16adc,peopleapp_opinion_20260627_30052502824_500007568021,peopleapp_opinion,媒体观点,1.0,来自人工复核后的APP评论热点归并,1,2026-08-27T19:11:46
peopleapp_hotspot_d54cb16adc,peopleapp_opinion_20260628_30052507877_500007569355,peopleapp_opinion,媒体观点,1.0,来自人工复核后的APP评论热点归并,1,2026-08-27T19:11:46
peopleapp_hotspot_d54cb16adc,peopleapp_opinion_20260629_30052512062_500007569884,peopleapp_opinion,媒体观点,1.0,来自人工复核后的APP评论热点归并,1,2026-08-27T19:11:46
peopleapp_hotspot_d54cb16adc,peopleapp_opinion_20260726_30052740306_500007617861,peopleapp_opinion,媒体观点,1.0,来自人工复核后的APP评论热点归并,1,2026-08-27T19:11:46
peopleapp_hotspot_d66749d958,peopleapp_opinion_20260811_30052904415_500007645977,peopleapp_opinion,媒体观点,1.0,来自人工复核后的APP评论热点归并,1,2026-08-27T19:11:46
peopleapp_hotspot_d66749d958,peopleapp_opinion_20260817_30052949918_500007654345,peopleapp_opinion,媒体观点,1.0,来自人工复核后的APP评论热点归并,1,2026-08-27T19:11:46
peopleapp_hotspot_d66749d958,peopleapp_opinion_20260819_30052964935_500007658008,peopleapp_opinion,媒体观点,1.0,来自人工复核后的APP评论热点归并,1,2026-08-27T19:11:46
peopleapp_hotspot_d66749d958,peopleapp_opinion_20260820_30052975384_500007660204,peopleapp_opinion,媒体观点,1.0,来自人工复核后的APP评论热点归并,1,2026-08-27T19:11:46
peopleapp_hotspot_d66749d958,peopleapp_opinion_20260822_30052986562_500007662526,peopleapp_opinion,媒体观点,1.0,来自人工复核后的APP评论热点归并,1,2026-08-27T19:11:46
peopleapp_hotspot_e349cd9e2b,people_daily_20260611_30162398,people_daily_newspaper,政策依据,0.64,主题关键词相符：志愿填报、高考志愿、志愿、填报,0,2026-08-27T19:11:46
peopleapp_hotspot_e349cd9e2b,people_daily_20260702_30166044,people_daily_newspaper,延伸母题,0.64,主题关键词相符：志愿填报、高考志愿、志愿、填报,0,2026-08-27T19:11:46
peopleapp_hotspot_e349cd9e2b,peopleapp_opinion_20260624_30052480394_500007563312,peopleapp_opinion,媒体观点,1.0,来自人工复核后的APP评论热点归并,1,2026-08-27T19:11:46
peopleapp_hotspot_e349cd9e2b,peopleapp_opinion_20260625_30052488640_500007565120,peopleapp_opinion,媒体观点,1.0,来自人工复核后的APP评论热点归并,1,2026-08-27T19:11:46
peopleapp_hotspot_e349cd9e2b,peopleapp_opinion_20260625_30052490778_500007565360,peopleapp_opinion,媒体观点,1.0,来自人工复核后的APP评论热点归并,1,2026-08-27T19:11:46
peopleapp_hotspot_e349cd9e2b,peopleapp_opinion_20260626_30052498656_500007567234,peopleapp_opinion,媒体观点,1.0,来自人工复核后的APP评论热点归并,1,2026-08-27T19:11:46
peopleapp_hotspot_e349cd9e2b,peopleapp_opinion_20260627_30052504924_500007568469,peopleapp_opinion,媒体观点,1.0,来自人工复核后的APP评论热点归并,1,2026-08-27T19:11:46
peopleapp_hotspot_e349cd9e2b,peopleapp_opinion_20260628_30052508435_500007569359,peopleapp_opinion,媒体观点,1.0,来自人工复核后的APP评论热点归并,1,2026-08-27T19:11:46
peopleapp_hotspot_e349cd9e2b,peopleapp_opinion_20260629_30052514800_500007570769,peopleapp_opinion,媒体观点,1.0,来自人工复核后的APP评论热点归并,1,2026-08-27T19:11:46
peopleapp_hotspot_e349cd9e2b,peopleapp_opinion_20260706_30052580474_500007583190,peopleapp_opinion,媒体观点,1.0,来自人工复核后的APP评论热点归并,1,2026-08-27T19:11:46
peopleapp_hotspot_e57011fbf4,peopleapp_opinion_20260812_30052914188_500007647800,peopleapp_opinion,媒体观点,1.0,来自人工复核后的APP评论热点归并,1,2026-08-27T19:11:46
peopleapp_hotspot_e57011fbf4,peopleapp_opinion_20260814_30052933750_500007651282,peopleapp_opinion,媒体观点,1.0,来自人工复核后的APP评论热点归并,1,2026-08-27T19:11:46
peopleapp_hotspot_e57011fbf4,peopleapp_opinion_20260817_30052950288_500007654397,peopleapp_opinion,媒体观点,1.0,来自人工复核后的APP评论热点归并,1,2026-08-27T19:11:46
peopleapp_hotspot_e70fa03a14,peopleapp_opinion_20260817_30052951023_500007654533,peopleapp_opinion,媒体观点,1.0,来自人工复核后的APP评论热点归并,1,2026-08-27T19:11:46
peopleapp_hotspot_e70fa03a14,peopleapp_opinion_20260819_30052957913_500007655884,peopleapp_opinion,媒体观点,1.0,来自人工复核后的APP评论热点归并,1,2026-08-27T19:11:46
peopleapp_hotspot_e70fa03a14,peopleapp_opinion_20260820_30052975386_500007660205,peopleapp_opinion,媒体观点,1.0,来自人工复核后的APP评论热点归并,1,2026-08-27T19:11:46
peopleapp_hotspot_e76c769a01,people_daily_20260611_30162394,people_daily_newspaper,延伸母题,0.59,主题关键词相符：新就业群体、群体、就业、快递,0,2026-08-27T19:11:46
peopleapp_hotspot_e76c769a01,people_daily_20260612_30162633,people_daily_newspaper,延伸母题,0.61,主题关键词相符：新就业形态劳动者、就业、劳动者、快递,0,2026-08-27T19:11:46
peopleapp_hotspot_e76c769a01,people_daily_20260708_30167455,people_daily_newspaper,延伸母题,0.61,主题关键词相符：新就业群体、群体、就业、快递,0,2026-08-27T19:11:46
peopleapp_hotspot_e76c769a01,people_daily_20260724_30170859,people_daily_newspaper,延伸母题,0.59,主题关键词相符：新就业形态劳动者、就业、劳动者,0,2026-08-27T19:11:46
peopleapp_hotspot_e76c769a01,people_daily_20260805_30173164,people_daily_newspaper,延伸母题,0.64,主题关键词相符：新就业群体、新就业形态劳动者、群体、就业,0,2026-08-27T19:11:46
peopleapp_hotspot_e76c769a01,peopleapp_opinion_20260626_30052498768_500007567239,peopleapp_opinion,媒体观点,1.0,来自人工复核后的APP评论热点归并,1,2026-08-27T19:11:46
peopleapp_hotspot_e76c769a01,peopleapp_opinion_20260627_30052501374_500007567497,peopleapp_opinion,媒体观点,1.0,来自人工复核后的APP评论热点归并,1,2026-08-27T19:11:46
peopleapp_hotspot_e76c769a01,peopleapp_opinion_20260709_30052604005_500007587735,peopleapp_opinion,媒体观点,1.0,来自人工复核后的APP评论热点归并,1,2026-08-27T19:11:46
peopleapp_hotspot_f76a94adc0,peopleapp_opinion_20260815_30052938503_500007652110,peopleapp_opinion,媒体观点,1.0,来自人工复核后的APP评论热点归并,1,2026-08-27T19:11:46
peopleapp_hotspot_f76a94adc0,peopleapp_opinion_20260816_30052943231_500007653132,peopleapp_opinion,媒体观点,1.0,来自人工复核后的APP评论热点归并,1,2026-08-27T19:11:46
peopleapp_hotspot_f76a94adc0,peopleapp_opinion_20260818_30052956714_500007655488,peopleapp_opinion,媒体观点,1.0,来自人工复核后的APP评论热点归并,1,2026-08-27T19:11:46
peopleapp_hotspot_f76a94adc0,peopleapp_opinion_20260819_30052964928_500007658006,peopleapp_opinion,媒体观点,1.0,来自人工复核后的APP评论热点归并,1,2026-08-27T19:11:46
peopleapp_hotspot_fb490103a8,peopleapp_opinion_20260816_30052943481_500007653153,peopleapp_opinion,媒体观点,1.0,来自人工复核后的APP评论热点归并,1,2026-08-27T19:11:46
peopleapp_hotspot_fb490103a8,peopleapp_opinion_20260817_30052948878_500007654143,peopleapp_opinion,媒体观点,1.0,来自人工复核后的APP评论热点归并,1,2026-08-27T19:11:46
peopleapp_hotspot_fb490103a8,peopleapp_opinion_20260821_30052981974_500007662052,peopleapp_opinion,媒体观点,1.0,来自人工复核后的APP评论热点归并,1,2026-08-27T19:11:46
