"热门搜索词","搜索板块","展示次数","点击次数","曝光点击率","关联搜索词"
"传承","文章","1165","32","2.75%","继承，非遗，红色"
"县域经济","文章","790","190","24.05%","县域，县域经济高质量发展，县域消费"
"新就业群体","文章","711","106","14.91%","新就业，新兴领域，外卖"
"社会工作","文章","582","49","8.42%","社工，社会工作部，社会"
"常态化帮扶","文章","549","92","16.76%","常态化帮扶持续巩固拓展脱贫攻坚成果，常态化，乡村振兴"
"人民日报","文章","471","8","1.70%","人民，央视，立秋"
"文化","文章","448","50","11.16%","问好，文华，企业文化"
"科普","文章","411","24","5.84%","科普大赛，科技，健康科普"
"六张网","文章","384","58","15.10%","六网，六张网建设，六张网包含哪些"
"未成年人","文章","383","19","4.96%","未成年，未成年人模式，未成年人网络保护条例"
"学习","公众号","396","32","8.08%","学校，xue，xu"
"学习大国","公众号","297","11","3.70%","办公室主任，焦点访谈，新质生产力"
"理想国","公众号","262","28","10.69%","理想，学人，十三邀"
"理想","公众号","115","9","7.83%","特斯拉，蔚来，理想i6"
"理想国读书","公众号","36","2","5.56%","地图书，理想国，老兵"
"理想国imaginist","公众号","35","1","2.86%","理想国，利维坦，理想"
"理想国公众号","公众号","28","3","10.71%","理想国，新世界，甲骨文"
"这是你的理想国","公众号","8","0","0.00%","世玉，理想"
"花卷的理想国","公众号","7","0","0.00%",""
"原乡理想国","公众号","5","0","0.00%",""
