文章标题,发布日期,是否原创,累计收入（元）
《人民日报》讲透“数字治理”：不是简单“上系统”,2026-06-08,原创,27.96
《人民日报》讲透“全国统一大市场”：不止于大,2026-06-09,原创,47.10
我的公众号历史性时刻,2026-06-09,原创,0.58
《人民日报》讲透城市更新：不是只有“拆”,2026-06-10,原创,54.55
人民日报讲AI治理,2026-06-11,原创,0.01
《人民日报》讲透“反内卷”：不是反竞争,2026-06-12,原创,6.52
《人民日报》讲透“向海图强”：不是“靠海吃海”,2026-06-13,原创,4.13
《人民日报》写透“清欠企业账款”：不仅仅是财务题,2026-06-14,原创,2.15
《人民日报》讲透【银发经济】：不是养老负担,2026-06-15,原创,29.67
《人民日报》写【低空经济】：别只追风口,2026-06-16,原创,10.05
写给7岁的你：爸爸想跟你聊几件事,2026-06-19,原创,2.22
《人民日报》讲【资源循环】：不是回收旧物,2026-06-20,原创,1.99
《人民日报》讲【AI 时代教育】：不是人人学工具,2026-06-21,原创,1.25
《人民日报》讲【大国向西】：不纯是“补短板”,2026-06-22,原创,2.24
《人民日报》写【服务消费】：不是发券促销,2026-06-23,原创,18.56
《人民日报》讲【新型城镇化】：不仅是进城落脚,2026-06-24,原创,3.74
《人民日报》讲【就业难】：不能只写“多给岗位”,2026-06-25,原创,28.76
《人民日报》讲【新媒体融合】：不是多开账号,2026-06-26,原创,6.50
《人民日报》讲【现代农业】：不是只靠苦干,2026-06-27,原创,3.76
《人民日报》讲透【科技成果转化】：别只写“产学研”,2026-06-28,原创,101.36
《人民日报》讲【健康中国】：不是医院越大越好,2026-06-29,原创,5.58
官媒视角看【取消停车计费“向上取整”】：不是少收几块钱的事,2026-06-29,原创,0.80
《人民日报》讲【文化传承】：既要守住根脉，也要走进生活、走向世界,2026-06-30,原创,14.19
《人民日报》讲【六张网】：不是大基建清单,2026-07-01,原创,35.44
《人民日报》讲【正确政绩观】2：让群众看到变化，靠考核、决策和旧账闭环,2026-07-02,原创,3.03
30｜《人民日报》讲【共同富裕】：不是平均用力,2026-07-03,原创,2.55
《人民日报》讲【人民城市】：不能只看GDP和地标,2026-07-04,原创,2.20
《人民日报》谈中国【品牌出海】：不是卖得更多,2026-07-05,原创,1.83
《人民日报》谈教育“十五五”：不是让孩子学得更多,2026-07-06,原创,26.66
《人民日报》谈【未来产业】：不是各地追同一个风口,2026-07-07,原创,3.34
《人民日报》谈【安全治理】：安全不是成本问题,2026-07-09,原创,9.39
《人民日报》谈【营商环境】：企业不仅要进得来，也要……,2026-07-10,原创,7.63
《人民日报》谈【知识产权】：防止“碰瓷式维权,2026-07-11,原创,6.07
《人民日报》谈【养老】：不仅仅是公益事业,2026-07-12,原创,11.97
《人民日报》谈【文化与科技融合】：不是给传统文化套一层特效,2026-07-13,原创,13.60
《人民日报》谈【政绩考核】：不是考得多,2026-07-14,原创,4.01
《人民日报》谈【AI 应用落地】：不是单选题,2026-07-15,非原创,2.16
《人民日报》谈【乡村文化振兴】：农家书屋不能只“有书”,2026-07-16,原创,11.90
《人民日报》再谈【县域经济】：不求“小而全”,2026-07-18,原创,49.72
《人民日报》谈【教育科技人才一体发展】：不是简单的并列,2026-07-20,原创,0.01
《人民日报》讲透“常态化帮扶”：不是简单“输血”,2026-07-22,原创,35.54
《人民日报》谈【农业社会化服务】：不是把地“交出去”,2026-07-23,原创,2.74
《人民日报》谈【科技金融】：不是多给一笔贷款,2026-07-24,原创,20.68
《人民日报》谈【抓落实】：不能挑肥拣瘦,2026-07-25,原创,6.81
《人民日报》谈【民生服务】：不能总等群众找政策,2026-07-26,原创,10.58
《人民日报》谈【城市治理】：别只看“面子”,2026-07-27,原创,11.60
《人民日报》讲【防灾救灾】：预警不能只“发出去”,2026-07-28,原创,11.33
《人民日报》谈人【AI 治理】：不能让AI成为“富国和富人的游戏”,2026-07-29,原创,0.01
《人民日报》解读【就业优先】战略升级：不仅是保岗位,2026-07-30,原创,0.00
《人民日报》谈【全民健身】：不是多建几个场馆,2026-07-31,原创,11.08
《人民日报》谈【物业治理】：不是“有人扫地”就行,2026-08-01,原创,48.58
《人民日报》谈【网络消费治理】：商家写了“概不退款”，不等于可以免责,2026-08-02,原创,2.48
《人民日报》谈【旅游强国】：不是游客越多越好,2026-08-03,原创,17.28
60｜《人民日报》谈【无障碍环境】：不是修一条坡道,2026-08-04,原创,1.80
《人民日报》谈新时代【社会工作】：不是社区“兜底包办”,2026-08-05,原创,81.79
《人民日报》解读《社会救助法》：救助不只是给钱,2026-08-06,原创,17.27
《人民日报》谈【普惠托育】：不是多建几个托班,2026-08-07,原创,18.42
《人民日报》谈【新职业】：有了“新名字”还不够,2026-08-08,原创,5.44
《人民日报》谈【碳达峰】：不是简单的限产减排,2026-08-09,原创,3.83
《人民日报》谈【农业现代化】：不能只保产量,2026-08-10,原创,3.53
《人民日报》谈【中试平台】：不是实验室的简单放大,2026-08-11,原创,41.89
《人民日报》谈“产业与就业协同”：发展产业不能只算产值账,2026-08-12,原创,5.11
《人民日报》谈【耐心资本】：不是“多等几年”,2026-08-13,原创,3.97
《人民日报》谈【未成年人保护】：不能等孩子“出事”后再管,2026-08-14,原创,20.64
《人民日报》谈【基层责任边界】：属地不是无限责任,2026-08-15,原创,56.63
《人民日报》谈【制造业新模式】：不是只追求“大批量”,2026-08-16,原创,1.91
《人民日报》谈【公共文化服务】：不是简单“送下去”,2026-08-17,原创,20.75
《人民日报》谈【科普】：不是把知识讲简单,2026-08-18,原创,31.06
《人民日报》谈“常态化精准帮扶”,2026-08-18,非原创,0.48
《人民日报》谈“农村土地托管”,2026-08-18,非原创,0.11
《人民日报》谈“土特产”：不是简单把特产卖出去,2026-08-19,原创,16.92
《人民日报》讲政绩考核：不是考得多,2026-08-19,非原创,0.04
《人民日报》谈【票根经济】：不是赛后发优惠券,2026-08-20,原创,2.71
《人民日报》谈《生态环境法典》：不是“多了一部法”,2026-08-21,原创,5.14
跟着《人民日报》学写作：抓落实,2026-08-21,非原创,0.02
《人民日报》谈【氢能】：不是“制出氢”就够了，,2026-08-22,原创,22.61
《人民日报》深度分析【健康优先】：不是卫生部门“单打独斗”,2026-08-23,原创,2.17
"公考热点：""中国机遇2.0""，不是喊""厉害了""",2026-08-24,原创,1.74
《人民日报》谈【带薪休假】：不是“放几天假”,2026-08-25,原创,3.55
《人民日报》谈【带薪休假】：不是“放几天,2026-08-26,非原创,0.64
跟着《人民日报》学写作：健康优先,2026-08-26,非原创,0.00
《人民日报》用164篇文章讲透【政绩观】：从“想干事”到“干成正确的事”,2026-08-27,非原创,2.40
《人民日报》用164篇文章讲透【政绩观】：,2026-08-27,非原创,0.00
《人民日报》深度分析【县域青年发展】：岗位与住房只是起点,2026-08-28,原创,1.75
《人民日报》深度分析【县域青年发展】：岗,2026-08-28,非原创,0.05
《人民日报》谈【基层群众议事】：从“听意见”到“见结果”的五个步骤,2026-08-29,原创,7.22
《人民日报》谈【基层群众议事】：从“听意,2026-08-29,非原创,0.05
公考热点：两人买三座，争什么？,2026-08-30,非原创,1.03
《人民日报》谈【基层减负】：不是简单少干活,2026-08-31,原创,8.55
《人民日报》谈“十五五”开局：内需、创新、民生与风险应形成闭环,2026-09-04,原创,2.21
《人民日报》谈【提振消费】：让群众能消费、敢消费、愿消费,2026-09-05,原创,20.42
《人民日报》深度分析【平台算法治理】：外卖平台试点骑手计时“红灯停表”,2026-09-06,原创,0.65
