日期,渠道,阅读人数
2026-06-01,公众号消息,128
2026-06-01,聊天会话,596
2026-06-01,朋友圈,589
2026-06-01,公众号主页,237
2026-06-01,其他,84
2026-06-01,推荐,6781
2026-06-01,搜一搜,44
2026-06-01,全部,8269
2026-06-02,公众号消息,160
2026-06-02,聊天会话,719
2026-06-02,朋友圈,599
2026-06-02,公众号主页,464
2026-06-02,其他,177
2026-06-02,推荐,5875
2026-06-02,搜一搜,75
2026-06-02,全部,7817
2026-06-03,公众号消息,338
2026-06-03,聊天会话,589
2026-06-03,朋友圈,632
2026-06-03,公众号主页,576
2026-06-03,其他,212
2026-06-03,推荐,5268
2026-06-03,搜一搜,90
2026-06-03,全部,7438
2026-06-04,公众号消息,425
2026-06-04,聊天会话,572
2026-06-04,朋友圈,187
2026-06-04,公众号主页,536
2026-06-04,其他,217
2026-06-04,推荐,5174
2026-06-04,搜一搜,101
2026-06-04,全部,6956
2026-06-05,公众号消息,395
2026-06-05,聊天会话,486
2026-06-05,朋友圈,291
2026-06-05,公众号主页,588
2026-06-05,其他,224
2026-06-05,推荐,4997
2026-06-05,搜一搜,103
2026-06-05,全部,6835
2026-06-06,公众号消息,397
2026-06-06,聊天会话,634
2026-06-06,朋友圈,176
2026-06-06,公众号主页,495
2026-06-06,其他,198
2026-06-06,推荐,4663
2026-06-06,搜一搜,88
2026-06-06,全部,6461
2026-06-07,公众号消息,457
2026-06-07,聊天会话,556
2026-06-07,朋友圈,201
2026-06-07,公众号主页,545
2026-06-07,其他,185
2026-06-07,推荐,4633
2026-06-07,搜一搜,79
2026-06-07,全部,6451
2026-06-08,公众号消息,734
2026-06-08,聊天会话,1324
2026-06-08,朋友圈,841
2026-06-08,公众号主页,1057
2026-06-08,其他,374
2026-06-08,推荐,9693
2026-06-08,搜一搜,225
2026-06-08,全部,13704
2026-06-09,公众号消息,849
2026-06-09,聊天会话,1631
2026-06-09,朋友圈,795
2026-06-09,公众号主页,1258
2026-06-09,其他,381
2026-06-09,推荐,12561
2026-06-09,搜一搜,273
2026-06-09,全部,17119
2026-06-10,公众号消息,1058
2026-06-10,聊天会话,1580
2026-06-10,朋友圈,1146
2026-06-10,公众号主页,1276
2026-06-10,其他,417
2026-06-10,推荐,12299
2026-06-10,搜一搜,284
2026-06-10,全部,17483
2026-06-11,公众号消息,895
2026-06-11,聊天会话,1234
2026-06-11,朋友圈,898
2026-06-11,公众号主页,914
2026-06-11,其他,358
2026-06-11,推荐,10078
2026-06-11,搜一搜,270
2026-06-11,全部,14224
2026-06-12,公众号消息,1187
2026-06-12,聊天会话,952
2026-06-12,朋友圈,580
2026-06-12,公众号主页,919
2026-06-12,其他,300
2026-06-12,推荐,6933
2026-06-12,搜一搜,203
2026-06-12,全部,10779
2026-06-13,公众号消息,746
2026-06-13,聊天会话,669
2026-06-13,朋友圈,418
2026-06-13,公众号主页,576
2026-06-13,其他,182
2026-06-13,推荐,4537
2026-06-13,搜一搜,132
2026-06-13,全部,7077
2026-06-14,公众号消息,329
2026-06-14,聊天会话,498
2026-06-14,朋友圈,361
2026-06-14,公众号主页,361
2026-06-14,其他,151
2026-06-14,推荐,2938
2026-06-14,搜一搜,127
2026-06-14,全部,4663
2026-06-15,公众号消息,1085
2026-06-15,聊天会话,671
2026-06-15,朋友圈,570
2026-06-15,公众号主页,802
2026-06-15,其他,306
2026-06-15,推荐,5033
2026-06-15,搜一搜,226
2026-06-15,全部,8419
2026-06-16,公众号消息,896
2026-06-16,聊天会话,714
2026-06-16,朋友圈,513
2026-06-16,公众号主页,853
2026-06-16,其他,239
2026-06-16,推荐,5507
2026-06-16,搜一搜,258
2026-06-16,全部,8667
2026-06-17,公众号消息,207
2026-06-17,聊天会话,459
2026-06-17,朋友圈,185
2026-06-17,公众号主页,710
2026-06-17,其他,264
2026-06-17,推荐,4565
2026-06-17,搜一搜,208
2026-06-17,全部,6370
2026-06-18,公众号消息,162
2026-06-18,聊天会话,409
2026-06-18,朋友圈,191
2026-06-18,公众号主页,573
2026-06-18,其他,201
2026-06-18,推荐,3608
2026-06-18,搜一搜,164
2026-06-18,全部,5159
2026-06-19,公众号消息,419
2026-06-19,聊天会话,223
2026-06-19,朋友圈,124
2026-06-19,公众号主页,408
2026-06-19,其他,134
2026-06-19,推荐,1831
2026-06-19,搜一搜,94
2026-06-19,全部,3144
2026-06-20,公众号消息,655
2026-06-20,聊天会话,223
2026-06-20,朋友圈,151
2026-06-20,公众号主页,439
2026-06-20,其他,133
2026-06-20,推荐,1645
2026-06-20,搜一搜,131
2026-06-20,全部,3280
2026-06-21,公众号消息,514
2026-06-21,聊天会话,233
2026-06-21,朋友圈,197
2026-06-21,公众号主页,464
2026-06-21,其他,122
2026-06-21,推荐,1640
2026-06-21,搜一搜,123
2026-06-21,全部,3189
2026-06-22,公众号消息,710
2026-06-22,聊天会话,367
2026-06-22,朋友圈,74
2026-06-22,公众号主页,748
2026-06-22,其他,234
2026-06-22,推荐,2545
2026-06-22,搜一搜,223
2026-06-22,全部,4720
2026-06-23,公众号消息,896
2026-06-23,聊天会话,399
2026-06-23,朋友圈,141
2026-06-23,公众号主页,789
2026-06-23,其他,272
2026-06-23,推荐,3170
2026-06-23,搜一搜,207
2026-06-23,全部,5629
2026-06-24,公众号消息,911
2026-06-24,聊天会话,626
2026-06-24,朋友圈,480
2026-06-24,公众号主页,833
2026-06-24,其他,300
2026-06-24,推荐,3980
2026-06-24,搜一搜,197
2026-06-24,全部,7037
2026-06-25,公众号消息,1185
2026-06-25,聊天会话,665
2026-06-25,朋友圈,386
2026-06-25,公众号主页,962
2026-06-25,其他,280
2026-06-25,推荐,4606
2026-06-25,搜一搜,286
2026-06-25,全部,8042
2026-06-26,公众号消息,744
2026-06-26,聊天会话,606
2026-06-26,朋友圈,317
2026-06-26,公众号主页,678
2026-06-26,其他,252
2026-06-26,推荐,3869
2026-06-26,搜一搜,189
2026-06-26,全部,6423
2026-06-27,公众号消息,610
2026-06-27,聊天会话,339
2026-06-27,朋友圈,324
2026-06-27,公众号主页,453
2026-06-27,其他,141
2026-06-27,推荐,2707
2026-06-27,搜一搜,105
2026-06-27,全部,4556
2026-06-28,公众号消息,655
2026-06-28,聊天会话,498
2026-06-28,朋友圈,572
2026-06-28,公众号主页,532
2026-06-28,其他,123
2026-06-28,推荐,4055
2026-06-28,搜一搜,105
2026-06-28,全部,6355
2026-06-29,公众号消息,749
2026-06-29,聊天会话,1418
2026-06-29,朋友圈,1872
2026-06-29,公众号主页,798
2026-06-29,其他,271
2026-06-29,推荐,9019
2026-06-29,搜一搜,233
2026-06-29,全部,13910
2026-06-30,公众号消息,759
2026-06-30,聊天会话,1189
2026-06-30,朋友圈,1593
2026-06-30,公众号主页,759
2026-06-30,其他,264
2026-06-30,推荐,7075
2026-06-30,搜一搜,207
2026-06-30,全部,11477
2026-07-01,公众号消息,889
2026-07-01,聊天会话,870
2026-07-01,朋友圈,990
2026-07-01,公众号主页,753
2026-07-01,其他,244
2026-07-01,推荐,6499
2026-07-01,搜一搜,192
2026-07-01,全部,10131
2026-07-02,公众号消息,853
2026-07-02,聊天会话,863
2026-07-02,朋友圈,498
2026-07-02,公众号主页,669
2026-07-02,其他,231
2026-07-02,推荐,5563
2026-07-02,搜一搜,199
2026-07-02,全部,8600
2026-07-03,公众号消息,571
2026-07-03,聊天会话,1109
2026-07-03,朋友圈,790
2026-07-03,公众号主页,719
2026-07-03,其他,241
2026-07-03,推荐,5282
2026-07-03,搜一搜,193
2026-07-03,全部,8632
2026-07-04,公众号消息,356
2026-07-04,聊天会话,455
2026-07-04,朋友圈,503
2026-07-04,公众号主页,424
2026-07-04,其他,143
2026-07-04,推荐,3782
2026-07-04,搜一搜,111
2026-07-04,全部,5631
2026-07-05,公众号消息,777
2026-07-05,聊天会话,516
2026-07-05,朋友圈,419
2026-07-05,公众号主页,371
2026-07-05,其他,115
2026-07-05,推荐,2703
2026-07-05,搜一搜,130
2026-07-05,全部,4890
2026-07-06,公众号消息,692
2026-07-06,聊天会话,615
2026-07-06,朋友圈,493
2026-07-06,公众号主页,596
2026-07-06,其他,212
2026-07-06,推荐,3944
2026-07-06,搜一搜,266
2026-07-06,全部,6616
2026-07-07,公众号消息,1048
2026-07-07,聊天会话,610
2026-07-07,朋友圈,521
2026-07-07,公众号主页,595
2026-07-07,其他,199
2026-07-07,推荐,3004
2026-07-07,搜一搜,247
2026-07-07,全部,6011
2026-07-08,公众号消息,547
2026-07-08,聊天会话,580
2026-07-08,朋友圈,323
2026-07-08,公众号主页,495
2026-07-08,其他,225
2026-07-08,推荐,3863
2026-07-08,搜一搜,256
2026-07-08,全部,6085
2026-07-09,公众号消息,892
2026-07-09,聊天会话,493
2026-07-09,朋友圈,367
2026-07-09,公众号主页,521
2026-07-09,其他,190
2026-07-09,推荐,4045
2026-07-09,搜一搜,225
2026-07-09,全部,6543
2026-07-10,公众号消息,779
2026-07-10,聊天会话,497
2026-07-10,朋友圈,276
2026-07-10,公众号主页,556
2026-07-10,其他,200
2026-07-10,推荐,3726
2026-07-10,搜一搜,215
2026-07-10,全部,6064
2026-07-11,公众号消息,340
2026-07-11,聊天会话,289
2026-07-11,朋友圈,236
2026-07-11,公众号主页,366
2026-07-11,其他,106
2026-07-11,推荐,2205
2026-07-11,搜一搜,96
2026-07-11,全部,3561
2026-07-12,公众号消息,594
2026-07-12,聊天会话,368
2026-07-12,朋友圈,259
2026-07-12,公众号主页,405
2026-07-12,其他,128
2026-07-12,推荐,2635
2026-07-12,搜一搜,122
2026-07-12,全部,4370
2026-07-13,公众号消息,937
2026-07-13,聊天会话,654
2026-07-13,朋友圈,645
2026-07-13,公众号主页,654
2026-07-13,其他,180
2026-07-13,推荐,4376
2026-07-13,搜一搜,241
2026-07-13,全部,7418
2026-07-14,公众号消息,729
2026-07-14,聊天会话,664
2026-07-14,朋友圈,400
2026-07-14,公众号主页,601
2026-07-14,其他,260
2026-07-14,推荐,3207
2026-07-14,搜一搜,256
2026-07-14,全部,5921
2026-07-15,公众号消息,590
2026-07-15,聊天会话,627
2026-07-15,朋友圈,578
2026-07-15,公众号主页,643
2026-07-15,其他,207
2026-07-15,推荐,2805
2026-07-15,搜一搜,267
2026-07-15,全部,5518
2026-07-16,公众号消息,450
2026-07-16,聊天会话,481
2026-07-16,朋友圈,528
2026-07-16,公众号主页,563
2026-07-16,其他,165
2026-07-16,推荐,3076
2026-07-16,搜一搜,225
2026-07-16,全部,5320
2026-07-17,公众号消息,542
2026-07-17,聊天会话,415
2026-07-17,朋友圈,247
2026-07-17,公众号主页,552
2026-07-17,其他,163
2026-07-17,推荐,2832
2026-07-17,搜一搜,194
2026-07-17,全部,4775
2026-07-18,公众号消息,896
2026-07-18,聊天会话,357
2026-07-18,朋友圈,301
2026-07-18,公众号主页,443
2026-07-18,其他,132
2026-07-18,推荐,3177
2026-07-18,搜一搜,109
2026-07-18,全部,5257
2026-07-19,公众号消息,298
2026-07-19,聊天会话,502
2026-07-19,朋友圈,642
2026-07-19,公众号主页,514
2026-07-19,其他,143
2026-07-19,推荐,4850
2026-07-19,搜一搜,164
2026-07-19,全部,6926
2026-07-20,公众号消息,981
2026-07-20,聊天会话,952
2026-07-20,朋友圈,665
2026-07-20,公众号主页,827
2026-07-20,其他,299
2026-07-20,推荐,6606
2026-07-20,搜一搜,341
2026-07-20,全部,10257
2026-07-21,公众号消息,281
2026-07-21,聊天会话,940
2026-07-21,朋友圈,653
2026-07-21,公众号主页,801
2026-07-21,其他,241
2026-07-21,推荐,6557
2026-07-21,搜一搜,295
2026-07-21,全部,9442
2026-07-22,公众号消息,1087
2026-07-22,聊天会话,755
2026-07-22,朋友圈,432
2026-07-22,公众号主页,851
2026-07-22,其他,285
2026-07-22,推荐,5801
2026-07-22,搜一搜,335
2026-07-22,全部,9224
2026-07-23,公众号消息,790
2026-07-23,聊天会话,1053
2026-07-23,朋友圈,785
2026-07-23,公众号主页,780
2026-07-23,其他,309
2026-07-23,推荐,7003
2026-07-23,搜一搜,304
2026-07-23,全部,10647
2026-07-24,公众号消息,779
2026-07-24,聊天会话,640
2026-07-24,朋友圈,379
2026-07-24,公众号主页,700
2026-07-24,其他,249
2026-07-24,推荐,4791
2026-07-24,搜一搜,322
2026-07-24,全部,7611
2026-07-25,公众号消息,672
2026-07-25,聊天会话,365
2026-07-25,朋友圈,641
2026-07-25,公众号主页,453
2026-07-25,其他,137
2026-07-25,推荐,2190
2026-07-25,搜一搜,169
2026-07-25,全部,4485
2026-07-26,公众号消息,678
2026-07-26,聊天会话,295
2026-07-26,朋友圈,320
2026-07-26,公众号主页,292
2026-07-26,其他,104
2026-07-26,推荐,1941
2026-07-26,搜一搜,167
2026-07-26,全部,3686
2026-07-27,公众号消息,1215
2026-07-27,聊天会话,742
2026-07-27,朋友圈,469
2026-07-27,公众号主页,748
2026-07-27,其他,249
2026-07-27,推荐,4563
2026-07-27,搜一搜,297
2026-07-27,全部,8023
2026-07-28,公众号消息,863
2026-07-28,聊天会话,794
2026-07-28,朋友圈,578
2026-07-28,公众号主页,621
2026-07-28,其他,235
2026-07-28,推荐,4137
2026-07-28,搜一搜,229
2026-07-28,全部,7210
2026-07-29,公众号消息,804
2026-07-29,聊天会话,602
2026-07-29,朋友圈,344
2026-07-29,公众号主页,597
2026-07-29,其他,244
2026-07-29,推荐,3637
2026-07-29,搜一搜,243
2026-07-29,全部,6239
2026-07-30,公众号消息,733
2026-07-30,聊天会话,749
2026-07-30,朋友圈,424
2026-07-30,公众号主页,581
2026-07-30,其他,216
2026-07-30,推荐,4082
2026-07-30,搜一搜,256
2026-07-30,全部,6803
2026-07-31,公众号消息,809
2026-07-31,聊天会话,727
2026-07-31,朋友圈,329
2026-07-31,公众号主页,459
2026-07-31,其他,177
2026-07-31,推荐,3264
2026-07-31,搜一搜,239
2026-07-31,全部,5826
2026-08-01,公众号消息,553
2026-08-01,聊天会话,652
2026-08-01,朋友圈,480
2026-08-01,公众号主页,299
2026-08-01,其他,118
2026-08-01,推荐,4457
2026-08-01,搜一搜,126
2026-08-01,全部,6582
2026-08-02,公众号消息,402
2026-08-02,聊天会话,691
2026-08-02,朋友圈,425
2026-08-02,公众号主页,303
2026-08-02,其他,107
2026-08-02,推荐,4182
2026-08-02,搜一搜,119
2026-08-02,全部,6112
2026-08-03,公众号消息,768
2026-08-03,聊天会话,763
2026-08-03,朋友圈,508
2026-08-03,公众号主页,481
2026-08-03,其他,188
2026-08-03,推荐,3883
2026-08-03,搜一搜,259
2026-08-03,全部,6647
2026-08-04,公众号消息,614
2026-08-04,聊天会话,816
2026-08-04,朋友圈,710
2026-08-04,公众号主页,489
2026-08-04,其他,184
2026-08-04,推荐,4564
2026-08-04,搜一搜,274
2026-08-04,全部,7442
2026-08-05,公众号消息,825
2026-08-05,聊天会话,1364
2026-08-05,朋友圈,1324
2026-08-05,公众号主页,471
2026-08-05,其他,240
2026-08-05,推荐,8035
2026-08-05,搜一搜,265
2026-08-05,全部,12166
2026-08-06,公众号消息,265
2026-08-06,聊天会话,1292
2026-08-06,朋友圈,1212
2026-08-06,公众号主页,382
2026-08-06,其他,200
2026-08-06,推荐,6179
2026-08-06,搜一搜,274
2026-08-06,全部,9566
2026-08-07,公众号消息,861
2026-08-07,聊天会话,939
2026-08-07,朋友圈,833
2026-08-07,公众号主页,458
2026-08-07,其他,185
2026-08-07,推荐,4595
2026-08-07,搜一搜,234
2026-08-07,全部,7889
2026-08-08,公众号消息,556
2026-08-08,聊天会话,528
2026-08-08,朋友圈,701
2026-08-08,公众号主页,239
2026-08-08,其他,111
2026-08-08,推荐,3131
2026-08-08,搜一搜,144
2026-08-08,全部,5295
2026-08-09,公众号消息,362
2026-08-09,聊天会话,356
2026-08-09,朋友圈,752
2026-08-09,公众号主页,225
2026-08-09,其他,104
2026-08-09,推荐,2504
2026-08-09,搜一搜,156
2026-08-09,全部,4382
2026-08-10,公众号消息,637
2026-08-10,聊天会话,854
2026-08-10,朋友圈,873
2026-08-10,公众号主页,454
2026-08-10,其他,161
2026-08-10,推荐,3602
2026-08-10,搜一搜,280
2026-08-10,全部,6672
2026-08-11,公众号消息,324
2026-08-11,聊天会话,970
2026-08-11,朋友圈,933
2026-08-11,公众号主页,309
2026-08-11,其他,164
2026-08-11,推荐,2767
2026-08-11,搜一搜,212
2026-08-11,全部,5552
2026-08-12,公众号消息,794
2026-08-12,聊天会话,727
2026-08-12,朋友圈,843
2026-08-12,公众号主页,348
2026-08-12,其他,164
2026-08-12,推荐,3041
2026-08-12,搜一搜,237
2026-08-12,全部,5966
2026-08-13,公众号消息,697
2026-08-13,聊天会话,807
2026-08-13,朋友圈,968
2026-08-13,公众号主页,451
2026-08-13,其他,173
2026-08-13,推荐,3577
2026-08-13,搜一搜,258
2026-08-13,全部,6773
2026-08-14,公众号消息,484
2026-08-14,聊天会话,1084
2026-08-14,朋友圈,1087
2026-08-14,公众号主页,381
2026-08-14,其他,177
2026-08-14,推荐,4392
2026-08-14,搜一搜,270
2026-08-14,全部,7674
2026-08-15,公众号消息,506
2026-08-15,聊天会话,481
2026-08-15,朋友圈,500
2026-08-15,公众号主页,220
2026-08-15,其他,108
2026-08-15,推荐,2532
2026-08-15,搜一搜,137
2026-08-15,全部,4378
2026-08-16,公众号消息,434
2026-08-16,聊天会话,591
2026-08-16,朋友圈,912
2026-08-16,公众号主页,226
2026-08-16,其他,96
2026-08-16,推荐,5513
2026-08-16,搜一搜,131
2026-08-16,全部,7785
2026-08-17,公众号消息,673
2026-08-17,聊天会话,1258
2026-08-17,朋友圈,1599
2026-08-17,公众号主页,300
2026-08-17,其他,187
2026-08-17,推荐,6802
2026-08-17,搜一搜,286
2026-08-17,全部,10882
2026-08-18,公众号消息,725
2026-08-18,聊天会话,1123
2026-08-18,朋友圈,822
2026-08-18,公众号主页,406
2026-08-18,其他,211
2026-08-18,推荐,5304
2026-08-18,搜一搜,248
2026-08-18,全部,8645
2026-08-19,公众号消息,938
2026-08-19,聊天会话,901
2026-08-19,朋友圈,750
2026-08-19,公众号主页,293
2026-08-19,其他,186
2026-08-19,推荐,4556
2026-08-19,搜一搜,270
2026-08-19,全部,7705
2026-08-20,公众号消息,1003
2026-08-20,聊天会话,926
2026-08-20,朋友圈,895
2026-08-20,公众号主页,416
2026-08-20,其他,232
2026-08-20,推荐,4036
2026-08-20,搜一搜,266
2026-08-20,全部,7547
2026-08-21,公众号消息,816
2026-08-21,聊天会话,776
2026-08-21,朋友圈,566
2026-08-21,公众号主页,328
2026-08-21,其他,180
2026-08-21,推荐,3947
2026-08-21,搜一搜,251
2026-08-21,全部,6659
2026-08-22,公众号消息,329
2026-08-22,聊天会话,556
2026-08-22,朋友圈,669
2026-08-22,公众号主页,174
2026-08-22,其他,99
2026-08-22,推荐,1945
2026-08-22,搜一搜,148
2026-08-22,全部,3830
2026-08-23,公众号消息,399
2026-08-23,聊天会话,1031
2026-08-23,朋友圈,1225
2026-08-23,公众号主页,177
2026-08-23,其他,99
2026-08-23,推荐,2914
2026-08-23,搜一搜,159
2026-08-23,全部,5875
