article_id,date,title,source_name,url,status
peopleapp_opinion_20260627_30052501578_500007568371,2026-06-27,开屏广告“消失”，期待更多数字减负,人民日报客户端,https://www.peopleapp.com/column/30052501578-500007568371,skipped_existing
peopleapp_opinion_20260628_30052507936_500007569411,2026-06-28,伊朗队，昂着头告别世界杯,人民日报客户端,https://www.peopleapp.com/column/30052507936-500007569411,downloaded
peopleapp_opinion_20260628_30052509022_500007569396,2026-06-28,广州公交多条线路停运，经济账外仍要兜住民生底线,南方都市报,https://www.peopleapp.com/column/30052509022-500007569396,downloaded
peopleapp_opinion_20260628_30052509059_500007569405,2026-06-28,百万粉丝网红诋毁袁老成果，农业科普不能哗众取宠, 红星评论微信公号,https://www.peopleapp.com/column/30052509059-500007569405,downloaded
peopleapp_opinion_20260628_30052508435_500007569359,2026-06-28,“相信规则”是反招生诈骗第一道防线,新湖南客户端,https://www.peopleapp.com/column/30052508435-500007569359,downloaded
peopleapp_opinion_20260628_30052506932_500007569192,2026-06-28,艺人“痛失”艺名？好演员、好作品才能长久留在观众心中,上观新闻,https://www.peopleapp.com/column/30052506932-500007569192,downloaded
peopleapp_opinion_20260628_30052507877_500007569355,2026-06-28,经济热点快评丨麦肯锡：中国是“全球最硬核的健身房”,人民日报客户端,https://www.peopleapp.com/column/30052507877-500007569355,downloaded
peopleapp_opinion_20260628_30052508140_500007569313,2026-06-28,真正的西藏，不在西方虚构的幻想里,统战新语微信公号,https://www.peopleapp.com/column/30052508140-500007569313,downloaded
peopleapp_opinion_20260628_30052506344_500007569282,2026-06-28,国际论坛：推动中国人权事业发展再上新台阶,人民日报,https://www.peopleapp.com/column/30052506344-500007569282,downloaded
peopleapp_opinion_20260628_30052506366_500007569254,2026-06-28,不止复刻历史：红色美术经典，藏着中国式艺术叙事,人民日报文艺微信公号,https://www.peopleapp.com/column/30052506366-500007569254,downloaded
peopleapp_opinion_20260628_30052507125_500007569218,2026-06-28,开通仅一秒但退订要找半天，平台自动扣费不能只有算计,新华视点微信公号,https://www.peopleapp.com/column/30052507125-500007569218,skipped_existing
peopleapp_opinion_20260628_30052507094_500007569214,2026-06-28,博士生留言请店家同拍毕业照，何以让无数网友共情,羊城派客户端,https://www.peopleapp.com/column/30052507094-500007569214,skipped_existing
peopleapp_opinion_20260628_30052506654_500007569151,2026-06-28,毕业了，记得照顾好自己,浙江宣传微信公号,https://www.peopleapp.com/column/30052506654-500007569151,skipped_existing
peopleapp_opinion_20260628_30052506354_500007569150,2026-06-28,观沧海：两岸融合发展是民心所向,人民日报,https://www.peopleapp.com/column/30052506354-500007569150,skipped_existing
peopleapp_opinion_20260627_30052504924_500007568469,2026-06-27,打破功利焦虑，让专业选择回归“自我实现”,南方都市报,https://www.peopleapp.com/column/30052504924-500007568469,skipped_existing
peopleapp_opinion_20260627_30052504770_500007568465,2026-06-27,佛得角奇迹，“全球化”足球的成功密码,人民日报体育微信公号,https://www.peopleapp.com/column/30052504770-500007568465,skipped_existing
peopleapp_opinion_20260627_30052504622_500007568439,2026-06-27,考场很小，世界却很大,京报锐评微信公号,https://www.peopleapp.com/column/30052504622-500007568439,skipped_existing
peopleapp_opinion_20260627_30052503933_500007568370,2026-06-27,相比高考分数，那个扛起被褥行李的身影更值得喝彩, 红星评论微信公号,https://www.peopleapp.com/column/30052503933-500007568370,skipped_existing
peopleapp_opinion_20260627_30052503755_500007568362,2026-06-27,“浸猪笼”被搬上街头？公序良俗的防线不能退,半月谈微信公号,https://www.peopleapp.com/column/30052503755-500007568362,skipped_existing
peopleapp_opinion_20260627_30052502824_500007568021,2026-06-27,人民锐评：比不过就黑？“中国冲击2.0”话术难掩“中国机遇2.0”事实,人民锐评微信公号,https://www.peopleapp.com/column/30052502824-500007568021,skipped_existing
peopleapp_opinion_20260627_30052501338_500007567990,2026-06-27,这个地图上没有标注的小镇，战时守住了“一张书桌”,人民日报海外版,https://www.peopleapp.com/column/30052501338-500007567990,skipped_existing
peopleapp_opinion_20260627_30052501689_500007567575,2026-06-27,天上不会掉馅饼，警惕“免费”下的陷阱,经济日报,https://www.peopleapp.com/column/30052501689-500007567575,skipped_existing
peopleapp_opinion_20260627_30052501193_500007567786,2026-06-27,那些历史的信使，让我们一次次读懂“初心”,人民日报,https://www.peopleapp.com/column/30052501193-500007567786,skipped_existing
peopleapp_opinion_20260627_30052501669_500007567572,2026-06-27,灭火器合格证6毛一张，“纸面维保”包不住火,中工网,https://www.peopleapp.com/column/30052501669-500007567572,skipped_existing
peopleapp_opinion_20260627_30052501191_500007567591,2026-06-27,周恩来73字珍贵手书，字字铿锵，见证赤诚信仰,人民日报,https://www.peopleapp.com/column/30052501191-500007567591,skipped_existing
peopleapp_opinion_20260627_30052501612_500007567562,2026-06-27,环球时报社评：从一台空调看欧洲对华逆差的本质,环球时报微信公号,https://www.peopleapp.com/column/30052501612-500007567562,skipped_existing
peopleapp_opinion_20260627_30052501341_500007567567,2026-06-27,穿越千年岁月的灯火，刻在中国人骨子里的温柔意象,人民日报海外版,https://www.peopleapp.com/column/30052501341-500007567567,skipped_existing
peopleapp_opinion_20260627_30052501443_500007567515,2026-06-27,人生一战，人生一站,浙江宣传微信公号,https://www.peopleapp.com/column/30052501443-500007567515,skipped_existing
peopleapp_opinion_20260627_30052501374_500007567497,2026-06-27,城市驿站遇冷？要让服务跟着人走,光明网,https://www.peopleapp.com/column/30052501374-500007567497,skipped_existing
peopleapp_opinion_20260627_30052501194_500007567551,2026-06-27,一只松纹笔筒，记录一段投身理想之路,人民日报,https://www.peopleapp.com/column/30052501194-500007567551,skipped_existing
peopleapp_opinion_20260627_30052501162_500007567550,2026-06-27,国际论坛：守望历史正义，捍卫二战成果,人民日报,https://www.peopleapp.com/column/30052501162-500007567550,skipped_existing
peopleapp_opinion_20260626_30052497518_500007566844,2026-06-26,又是摆拍，策划者被刑拘，该长记性了,澎湃新闻,https://www.peopleapp.com/column/30052497518-500007566844,skipped_existing
peopleapp_opinion_20260626_30052499517_500007567272,2026-06-26,高校录取通知书制作，还是返璞归真为好,光明论微信公号,https://www.peopleapp.com/column/30052499517-500007567272,skipped_existing
peopleapp_opinion_20260626_30052497897_500007567151,2026-06-26,读懂古诗词背后的辽阔世界,中国教育报,https://www.peopleapp.com/column/30052497897-500007567151,skipped_existing
peopleapp_opinion_20260626_30052498768_500007567239,2026-06-26,建时“热”，用时“冷”？新就业群体服务驿站不能沦为“花架子”,半月谈微信公号,https://www.peopleapp.com/column/30052498768-500007567239,skipped_existing
peopleapp_opinion_20260626_30052499422_500007567270,2026-06-26,不写论文也能毕业？实践成果与论文“平起平坐”,中青评论微信公号,https://www.peopleapp.com/column/30052499422-500007567270,skipped_existing
peopleapp_opinion_20260626_30052499020_500007567248,2026-06-26,AI时代，真人微短剧该何去何从？,经济日报,https://www.peopleapp.com/column/30052499020-500007567248,skipped_existing
peopleapp_opinion_20260626_30052498656_500007567234,2026-06-26,高考志愿填报这事，家长花点心思比乱花钱管用,南方都市报,https://www.peopleapp.com/column/30052498656-500007567234,skipped_existing
peopleapp_opinion_20260626_30052497964_500007567232,2026-06-26,经济热点快评｜开拓汽车后市场消费新蓝海,人民日报客户端,https://www.peopleapp.com/column/30052497964-500007567232,skipped_existing
peopleapp_opinion_20260626_30052498158_500007567219,2026-06-26,奶奶微信上77万条未读消息，埋了多少“坑”？,新京报评论微信公号,https://www.peopleapp.com/column/30052498158-500007567219,skipped_existing
peopleapp_opinion_20260626_30052495771_500007567214,2026-06-26,零时差 | 一位荷兰老人用一方手帕，打破“慰安妇”仅限亚洲的历史认知,人民日报客户端,https://www.peopleapp.com/column/30052495771-500007567214,skipped_existing
peopleapp_opinion_20260626_30052497459_500007566611,2026-06-26,灭火器“纸面维保”，症结在于“纸面监管”,北京青年报,https://www.peopleapp.com/column/30052497459-500007566611,skipped_existing
peopleapp_opinion_20260626_30052455974_500007567359,2026-06-26,研学不应是铤而走险的玩乐,人民日报客户端,https://www.peopleapp.com/column/30052455974-500007567359,skipped_existing
peopleapp_opinion_20260626_30052492278_500007565996,2026-06-26,只顾打卡出片，谨防研学被流量带偏方向,人民日报,https://www.peopleapp.com/column/30052492278-500007565996,skipped_existing
peopleapp_opinion_20260626_30052491571_500007565997,2026-06-26,人民锐评 | 停车计费，就该“分秒必争”,人民日报客户端,https://www.peopleapp.com/column/30052491571-500007565997,skipped_existing
peopleapp_opinion_20260626_30052493462_500007565778,2026-06-26,600元就能买虚假奖牌，餐饮行业莫为虚名踩红线,上观新闻,https://www.peopleapp.com/column/30052493462-500007565778,skipped_existing
peopleapp_opinion_20260626_30052493429_500007565776,2026-06-26,一本书的体面，不能止于“撕掉腰封”,光明网,https://www.peopleapp.com/column/30052493429-500007565776,skipped_existing
peopleapp_opinion_20260626_30052492337_500007565852,2026-06-26,“四渡赤水出奇兵”，“奇”在哪儿？,人民日报,https://www.peopleapp.com/column/30052492337-500007565852,skipped_existing
peopleapp_opinion_20260626_30052493609_500007565853,2026-06-26,“中文+”加出了啥？,人民日报海外版,https://www.peopleapp.com/column/30052493609-500007565853,skipped_existing
peopleapp_opinion_20260626_30052492338_500007565761,2026-06-26,《山花烂漫时》里重温入党誓词的场景，为何感动无数观众？,人民日报,https://www.peopleapp.com/column/30052492338-500007565761,skipped_existing
peopleapp_opinion_20260626_30052492339_500007565762,2026-06-26,满屏弹幕“泪目”“致敬”，年轻人为何爱上18年前的《潜伏》,人民日报,https://www.peopleapp.com/column/30052492339-500007565762,skipped_existing
peopleapp_opinion_20260626_30052492270_500007565705,2026-06-26,人民论坛：“最终要落到为民造福上”,人民日报,https://www.peopleapp.com/column/30052492270-500007565705,skipped_existing
peopleapp_opinion_20260626_30052492252_500007565704,2026-06-26,和音：“创新红利”，推动中国机遇再升级,人民日报,https://www.peopleapp.com/column/30052492252-500007565704,skipped_existing
peopleapp_opinion_20260626_30052492296_500007565703,2026-06-26,人民日报刊文：弘扬实事求是的优良作风,人民日报,https://www.peopleapp.com/column/30052492296-500007565703,skipped_existing
peopleapp_opinion_20260626_30052492316_500007565702,2026-06-26,买买买！“新特产”何以圈粉外国游客,人民日报,https://www.peopleapp.com/column/30052492316-500007565702,skipped_existing
peopleapp_opinion_20260626_30052492328_500007565679,2026-06-26,如何把农业建成现代化大产业？,人民日报,https://www.peopleapp.com/column/30052492328-500007565679,skipped_existing
peopleapp_opinion_20260626_30052492275_500007565650,2026-06-26,“过高的期待”让人不会爱？别让算法“锁”住青年婚育观,人民日报,https://www.peopleapp.com/column/30052492275-500007565650,skipped_existing
