时间,拉取量,曝光量,曝光率,点击量,点击率,eCPM（元）,收入（元）
2026-09-06,"16,930","7,647",45.17%,18,0.24%,1.92,14.66
2026-09-05,"7,057","3,239",45.90%,16,0.49%,2.62,8.47
2026-09-04,"4,526","2,109",46.60%,11,0.52%,3.15,6.64
2026-09-03,"3,422","1,664",48.63%,5,0.30%,2.58,4.29
2026-09-02,"4,084","1,970",48.24%,9,0.46%,2.21,4.35
2026-09-01,"4,038","1,960",48.54%,4,0.20%,2.96,5.80
2026-08-31,"7,135","3,391",47.53%,33,0.97%,3.34,11.32
2026-08-30,"3,393","1,622",47.80%,12,0.74%,3.83,6.21
2026-08-29,"3,652","1,709",46.80%,12,0.70%,3.29,5.63
2026-08-28,"5,277","2,501",47.39%,8,0.32%,2.09,5.23
2026-08-27,"7,974","3,643",45.69%,12,0.33%,2.08,7.58
2026-08-26,"8,419","3,780",44.90%,29,0.77%,2.90,10.95
2026-08-25,"10,976","5,202",47.39%,27,0.52%,2.67,13.90
2026-08-24,"12,955","6,285",48.51%,38,0.60%,2.76,17.36
2026-08-23,"11,474","5,610",48.89%,45,0.80%,5.58,31.31
2026-08-22,"8,277","3,911",47.25%,20,0.51%,5.09,19.89
2026-08-21,"13,936","6,485",46.53%,31,0.48%,2.75,17.83
2026-08-20,"15,565","7,519",48.31%,35,0.47%,2.77,20.85
2026-08-19,"15,811","7,461",47.19%,38,0.51%,2.98,22.20
2026-08-18,"18,170","8,744",48.12%,36,0.41%,3.75,32.79
2026-08-17,"23,511","11,452",48.71%,49,0.43%,3.75,42.99
2026-08-16,"16,548","8,182",49.44%,41,0.50%,3.98,32.60
2026-08-15,"9,611","4,517",47.00%,29,0.64%,3.67,16.56
2026-08-14,"16,765","7,914",47.21%,47,0.59%,3.18,25.16
2026-08-13,"14,837","6,948",46.83%,32,0.46%,3.20,22.22
2026-08-12,"13,334","6,273",47.05%,28,0.45%,3.12,19.59
2026-08-11,"12,235","5,854",47.85%,37,0.63%,3.66,21.42
2026-08-10,"14,832","7,096",47.84%,51,0.72%,3.28,23.28
2026-08-09,"11,156","4,607",41.30%,30,0.65%,3.92,18.07
2026-08-08,"11,423","5,531",48.42%,32,0.58%,4.26,23.58
2026-08-07,"17,363","8,303",47.82%,48,0.58%,3.10,25.72
2026-08-06,"20,887","10,918",52.27%,61,0.56%,3.35,36.56
2026-08-05,"26,727","13,848",51.81%,55,0.40%,2.27,31.37
2026-08-04,"16,194","7,795",48.14%,44,0.56%,3.17,24.74
2026-08-03,"14,528","6,740",46.39%,35,0.52%,2.10,14.16
2026-08-02,"13,111","6,115",46.64%,35,0.57%,3.60,21.99
2026-08-01,"13,949","6,592",47.26%,39,0.59%,2.80,18.45
2026-07-31,"12,435","5,774",46.43%,32,0.55%,2.73,15.78
2026-07-30,"12,951","5,876",45.37%,22,0.37%,2.76,16.22
2026-07-29,"11,939","5,458",45.72%,30,0.55%,2.45,13.39
2026-07-28,"15,960","7,130",44.67%,42,0.59%,3.14,22.41
2026-07-27,"17,655","7,818",44.28%,51,0.65%,2.40,18.80
2026-07-26,"7,725","3,294",42.64%,20,0.61%,3.67,12.08
2026-07-25,"9,388","3,967",42.26%,26,0.66%,3.58,14.20
2026-07-24,"17,688","6,604",37.34%,33,0.50%,2.66,17.54
2026-07-23,"22,728","9,822",43.22%,47,0.48%,1.81,17.82
2026-07-22,"17,345","7,229",41.68%,37,0.51%,3.64,26.31
2026-07-21,"16,656","6,906",41.46%,33,0.48%,2.14,14.76
2026-07-20,"17,527","7,673",43.78%,36,0.47%,2.33,17.84
2026-07-19,"15,480","6,028",38.94%,35,0.58%,3.48,20.97
2026-07-18,"11,044","4,688",42.45%,20,0.43%,3.02,14.17
2026-07-17,"11,158","4,641",41.59%,24,0.52%,3.22,14.94
2026-07-16,"11,442","5,033",43.99%,22,0.44%,2.59,13.03
2026-07-15,"11,372","4,999",43.96%,25,0.50%,2.67,13.33
2026-07-14,"12,655","5,588",44.16%,28,0.50%,2.86,15.96
2026-07-13,"15,063","6,808",45.20%,46,0.68%,2.87,19.52
2026-07-12,"8,818","3,868",43.86%,26,0.67%,3.52,13.62
2026-07-11,"7,451","3,326",44.64%,19,0.57%,3.84,12.77
2026-07-10,"12,827","5,615",43.77%,22,0.39%,4.67,26.24
2026-07-09,"12,045","5,381",44.67%,30,0.56%,4.19,22.56
2026-07-08,"11,475","5,293",46.13%,25,0.47%,3.35,17.73
2026-07-07,"13,912","5,792",41.63%,21,0.36%,2.55,14.75
2026-07-06,"13,629","6,170",45.27%,38,0.62%,2.64,16.28
2026-07-05,"10,391","4,293",41.31%,33,0.77%,3.26,14.00
2026-07-04,"13,136","5,005",38.10%,25,0.50%,3.05,15.25
2026-07-03,"19,322","8,292",42.91%,40,0.48%,2.82,23.38
2026-07-02,"18,122","8,156",45.01%,45,0.55%,3.02,24.66
2026-07-01,"22,268","9,383",42.14%,41,0.44%,3.02,28.36
2026-06-30,"24,124","10,963",45.44%,69,0.63%,3.10,33.95
2026-06-29,"29,658","13,342",44.99%,72,0.54%,2.22,29.63
2026-06-28,"12,231","5,858",47.89%,33,0.56%,3.22,18.84
2026-06-27,"9,882","4,036",40.84%,25,0.62%,2.82,11.37
2026-06-26,"14,081","5,983",42.49%,30,0.50%,1.80,10.77
2026-06-25,"16,787","7,505",44.71%,32,0.43%,1.94,14.56
2026-06-24,"15,293","6,590",43.09%,28,0.42%,2.65,17.47
2026-06-23,"11,436","5,273",46.11%,22,0.42%,2.03,10.70
2026-06-22,"9,658","4,193",43.41%,26,0.62%,2.96,12.42
2026-06-21,"6,622","2,671",40.34%,18,0.67%,2.71,7.23
2026-06-20,"6,820","2,455",36.00%,15,0.61%,3.38,8.29
2026-06-19,"4,931","2,306",46.77%,11,0.48%,3.42,7.89
2026-06-18,"10,642","4,316",40.56%,31,0.72%,4.58,19.77
2026-06-17,"12,841","5,416",42.18%,37,0.68%,4.28,23.18
2026-06-16,"18,348","7,670",41.80%,32,0.42%,3.31,25.36
2026-06-15,"17,980","7,334",40.79%,41,0.56%,3.17,23.27
2026-06-14,"9,783","3,808",38.92%,23,0.60%,3.84,14.63
2026-06-13,"14,796","5,865",39.64%,26,0.44%,3.56,20.86
2026-06-12,"21,977","8,840",40.22%,49,0.55%,4.97,43.94
2026-06-11,"28,129","11,503",40.89%,47,0.41%,3.73,42.86
2026-06-10,"38,492","15,351",39.88%,73,0.48%,3.31,50.88
2026-06-09,"36,165","15,361",42.47%,85,0.55%,3.59,55.22
2026-06-08,"28,543","12,689",44.46%,57,0.45%,3.17,40.21