article_key,title,send_date,first_record,last_record,recorded_days,income,exposure,seven_day_mature,observed_ecpm
2026-06-28|《人民日报》讲透【科技成果转化】：别只写“产学研”,《人民日报》讲透【科技成果转化】：别只写“产学研”,2026-06-28,2026-06-28,2026-07-04,7,101.37,25491,True,3.97669765799694
2026-08-05|《人民日报》谈新时代【社会工作】：不是社区“兜底包办”,《人民日报》谈新时代【社会工作】：不是社区“兜底包办”,2026-08-05,2026-08-05,2026-08-11,7,81.8,26486,True,3.08842407309522
2026-06-07|《人民日报》这样写“新就业群体”：从服务对象到城市伙伴,《人民日报》这样写“新就业群体”：从服务对象到城市伙伴,2026-06-07,2026-06-07,2026-06-13,7,75.54,16179,True,4.669015390320786
2026-06-09|《人民日报》讲透“全国统一大市场”：不止于大,《人民日报》讲透“全国统一大市场”：不止于大,2026-06-09,2026-06-09,2026-06-15,7,60.25,10695,True,5.633473585787751
2026-08-15|《人民日报》谈【基层责任边界】：属地不是无限责任,《人民日报》谈【基层责任边界】：属地不是无限责任,2026-08-15,2026-08-15,2026-08-21,7,56.65,18276,True,3.09969358721821
2026-06-10|《人民日报》讲透城市更新：不是只有“拆”,《人民日报》讲透城市更新：不是只有“拆”,2026-06-10,2026-06-10,2026-06-16,7,54.55,12452,True,4.38082235785416
2026-07-18|《人民日报》再谈【县域经济】：不求“小而全”,《人民日报》再谈【县域经济】：不求“小而全”,2026-07-18,2026-07-18,2026-07-24,7,49.71,17963,True,2.767355118855425
2026-08-01|《人民日报》谈【物业治理】：不是“有人扫地”就行,《人民日报》谈【物业治理】：不是“有人扫地”就行,2026-08-01,2026-08-01,2026-08-07,7,48.57,13665,True,3.5543358946212953
2026-06-05|《人民日报》写透文化传承：不是摆出来，而是连起来,《人民日报》写透文化传承：不是摆出来，而是连起来,2026-06-05,2026-06-05,2026-06-11,7,42.45,10214,True,4.156060309379283
2026-08-11|《人民日报》谈【中试平台】：不是实验室的简单放大,《人民日报》谈【中试平台】：不是实验室的简单放大,2026-08-11,2026-08-11,2026-08-17,7,41.89,7921,True,5.288473677565964
2026-05-29|人民日报讲营商环境：不是“不执法”，而是“规范执法”,人民日报讲营商环境：不是“不执法”，而是“规范执法”,2026-05-29,2026-05-29,2026-06-04,7,41.46,14356,True,2.8879910838673726
2026-05-30|《人民日报》写“因地制宜”：申论如何写县域发展,《人民日报》写“因地制宜”：申论如何写县域发展,2026-05-30,2026-05-30,2026-06-05,7,36.72,11704,True,3.137388926862611
2026-07-22|《人民日报》讲透“常态化帮扶”：不是简单“输血”,《人民日报》讲透“常态化帮扶”：不是简单“输血”,2026-07-22,2026-07-22,2026-07-28,7,35.55,11002,True,3.23123068532994
2026-07-01|《人民日报》讲【六张网】：不是大基建清单,《人民日报》讲【六张网】：不是大基建清单,2026-07-01,2026-07-01,2026-07-07,7,35.45,9268,True,3.824989210185585
2026-05-31|《人民日报》讲透“稳就业”：找得到活、上得了工、拿得到钱,《人民日报》讲透“稳就业”：找得到活、上得了工、拿得到钱,2026-05-31,2026-05-31,2026-06-06,7,32.99,8446,True,3.9059910016575894
2026-06-08|《人民日报》讲透“数字治理”：不是简单“上系统”,《人民日报》讲透“数字治理”：不是简单“上系统”,2026-06-08,2026-06-08,2026-06-14,7,32.13,8308,True,3.867356764564276
2026-08-18|《人民日报》谈【科普】：不是把知识讲简单,《人民日报》谈【科普】：不是把知识讲简单,2026-08-18,2026-08-18,2026-08-24,7,31.08,4523,True,6.871545434446164
2026-06-15|《人民日报》讲透【银发经济】：不是养老负担,《人民日报》讲透【银发经济】：不是养老负担,2026-06-15,2026-06-15,2026-06-21,7,29.68,7161,True,4.144672531769306
2026-06-25|《人民日报》讲【就业难】：不能只写“多给岗位”,《人民日报》讲【就业难】：不能只写“多给岗位”,2026-06-25,2026-06-25,2026-07-01,7,28.78,12104,True,2.3777263714474555
2026-07-06|《人民日报》谈教育“十五五”：不是让孩子学得更多,《人民日报》谈教育“十五五”：不是让孩子学得更多,2026-07-06,2026-07-06,2026-07-12,7,26.67,6295,True,4.23669579030977
2026-08-22|《人民日报》谈【氢能】：不是“制出氢”就够了，,《人民日报》谈【氢能】：不是“制出氢”就够了，,2026-08-22,2026-08-22,2026-08-28,7,22.61,5982,True,3.779672350384487
2026-06-06|《人民日报》系列文章讲“生态文明”：不止于绿水青山，还要有法治、治理和长期主义,《人民日报》系列文章讲“生态文明”：不止于绿水青山，还要有法治、治理和长期主义,2026-06-06,2026-06-06,2026-06-12,7,21.27,4794,True,4.4367959949937426
2026-08-17|《人民日报》谈【公共文化服务】：不是简单“送下去”,《人民日报》谈【公共文化服务】：不是简单“送下去”,2026-08-17,2026-08-17,2026-08-23,7,20.76,3425,True,6.061313868613139
2026-07-24|《人民日报》谈【科技金融】：不是多给一笔贷款,《人民日报》谈【科技金融】：不是多给一笔贷款,2026-07-24,2026-07-24,2026-07-30,7,20.68,4522,True,4.573197700132685
2026-08-14|《人民日报》谈【未成年人保护】：不能等孩子“出事”后再管,《人民日报》谈【未成年人保护】：不能等孩子“出事”后再管,2026-08-14,2026-08-14,2026-08-20,7,20.64,3933,True,5.24790236460717
2026-09-05|《人民日报》谈【提振消费】：让群众能消费、敢消费、愿消费,《人民日报》谈【提振消费】：让群众能消费、敢消费、愿消费,2026-09-05,2026-09-05,2026-09-06,2,20.42,10108,False,2.0201820340324494
2026-06-23|《人民日报》写【服务消费】：不是发券促销,《人民日报》写【服务消费】：不是发券促销,2026-06-23,2026-06-23,2026-06-29,7,18.55,6797,True,2.729145211122554
2026-08-07|《人民日报》谈【普惠托育】：不是多建几个托班,《人民日报》谈【普惠托育】：不是多建几个托班,2026-08-07,2026-08-07,2026-08-13,7,18.43,3723,True,4.950308890679559
2026-08-03|《人民日报》谈【旅游强国】：不是游客越多越好,《人民日报》谈【旅游强国】：不是游客越多越好,2026-08-03,2026-08-03,2026-08-09,7,17.28,5359,True,3.224482179511103
2026-08-06|《人民日报》解读《社会救助法》：救助不只是给钱,《人民日报》解读《社会救助法》：救助不只是给钱,2026-08-06,2026-08-06,2026-08-12,7,17.27,4894,True,3.528810788720883
2026-08-19|《人民日报》谈“土特产”：不是简单把特产卖出去,《人民日报》谈“土特产”：不是简单把特产卖出去,2026-08-19,2026-08-19,2026-08-25,7,16.92,4552,True,3.717047451669596
2026-06-30|《人民日报》讲【文化传承】：既要守住根脉，也要走进生活、走向世界,《人民日报》讲【文化传承】：既要守住根脉，也要走进生活、走向世界,2026-06-30,2026-06-30,2026-07-06,7,14.19,3558,True,3.988195615514334
2026-07-13|《人民日报》谈【文化与科技融合】：不是给传统文化套一层特效,《人民日报》谈【文化与科技融合】：不是给传统文化套一层特效,2026-07-13,2026-07-13,2026-07-19,7,13.6,2647,True,5.137891953154514
2026-07-12|《人民日报》谈【养老】：不仅仅是公益事业,《人民日报》谈【养老】：不仅仅是公益事业,2026-07-12,2026-07-12,2026-07-18,7,11.96,3028,True,3.949801849405548
2026-07-16|《人民日报》谈【乡村文化振兴】：农家书屋不能只“有书”,《人民日报》谈【乡村文化振兴】：农家书屋不能只“有书”,2026-07-16,2026-07-16,2026-07-22,7,11.9,4362,True,2.728106373223292
2026-07-27|《人民日报》谈【城市治理】：别只看“面子”,《人民日报》谈【城市治理】：别只看“面子”,2026-07-27,2026-07-27,2026-08-02,7,11.59,3484,True,3.3266360505166475
2026-07-28|《人民日报》讲【防灾救灾】：预警不能只“发出去”,《人民日报》讲【防灾救灾】：预警不能只“发出去”,2026-07-28,2026-07-28,2026-08-03,7,11.34,2301,True,4.9282920469361144
2026-07-31|《人民日报》谈【全民健身】：不是多建几个场馆,《人民日报》谈【全民健身】：不是多建几个场馆,2026-07-31,2026-07-31,2026-08-06,7,11.06,3110,True,3.5562700964630225
2026-06-03|《人民日报》这样写“公共服务均等化”：从“有没有”到“够得到”,《人民日报》这样写“公共服务均等化”：从“有没有”到“够得到”,2026-06-03,2026-06-03,2026-06-09,7,10.74,3220,True,3.3354037267080745
2026-07-26|《人民日报》谈【民生服务】：不能总等群众找政策,《人民日报》谈【民生服务】：不能总等群众找政策,2026-07-26,2026-07-26,2026-08-01,7,10.59,2216,True,4.778880866425993
2026-06-04|《人民日报》系列文章讲透“新质生产力”：从词元、农机到田间大模型,《人民日报》系列文章讲透“新质生产力”：从词元、农机到田间大模型,2026-06-04,2026-06-04,2026-06-10,7,10.1,4438,True,2.2757999098693107
2026-06-16|《人民日报》写【低空经济】：别只追风口,《人民日报》写【低空经济】：别只追风口,2026-06-16,2026-06-16,2026-06-22,7,10.03,2761,True,3.6327417602318
2026-07-09|《人民日报》谈【安全治理】：安全不是成本问题,《人民日报》谈【安全治理】：安全不是成本问题,2026-07-09,2026-07-09,2026-07-15,7,9.38,3530,True,2.6572237960339944
2026-08-31|《人民日报》谈【基层减负】：不是简单少干活,《人民日报》谈【基层减负】：不是简单少干活,2026-08-31,2026-08-31,2026-09-06,7,8.54,3423,True,2.494887525562372
2026-07-10|《人民日报》谈【营商环境】：企业不仅要进得来，也要……,《人民日报》谈【营商环境】：企业不仅要进得来，也要……,2026-07-10,2026-07-10,2026-07-16,7,7.63,956,True,7.981171548117155
2026-08-29|《人民日报》谈【基层群众议事】：从“听意见”到“见结果”的五个步骤,《人民日报》谈【基层群众议事】：从“听意见”到“见结果”的五个步骤,2026-08-29,2026-08-29,2026-09-04,7,7.21,1913,True,3.768949294302143
2026-07-25|《人民日报》谈【抓落实】：不能挑肥拣瘦,《人民日报》谈【抓落实】：不能挑肥拣瘦,2026-07-25,2026-07-25,2026-07-31,7,6.81,981,True,6.941896024464832
2026-06-12|《人民日报》讲透“反内卷”：不是反竞争,《人民日报》讲透“反内卷”：不是反竞争,2026-06-12,2026-06-12,2026-06-18,7,6.51,1941,True,3.3539412673879445
2026-06-26|《人民日报》讲【新媒体融合】：不是多开账号,《人民日报》讲【新媒体融合】：不是多开账号,2026-06-26,2026-06-26,2026-07-02,7,6.5,2379,True,2.73224043715847
2026-07-11|《人民日报》谈【知识产权】：防止“碰瓷式维权,《人民日报》谈【知识产权】：防止“碰瓷式维权,2026-07-11,2026-07-11,2026-07-17,7,6.06,1973,True,3.0714647744551447
2026-06-29|《人民日报》讲【健康中国】：不是医院越大越好,《人民日报》讲【健康中国】：不是医院越大越好,2026-06-29,2026-06-29,2026-07-05,7,5.6,1549,True,3.615235635894125
2026-08-08|《人民日报》谈【新职业】：有了“新名字”还不够,《人民日报》谈【新职业】：有了“新名字”还不够,2026-08-08,2026-08-08,2026-08-14,7,5.44,697,True,7.804878048780488
2026-08-21|《人民日报》谈《生态环境法典》：不是“多了一部法”,《人民日报》谈《生态环境法典》：不是“多了一部法”,2026-08-21,2026-08-21,2026-08-27,7,5.15,1461,True,3.5249828884325805
2026-08-12|《人民日报》谈“产业与就业协同”：发展产业不能只算产值账,《人民日报》谈“产业与就业协同”：发展产业不能只算产值账,2026-08-12,2026-08-12,2026-08-18,7,5.11,1183,True,4.319526627218935
2025-11-27|申论速提 10 分！行政执法类「必背万能金句 + 范文」考前最后一套提分秘籍！,申论速提 10 分！行政执法类「必背万能金句 + 范文」考前最后一套提分秘籍！,2025-11-27,2025-11-27,2025-12-03,7,4.87,721,True,6.754507628294036
2023-06-30|【公考热点】淄博烧烤为何火，最全分析。对城市建设，乡村振兴有借鉴意义,【公考热点】淄博烧烤为何火，最全分析。对城市建设，乡村振兴有借鉴意义,2023-06-30,2023-06-30,2023-07-06,7,4.77,182,True,26.208791208791208
2024-02-19|《人民日报》每日金句，书法手机壁纸01,《人民日报》每日金句，书法手机壁纸01,2024-02-19,2024-02-19,2024-02-25,7,4.76,2221,True,2.143178748311571
2026-06-13|《人民日报》讲透“向海图强”：不是“靠海吃海”,《人民日报》讲透“向海图强”：不是“靠海吃海”,2026-06-13,2026-06-13,2026-06-19,7,4.13,1224,True,3.3741830065359477
2026-07-14|《人民日报》谈【政绩考核】：不是考得多,《人民日报》谈【政绩考核】：不是考得多,2026-07-14,2026-07-14,2026-07-20,7,4.02,948,True,4.240506329113924
2023-03-14|2023国考省考面试热点：围炉煮茶,2023国考省考面试热点：围炉煮茶,2023-03-14,2023-03-14,2023-03-19,6,4.0,2799,True,1.429081814933905
2026-08-13|《人民日报》谈【耐心资本】：不是“多等几年”,《人民日报》谈【耐心资本】：不是“多等几年”,2026-08-13,2026-08-13,2026-08-19,7,3.96,906,True,4.370860927152318
2026-08-09|《人民日报》谈【碳达峰】：不是简单的限产减排,《人民日报》谈【碳达峰】：不是简单的限产减排,2026-08-09,2026-08-09,2026-08-15,7,3.82,641,True,5.959438377535101
2026-06-27|《人民日报》讲【现代农业】：不是只靠苦干,《人民日报》讲【现代农业】：不是只靠苦干,2026-06-27,2026-06-27,2026-07-03,7,3.75,1393,True,2.692031586503948
2026-06-24|《人民日报》讲【新型城镇化】：不仅是进城落脚,《人民日报》讲【新型城镇化】：不仅是进城落脚,2026-06-24,2026-06-24,2026-06-30,7,3.74,1711,True,2.185856224430158
2026-08-25|《人民日报》谈【带薪休假】：不是“放几天假”,《人民日报》谈【带薪休假】：不是“放几天假”,2026-08-25,2026-08-25,2026-08-31,7,3.55,783,True,4.533844189016603
2026-08-10|《人民日报》谈【农业现代化】：不能只保产量,《人民日报》谈【农业现代化】：不能只保产量,2026-08-10,2026-08-10,2026-08-16,7,3.54,1182,True,2.99492385786802
2023-03-28|国考省考申论面试素材积累：排比论据01（优秀干部、高质量发展）,国考省考申论面试素材积累：排比论据01（优秀干部、高质量发展）,2023-03-28,2023-03-28,2023-04-03,7,3.39,430,True,7.883720930232558
2023-02-25|2023年公务员考试申论热点密押预测,2023年公务员考试申论热点密押预测,2023-02-25,2023-02-25,2023-03-03,7,3.36,1743,True,1.927710843373494
2026-07-07|《人民日报》谈【未来产业】：不是各地追同一个风口,《人民日报》谈【未来产业】：不是各地追同一个风口,2026-07-07,2026-07-07,2026-07-13,7,3.34,1159,True,2.8817946505608285
2026-07-02|《人民日报》讲【正确政绩观】2：让群众看到变化，靠考核、决策和旧账闭环,《人民日报》讲【正确政绩观】2：让群众看到变化，靠考核、决策和旧账闭环,2026-07-02,2026-07-02,2026-07-08,7,3.01,1110,True,2.7117117117117115
2023-02-14|早上好！2023人民日报金句摘抄037| 公考必背、申论晨读素材、结构化面试热点,早上好！2023人民日报金句摘抄037| 公考必背、申论晨读素材、结构化面试热点,2023-02-14,2023-02-14,2023-02-18,5,2.82,1138,True,2.4780316344463973
2026-07-23|《人民日报》谈【农业社会化服务】：不是把地“交出去”,《人民日报》谈【农业社会化服务】：不是把地“交出去”,2026-07-23,2026-07-23,2026-07-29,7,2.74,1040,True,2.6346153846153846
2025-06-19|此生尽兴，赤诚善良（给宝宝的第一封信）,此生尽兴，赤诚善良（给宝宝的第一封信）,2025-06-19,2025-06-19,2025-06-25,5,2.72,184,True,14.782608695652174
2026-08-20|《人民日报》谈【票根经济】：不是赛后发优惠券,《人民日报》谈【票根经济】：不是赛后发优惠券,2026-08-20,2026-08-20,2026-08-26,7,2.7,980,True,2.7551020408163267
2026-07-03|30｜《人民日报》讲【共同富裕】：不是平均用力,30｜《人民日报》讲【共同富裕】：不是平均用力,2026-07-03,2026-07-03,2026-07-09,7,2.56,861,True,2.9732868757259
2023-02-12|早上好！2023人民日报金句摘抄035 | 公考必背、申论晨读素材、结构化面试热点,早上好！2023人民日报金句摘抄035 | 公考必背、申论晨读素材、结构化面试热点,2023-02-12,2023-02-12,2023-02-18,7,2.54,555,True,4.576576576576577
2026-06-02|申论写基础设施，别只会写“修路架桥”：《人民日报》讲的是“六张网”,申论写基础设施，别只会写“修路架桥”：《人民日报》讲的是“六张网”,2026-06-02,2026-06-02,2026-06-08,7,2.48,636,True,3.89937106918239
2026-08-02|《人民日报》谈【网络消费治理】：商家写了“概不退款”，不等于可以免责,《人民日报》谈【网络消费治理】：商家写了“概不退款”，不等于可以免责,2026-08-02,2026-08-02,2026-08-08,7,2.47,377,True,6.551724137931035
2024-08-11|我的父亲,我的父亲,2024-08-11,2024-08-11,2024-08-17,7,2.46,885,True,2.7796610169491527
2026-08-27|《人民日报》用164篇文章讲透【政绩观】：从“想干事”到“干成正确的事”,《人民日报》用164篇文章讲透【政绩观】：从“想干事”到“干成正确的事”,2026-08-27,2026-08-27,2026-08-27,1,2.4,863,True,2.7809965237543453
2023-03-16|2023国考省考面试热点02：躺平式干部,2023国考省考面试热点02：躺平式干部,2023-03-16,2023-03-16,2023-03-22,6,2.24,1322,True,1.6944024205748864
2026-06-19|写给7岁的你：爸爸想跟你聊几件事,写给7岁的你：爸爸想跟你聊几件事,2026-06-19,2026-06-19,2026-06-25,7,2.24,483,True,4.63768115942029
2026-06-22|《人民日报》讲【大国向西】：不纯是“补短板”,《人民日报》讲【大国向西】：不纯是“补短板”,2026-06-22,2026-06-22,2026-06-28,7,2.23,887,True,2.5140924464487036
2026-09-04|《人民日报》谈“十五五”开局：内需、创新、民生与风险应形成闭环,《人民日报》谈“十五五”开局：内需、创新、民生与风险应形成闭环,2026-09-04,2026-09-04,2026-09-06,3,2.21,735,False,3.006802721088435
2026-07-04|《人民日报》讲【人民城市】：不能只看GDP和地标,《人民日报》讲【人民城市】：不能只看GDP和地标,2026-07-04,2026-07-04,2026-07-10,7,2.19,736,True,2.9755434782608696
2026-08-23|《人民日报》深度分析【健康优先】：不是卫生部门“单打独斗”,《人民日报》深度分析【健康优先】：不是卫生部门“单打独斗”,2026-08-23,2026-08-23,2026-08-29,7,2.17,317,True,6.8454258675078865
2023-03-30|2023国考省考面试热点05：高质量发展,2023国考省考面试热点05：高质量发展,2023-03-30,2023-03-30,2023-04-05,7,2.16,708,True,3.0508474576271185
2026-06-14|《人民日报》写透“清欠企业账款”：不仅仅是财务题,《人民日报》写透“清欠企业账款”：不仅仅是财务题,2026-06-14,2026-06-14,2026-06-20,7,2.16,604,True,3.576158940397351
2023-04-11|2023国考省考面试热点06：脱去孔乙己的长衫,2023国考省考面试热点06：脱去孔乙己的长衫,2023-04-11,2023-04-11,2023-04-17,7,2.15,519,True,4.142581888246628
2026-07-15|《人民日报》谈【AI 应用落地】：不是单选题,《人民日报》谈【AI 应用落地】：不是单选题,2026-07-15,2026-07-15,2026-07-21,7,2.14,1048,True,2.0419847328244276
2026-05-23|《人民日报》讲透申论高分写法：城市整理别再空喊“以人为本”,《人民日报》讲透申论高分写法：城市整理别再空喊“以人为本”,2026-05-23,2026-05-23,2026-05-29,7,2.13,919,True,2.317736670293798
2023-02-17|早上好！2023人民日报每日金句摘抄040,早上好！2023人民日报每日金句摘抄040,2023-02-17,2023-02-17,2023-02-23,7,2.1,422,True,4.976303317535545
2026-06-20|《人民日报》讲【资源循环】：不是回收旧物,《人民日报》讲【资源循环】：不是回收旧物,2026-06-20,2026-06-20,2026-06-26,7,1.96,748,True,2.620320855614973
2025-06-15|三十七岁记：中年人的清醒,三十七岁记：中年人的清醒,2025-06-15,2025-06-15,2025-06-20,6,1.91,177,True,10.790960451977401
2026-08-16|《人民日报》谈【制造业新模式】：不是只追求“大批量”,《人民日报》谈【制造业新模式】：不是只追求“大批量”,2026-08-16,2026-08-16,2026-08-22,7,1.9,507,True,3.747534516765286
2024-02-03|“新质生产力”是什么？,“新质生产力”是什么？,2024-02-03,2024-02-03,2024-02-09,5,1.83,79,True,23.164556962025316
2026-07-05|《人民日报》谈中国【品牌出海】：不是卖得更多,《人民日报》谈中国【品牌出海】：不是卖得更多,2026-07-05,2026-07-05,2026-07-11,7,1.82,615,True,2.959349593495935
2026-08-04|60｜《人民日报》谈【无障碍环境】：不是修一条坡道,60｜《人民日报》谈【无障碍环境】：不是修一条坡道,2026-08-04,2026-08-04,2026-08-10,7,1.8,783,True,2.2988505747126435
2023-02-13|早上好！2023人民日报金句摘抄036 | 公考必背、申论晨读素材、结构化面试热点,早上好！2023人民日报金句摘抄036 | 公考必背、申论晨读素材、结构化面试热点,2023-02-13,2023-02-13,2023-02-18,6,1.76,261,True,6.743295019157088
2026-08-28|《人民日报》深度分析【县域青年发展】：岗位与住房只是起点,《人民日报》深度分析【县域青年发展】：岗位与住房只是起点,2026-08-28,2026-08-28,2026-09-03,7,1.75,724,True,2.4171270718232045
"2026-08-24|公考热点：""中国机遇2.0""，不是喊""厉害了""","公考热点：""中国机遇2.0""，不是喊""厉害了""",2026-08-24,2026-08-24,2026-08-30,7,1.74,479,True,3.6325678496868474
2025-03-15|考前 2 小时自救指南｜行政执法类联考急救包，刷到就是赚到！,考前 2 小时自救指南｜行政执法类联考急救包，刷到就是赚到！,2025-03-15,2025-03-15,2025-03-20,5,1.72,387,True,4.444444444444445
2023-02-28|人民日报写“人民江山”，金句绝了，2023国考联考面试必背044！,人民日报写“人民江山”，金句绝了，2023国考联考面试必背044！,2023-02-28,2023-02-28,2023-03-06,7,1.67,464,True,3.5991379310344827
2023-03-21|2023国考省考面试热点03：大兴调查研究（节选整合版）,2023国考省考面试热点03：大兴调查研究（节选整合版）,2023-03-21,2023-03-21,2023-03-27,7,1.6,528,True,3.0303030303030303
2023-03-27|微信这个功能，我不允许你不知道,微信这个功能，我不允许你不知道,2023-03-27,2023-03-27,2023-04-02,7,1.57,219,True,7.168949771689498
2025-03-15|考前 2 小时自救指南｜乡镇卷联考急救包，刷到就是赚到！,考前 2 小时自救指南｜乡镇卷联考急救包，刷到就是赚到！,2025-03-15,2025-03-15,2025-03-18,3,1.47,730,True,2.0136986301369864
2023-03-29|2023国考省考面试热点04：大食物观,2023国考省考面试热点04：大食物观,2023-03-29,2023-03-29,2023-04-04,7,1.43,743,True,1.9246298788694483
2023-03-05|早上好！2023人民日报金句摘抄045| 公考必背、申论晨读素材、结构化面试热点,早上好！2023人民日报金句摘抄045| 公考必背、申论晨读素材、结构化面试热点,2023-03-05,2023-03-05,2023-03-11,7,1.39,334,True,4.161676646706587
2024-02-21|什么是“新质生产力”,什么是“新质生产力”,2024-02-21,2024-02-21,2024-02-27,7,1.33,138,True,9.63768115942029
2023-02-28|人民日报写“人民江山”，金句绝了,人民日报写“人民江山”，金句绝了,2023-02-28,2023-02-28,2023-03-06,7,1.3,230,True,5.6521739130434785
2023-02-15|早上好！2023人民日报每日金句摘抄038| 公考申论晨读素材、结构化面试热点,早上好！2023人民日报每日金句摘抄038| 公考申论晨读素材、结构化面试热点,2023-02-15,2023-02-15,2023-02-21,7,1.26,155,True,8.129032258064516
2024-02-22|【公考申论面试热点21】傅园慧之困,【公考申论面试热点21】傅园慧之困,2024-02-22,2024-02-22,2024-02-28,7,1.26,150,True,8.4
2026-06-21|《人民日报》讲【AI 时代教育】：不是人人学工具,《人民日报》讲【AI 时代教育】：不是人人学工具,2026-06-21,2026-06-21,2026-06-27,7,1.24,1075,True,1.1534883720930234
2023-02-21|2022年广西公务员考试申论A卷（自治区级、市级）真题参考答案,2022年广西公务员考试申论A卷（自治区级、市级）真题参考答案,2023-02-21,2023-02-21,2023-02-27,7,1.21,1059,True,1.1425873465533523
2024-01-09|人民日报励志金句：征途漫漫多风雨，敢于斗争永向前。,人民日报励志金句：征途漫漫多风雨，敢于斗争永向前。,2024-01-09,2024-01-09,2024-01-15,7,1.17,349,True,3.35243553008596
2023-02-19|早上好！2023人民日报金句摘抄042 | 公考必背、申论晨读素材、结构化面试热点,早上好！2023人民日报金句摘抄042 | 公考必背、申论晨读素材、结构化面试热点,2023-02-19,2023-02-19,2023-02-25,7,1.14,303,True,3.762376237623762
2025-02-01|我的 2024 和 2025 的我（2025 年规划篇）,我的 2024 和 2025 的我（2025 年规划篇）,2025-02-01,2025-02-01,2025-02-06,6,1.08,183,True,5.901639344262295
2026-06-01|【申论素材】中央一号文件怎么转成申论素材：农业农村现代化的六个关键词,【申论素材】中央一号文件怎么转成申论素材：农业农村现代化的六个关键词,2026-06-01,2026-06-01,2026-06-07,7,1.06,488,True,2.1721311475409837
2026-08-30|公考热点：两人买三座，争什么？,公考热点：两人买三座，争什么？,2026-08-30,2026-08-30,2026-09-05,7,1.04,681,True,1.5271659324522762
2023-02-16|早上好！2023人民日报每日金句摘抄039 | 公考申论晨读素材、结构化面试热点、高考语文金句,早上好！2023人民日报每日金句摘抄039 | 公考申论晨读素材、结构化面试热点、高考语文金句,2023-02-16,2023-02-16,2023-02-22,7,1.0,430,True,2.3255813953488373
2026-05-27|申论写公共服务，别只写“均等化”：《人民日报》给了四个动作,申论写公共服务，别只写“均等化”：《人民日报》给了四个动作,2026-05-27,2026-05-27,2026-06-02,7,1.0,416,True,2.4038461538461537
2025-02-06|如何做好孩子的情绪教养,如何做好孩子的情绪教养,2025-02-06,2025-02-06,2025-02-12,5,0.99,260,True,3.8076923076923075
2023-02-27|早上好！2023人民日报金句摘抄043| 公考必背、申论晨读素材、结构化面试热点,早上好！2023人民日报金句摘抄043| 公考必背、申论晨读素材、结构化面试热点,2023-02-27,2023-02-27,2023-03-05,6,0.97,357,True,2.7170868347338937
2025-01-27|我的 2024 和 2025 的我（2024 年回顾篇）,我的 2024 和 2025 的我（2024 年回顾篇）,2025-01-27,2025-01-27,2025-02-02,7,0.88,176,True,5.0
2023-03-02|2023年225公务员联考_广西A卷（自治区级、市级）大作文范文,2023年225公务员联考_广西A卷（自治区级、市级）大作文范文,2023-03-02,2023-03-02,2023-03-08,7,0.87,191,True,4.554973821989528
2026-01-10|# 我的2025和2026的我（回顾篇）,# 我的2025和2026的我（回顾篇）,2026-01-10,2026-01-10,2026-01-16,7,0.87,104,True,8.365384615384615
2024-01-01|我的2023和2024的我（2023年职业回顾）,我的2023和2024的我（2023年职业回顾）,2024-01-01,2024-01-01,2024-01-04,4,0.86,147,True,5.850340136054422
2026-05-09|这是我见过最好的申论能力解读,这是我见过最好的申论能力解读,2026-05-09,2026-05-09,2026-05-15,7,0.85,312,True,2.7243589743589745
2023-02-11|早上好！2023人民日报金句摘抄034 | 申论晨读素材、结构化面试热点、高考作文素材、公务员考试预测,早上好！2023人民日报金句摘抄034 | 申论晨读素材、结构化面试热点、高考作文素材、公务员考试预测,2023-02-11,2023-02-11,2023-02-16,6,0.8,78,True,10.256410256410257
2023-02-27|早上好！2023人民日报金句摘抄图片043,早上好！2023人民日报金句摘抄图片043,2023-02-27,2023-02-27,2023-03-04,5,0.8,110,True,7.2727272727272725
2026-06-29|官媒视角看【取消停车计费“向上取整”】：不是少收几块钱的事,官媒视角看【取消停车计费“向上取整”】：不是少收几块钱的事,2026-06-29,2026-06-29,2026-07-05,7,0.8,354,True,2.2598870056497176
2023-02-18|2023人民日报每日金句摘抄041文字版  | 公考申论晨读素材、结构化面试热点、高考语文金句,2023人民日报每日金句摘抄041文字版  | 公考申论晨读素材、结构化面试热点、高考语文金句,2023-02-18,2023-02-18,2023-02-24,7,0.75,179,True,4.189944134078212
2023-04-14|2023国考省考面试热点08：套娃式充会员,2023国考省考面试热点08：套娃式充会员,2023-04-14,2023-04-14,2023-04-20,6,0.71,250,True,2.84
2024-01-11|人民日报评论·正能量励志金句：不休则沟深，斧不止则薪多。,人民日报评论·正能量励志金句：不休则沟深，斧不止则薪多。,2024-01-11,2024-01-11,2024-01-17,7,0.71,253,True,2.8063241106719365
2026-06-09|我的公众号历史性时刻,我的公众号历史性时刻,2026-06-09,2026-06-10,2026-06-15,6,0.69,119,True,5.798319327731092
2026-01-08|《人民日报》热点评论08：过紧日子不是过苦日子（2026年国考面试热点）,《人民日报》热点评论08：过紧日子不是过苦日子（2026年国考面试热点）,2026-01-08,2026-01-08,2026-01-14,7,0.66,236,True,2.7966101694915255
2026-09-06|《人民日报》深度分析【平台算法治理】：外卖平台试点骑手计时“红灯停表”,《人民日报》深度分析【平台算法治理】：外卖平台试点骑手计时“红灯停表”,2026-09-06,2026-09-06,2026-09-06,1,0.65,187,False,3.4759358288770055
2023-06-25|两位高分学员的面试考场心得,两位高分学员的面试考场心得,2023-06-25,2023-06-25,2023-07-01,7,0.64,330,True,1.9393939393939394
2023-04-19|2023人民日报金句摘抄【奋斗篇】| 公考必背、申论晨读素材、结构化面试热点046,2023人民日报金句摘抄【奋斗篇】| 公考必背、申论晨读素材、结构化面试热点046,2023-04-19,2023-04-19,2023-04-25,6,0.63,113,True,5.575221238938053
2026-01-18|# 我的2025和2026的我（2026书单）,# 我的2025和2026的我（2026书单）,2026-01-18,2026-01-18,2026-01-22,4,0.63,169,True,3.727810650887574
2026-08-26|《人民日报》谈【带薪休假】：不是“放几天,《人民日报》谈【带薪休假】：不是“放几天,2026-08-26,2026-08-26,2026-09-01,7,0.63,146,True,4.315068493150685
2025-01-21|近期个人安排及公众号更新计划说明,近期个人安排及公众号更新计划说明,2025-01-21,2025-01-21,2025-01-27,7,0.61,132,True,4.621212121212121
2023-03-17|2023国考省考面试最新高分话术 & 金句：总理答中外记者问,2023国考省考面试最新高分话术 & 金句：总理答中外记者问,2023-03-17,2023-03-17,2023-03-19,3,0.56,129,True,4.341085271317829
2025-02-02|我的 2024 和 2025 的我（学习篇）,我的 2024 和 2025 的我（学习篇）,2025-02-02,2025-02-02,2025-02-08,4,0.56,66,True,8.484848484848484
2024-03-09|人民日报每日金句图片：写在春天里的奋斗（申论晨读材料）,人民日报每日金句图片：写在春天里的奋斗（申论晨读材料）,2024-03-09,2024-03-09,2024-03-15,7,0.54,81,True,6.666666666666667
2025-11-11|申论规范词规范表达：基层治理类,申论规范词规范表达：基层治理类,2025-11-11,2025-11-11,2025-11-17,6,0.51,182,True,2.802197802197802
2024-06-12|人民日报评论热点71｜7天支教费上万，大凉山沦为“公益秀场”,人民日报评论热点71｜7天支教费上万，大凉山沦为“公益秀场”,2024-06-12,2024-06-12,2024-06-18,6,0.5,253,True,1.976284584980237
2024-11-14|人民日报热点评论 85｜理发师因“听得懂话”爆火，这份作业值得抄,人民日报热点评论 85｜理发师因“听得懂话”爆火，这份作业值得抄,2024-11-14,2024-11-14,2024-11-20,7,0.5,218,True,2.293577981651376
2023-07-04|​🎉“千万工程” 20周年庆🎉,​🎉“千万工程” 20周年庆🎉,2023-07-04,2023-07-04,2023-07-08,5,0.49,133,True,3.6842105263157894
2024-10-21|人民日报金句热点评论83｜要高山仰止，还要见贤思齐,人民日报金句热点评论83｜要高山仰止，还要见贤思齐,2024-10-21,2024-10-21,2024-10-27,7,0.48,261,True,1.839080459770115
2025-01-19|感谢大家的陪伴,感谢大家的陪伴,2025-01-19,2025-01-19,2025-01-23,5,0.48,182,True,2.6373626373626373
2026-08-18|《人民日报》谈“常态化精准帮扶”,《人民日报》谈“常态化精准帮扶”,2026-08-18,2026-08-18,2026-08-24,6,0.48,165,True,2.909090909090909
2024-01-16|我的2023和2024的我（2024工作学习规划）,我的2023和2024的我（2024工作学习规划）,2024-01-16,2024-01-16,2024-01-22,5,0.47,117,True,4.017094017094017
2023-07-06|人民日报评论：全职儿女≠啃老！别把它们简单画等,人民日报评论：全职儿女≠啃老！别把它们简单画等,2023-07-06,2023-07-06,2023-07-12,7,0.46,321,True,1.4330218068535825
2026-05-28|人民日报这组产业文章讲透：新质生产力不是只写 AI，传统产业也能写出高分,人民日报这组产业文章讲透：新质生产力不是只写 AI，传统产业也能写出高分,2026-05-28,2026-05-28,2026-06-03,7,0.46,235,True,1.9574468085106382
2023-02-19|我那脏兮兮的小崽，教会了我一件事,我那脏兮兮的小崽，教会了我一件事,2023-02-19,2023-02-19,2023-02-25,7,0.45,115,True,3.9130434782608696
2023-04-07|我用GPT写了一篇事业单考试综合应用B类作文，你感觉写得如何？,我用GPT写了一篇事业单考试综合应用B类作文，你感觉写得如何？,2023-04-07,2023-04-07,2023-04-13,7,0.44,294,True,1.4965986394557824
2024-11-11|【人民日报】每日金句，每天5分钟轻松提升文笔｜07,【人民日报】每日金句，每天5分钟轻松提升文笔｜07,2024-11-11,2024-11-11,2024-11-16,6,0.44,118,True,3.7288135593220337
2025-03-08|人民日报每日金句 70｜“以人民为中心”金句，看这一篇就够了,人民日报每日金句 70｜“以人民为中心”金句，看这一篇就够了,2025-03-08,2025-03-08,2025-03-14,7,0.44,237,True,1.8565400843881856
2025-03-10|人民日报每日金句 71｜文化自信核心金句,人民日报每日金句 71｜文化自信核心金句,2025-03-10,2025-03-10,2025-03-15,6,0.41,126,True,3.253968253968254
2025-11-30|2026 国考申论·考前最后 10 分钟“抢分”清单,2026 国考申论·考前最后 10 分钟“抢分”清单,2025-11-30,2025-11-30,2025-12-06,4,0.39,97,True,4.020618556701031
2023-02-18|早上好！2023人民日报每日金句摘抄041,早上好！2023人民日报每日金句摘抄041,2023-02-18,2023-02-18,2023-02-23,6,0.36,61,True,5.901639344262295
2023-04-13|2023国考省考面试热点07：划船刺客,2023国考省考面试热点07：划船刺客,2023-04-13,2023-04-13,2023-04-19,6,0.35,86,True,4.069767441860465
2024-06-04|人民日报评论热点65｜“王妈”塌房，尊重劳动者不能只是虚拟人设,人民日报评论热点65｜“王妈”塌房，尊重劳动者不能只是虚拟人设,2024-06-04,2024-06-04,2024-06-10,7,0.35,200,True,1.75
2024-08-27|人民日报评论热点80｜食品安全岂容“幽灵外卖”糊弄,人民日报评论热点80｜食品安全岂容“幽灵外卖”糊弄,2024-08-27,2024-08-27,2024-09-02,6,0.35,334,True,1.0479041916167664
2025-08-19|公考热点：“内卷”的本质与治理启示,公考热点：“内卷”的本质与治理启示,2025-08-19,2025-08-19,2025-08-25,3,0.35,69,True,5.072463768115942
2023-07-30|人民日报评论热点08：网络烂梗,人民日报评论热点08：网络烂梗,2023-07-30,2023-07-30,2023-08-05,7,0.34,226,True,1.5044247787610618
2024-06-18|人民日报评论热点74｜开盒挂人,人民日报评论热点74｜开盒挂人,2024-06-18,2024-06-18,2024-06-24,7,0.34,204,True,1.6666666666666667
2025-03-09|公考申论面试热点 96｜乡村综艺,公考申论面试热点 96｜乡村综艺,2025-03-09,2025-03-09,2025-03-15,6,0.34,81,True,4.197530864197531
2023-07-07|人民日报评论金句：抓落实，高级感十足！,人民日报评论金句：抓落实，高级感十足！,2023-07-07,2023-07-07,2023-07-12,5,0.33,95,True,3.473684210526316
2026-03-14|【抱佛脚】申论“乡镇卷”考前突击版：20个热点,【抱佛脚】申论“乡镇卷”考前突击版：20个热点,2026-03-14,2026-03-14,2026-03-19,6,0.32,164,True,1.951219512195122
2026-05-30|跟着《人民日报》学申论写作：因地制宜,跟着《人民日报》学申论写作：因地制宜,2026-05-30,2026-05-30,2026-06-05,6,0.32,100,True,3.2
2024-05-26|国考申论面试热点57 | 鬼秤坑人 沆瀣一气,国考申论面试热点57 | 鬼秤坑人 沆瀣一气,2024-05-26,2024-05-26,2024-06-01,6,0.31,85,True,3.6470588235294117
2024-10-20|人民日报金句热点评论82｜故宫劝离“暗黑哥特风”,人民日报金句热点评论82｜故宫劝离“暗黑哥特风”,2024-10-20,2024-10-20,2024-10-26,7,0.31,354,True,0.8757062146892656
2024-10-24|人民日报每日金句｜原生鸿蒙操作系统照见中国创新活力（公考申论面试热点）,人民日报每日金句｜原生鸿蒙操作系统照见中国创新活力（公考申论面试热点）,2024-10-24,2024-10-24,2024-10-30,7,0.31,139,True,2.2302158273381294
2023-07-03|【公考面试干货】如何组织一次评选活动。国考省考事业单位申论和结构化面试考试素材,【公考面试干货】如何组织一次评选活动。国考省考事业单位申论和结构化面试考试素材,2023-07-03,2023-07-03,2023-07-09,7,0.3,103,True,2.912621359223301
2025-03-07|人民日报每日金句 69｜从《人民日报》的重磅文章，看 AI 类热点的规范化表达,人民日报每日金句 69｜从《人民日报》的重磅文章，看 AI 类热点的规范化表达,2025-03-07,2025-03-07,2025-03-13,7,0.3,195,True,1.5384615384615385
2025-12-30|2026国考面试热点：别因一句英文“翻车”,2026国考面试热点：别因一句英文“翻车”,2025-12-30,2025-12-30,2026-01-05,5,0.3,35,True,8.571428571428571
2026-01-04|26 国考面试热点：识己、知己和成己,26 国考面试热点：识己、知己和成己,2026-01-04,2026-01-04,2026-01-10,7,0.3,101,True,2.9702970297029703
2023-02-19|早上好！2023人民日报金句摘抄图片042,早上好！2023人民日报金句摘抄图片042,2023-02-19,2023-02-19,2023-02-25,7,0.29,89,True,3.258426966292135
2023-07-15|早上好！2023人民日报金句摘抄047 | 公考必背、申论晨读素材、结构化面试热点,早上好！2023人民日报金句摘抄047 | 公考必背、申论晨读素材、结构化面试热点,2023-07-15,2023-07-15,2023-07-21,7,0.29,63,True,4.603174603174603
2024-11-23|每日金句 20｜人民日报这样写「长期主义」,每日金句 20｜人民日报这样写「长期主义」,2024-11-23,2024-11-23,2024-11-29,7,0.29,153,True,1.8954248366013071
2024-03-10|【公考申论面试热点32】唤醒“正当防卫”,【公考申论面试热点32】唤醒“正当防卫”,2024-03-10,2024-03-10,2024-03-16,6,0.28,99,True,2.8282828282828283
2025-01-11|人民日报每日金句 68｜申论面试热点「乘长风破万里浪」,人民日报每日金句 68｜申论面试热点「乘长风破万里浪」,2025-01-11,2025-01-11,2025-01-15,5,0.27,58,True,4.655172413793103
2025-11-29|申论速提 10 分！乡村振兴类「必背万能金句 + 范文」考前最后一套提分秘籍！（二）,申论速提 10 分！乡村振兴类「必背万能金句 + 范文」考前最后一套提分秘籍！（二）,2025-11-29,2025-11-29,2025-12-05,7,0.27,86,True,3.13953488372093
2023-03-03|我想听个好故事01：牛魔王被绿了,我想听个好故事01：牛魔王被绿了,2023-03-03,2023-03-03,2023-03-08,6,0.26,56,True,4.642857142857143
2023-05-07|我的公号新名字「学习理想国」,我的公号新名字「学习理想国」,2023-05-07,2023-05-07,2023-05-13,5,0.26,102,True,2.549019607843137
2025-08-20|公考热点：3600万元民生工程沦为“烂尾”,公考热点：3600万元民生工程沦为“烂尾”,2025-08-20,2025-08-20,2025-08-25,6,0.26,67,True,3.8805970149253732
2023-06-27|【公考面试干货】政府常用宣传方式大全,【公考面试干货】政府常用宣传方式大全,2023-06-27,2023-06-27,2023-07-03,6,0.25,48,True,5.208333333333333
2023-06-29|【公考面试干货】组织调研通用框架,【公考面试干货】组织调研通用框架,2023-06-29,2023-06-29,2023-07-05,7,0.25,111,True,2.2522522522522523
2023-06-28|【公考面试干货】政府常用宣传方式大全,【公考面试干货】政府常用宣传方式大全,2023-06-28,2023-06-28,2023-06-28,1,0.24,91,True,2.6373626373626373
2024-11-18|人民日报热点评论 89｜“随便进”的政府大院，怎么火了？,人民日报热点评论 89｜“随便进”的政府大院，怎么火了？,2024-11-18,2024-11-18,2024-11-24,7,0.24,242,True,0.9917355371900827
2026-01-15|2026国考面试成绩已出，国考面试必背万能金句15条｜完整版PDF+真题示例,2026国考面试成绩已出，国考面试必背万能金句15条｜完整版PDF+真题示例,2026-01-15,2026-01-15,2026-01-21,7,0.24,84,True,2.857142857142857
2024-06-06|人民日报评论热点67｜无理由退货不是无理由“薅羊毛”,人民日报评论热点67｜无理由退货不是无理由“薅羊毛”,2024-06-06,2024-06-06,2024-06-12,6,0.23,128,True,1.796875
2023-04-15|2023国考省考三支一扶事业单位面试热点09：新农人,2023国考省考三支一扶事业单位面试热点09：新农人,2023-04-15,2023-04-15,2023-04-20,5,0.22,74,True,2.972972972972973
2023-07-14|人民日报评论热点07：文字失语症。语言贫乏，只会说“无语”“离了个大谱”“yyds”“666”,人民日报评论热点07：文字失语症。语言贫乏，只会说“无语”“离了个大谱”“yyds”“666”,2023-07-14,2023-07-14,2023-07-20,6,0.22,133,True,1.6541353383458646
2024-05-20|国考申论面试热点52  |  猫狗能否上高铁,国考申论面试热点52  |  猫狗能否上高铁,2024-05-20,2024-05-20,2024-05-24,4,0.22,111,True,1.981981981981982
2024-06-03|人民日报评论热点64｜“付费内推”套路深,人民日报评论热点64｜“付费内推”套路深,2024-06-03,2024-06-03,2024-06-08,6,0.22,135,True,1.6296296296296295
2024-06-13|人民日报评论热点72｜拆掉转专业门槛 让兴趣真正作主,人民日报评论热点72｜拆掉转专业门槛 让兴趣真正作主,2024-06-13,2024-06-13,2024-06-19,7,0.22,112,True,1.9642857142857142
2024-11-13|【人民日报】每日金句，每天5分钟轻松提升文笔｜09,【人民日报】每日金句，每天5分钟轻松提升文笔｜09,2024-11-13,2024-11-13,2024-11-17,3,0.22,90,True,2.4444444444444446
2026-01-30|人民日报时评21：西贝关店风波（2026年国考面试热点）,人民日报时评21：西贝关店风波（2026年国考面试热点）,2026-01-30,2026-01-30,2026-02-05,7,0.22,64,True,3.4375
2023-04-25|三十五岁记（上）：中年危机,三十五岁记（上）：中年危机,2023-04-25,2023-04-25,2023-04-30,5,0.21,67,True,3.1343283582089554
2024-06-11|人民日报评论热点70｜鼓浪屿“宰客”已成一条龙,人民日报评论热点70｜鼓浪屿“宰客”已成一条龙,2024-06-11,2024-06-11,2024-06-16,6,0.21,124,True,1.6935483870967742
2024-10-19|人民日报评论热点81｜医院成“网红”拍摄背景板？,人民日报评论热点81｜医院成“网红”拍摄背景板？,2024-10-19,2024-10-19,2024-10-25,7,0.21,99,True,2.121212121212121
2024-11-03|人民日报每日金句热点评论84｜10后的孩子都想当网红？家长必读！,人民日报每日金句热点评论84｜10后的孩子都想当网红？家长必读！,2024-11-03,2024-11-03,2024-11-09,6,0.21,69,True,3.0434782608695654
2026-01-05|26 国考面试热点：当文化自信遇见Z世代表达,26 国考面试热点：当文化自信遇见Z世代表达,2026-01-05,2026-01-05,2026-01-11,6,0.21,61,True,3.442622950819672
2023-04-18|2023三支一扶事业单位公考面试热点10：空姐带货40分钟,2023三支一扶事业单位公考面试热点10：空姐带货40分钟,2023-04-18,2023-04-18,2023-04-23,5,0.2,134,True,1.492537313432836
2023-07-12|人民日报评论热点：围墙挡景，网友调侃：严禁偷窥祖国大好河山,人民日报评论热点：围墙挡景，网友调侃：严禁偷窥祖国大好河山,2023-07-12,2023-07-12,2023-07-18,6,0.2,150,True,1.3333333333333333
2024-05-28|国考申论面试热点59｜征地补偿款“被理财”,国考申论面试热点59｜征地补偿款“被理财”,2024-05-28,2024-05-28,2024-06-02,4,0.2,49,True,4.081632653061225
2024-05-31|国考申论面试热点61｜武大选调生不满嘉峪关,国考申论面试热点61｜武大选调生不满嘉峪关,2024-05-31,2024-05-31,2024-06-06,7,0.2,206,True,0.970873786407767
2024-11-16|【人民日报】每日金句，每天5分钟轻松提升文笔｜11,【人民日报】每日金句，每天5分钟轻松提升文笔｜11,2024-11-16,2024-11-16,2024-11-22,6,0.2,94,True,2.127659574468085
2026-01-28|人民日报时评20：一碗刨猪汤，熬出乡村振兴「新密码」（2026年国考面试热点）,人民日报时评20：一碗刨猪汤，熬出乡村振兴「新密码」（2026年国考面试热点）,2026-01-28,2026-01-28,2026-02-03,7,0.2,74,True,2.7027027027027026
2023-02-10|早上好！2023人民日报金句摘抄033 | 申论晨读素材、结构化面试热点、高考作文素材、公务员考试预测,早上好！2023人民日报金句摘抄033 | 申论晨读素材、结构化面试热点、高考作文素材、公务员考试预测,2023-02-10,2023-02-10,2023-02-15,5,0.19,45,True,4.222222222222222
2024-01-29|【申论面试热点】广西桂林“阴阳菜单”,【申论面试热点】广西桂林“阴阳菜单”,2024-01-29,2024-01-29,2024-02-02,4,0.19,106,True,1.7924528301886793
2024-10-25|人民日报每日金句｜不做一个“庸俗的事务主义家”,人民日报每日金句｜不做一个“庸俗的事务主义家”,2024-10-25,2024-10-25,2024-10-31,5,0.19,58,True,3.2758620689655173
2024-11-15|【人民日报】每日金句，每天5分钟轻松提升文笔｜10,【人民日报】每日金句，每天5分钟轻松提升文笔｜10,2024-11-15,2024-11-15,2024-11-21,6,0.19,67,True,2.8358208955223883
2024-11-19|【人民日报】每日金句：有效市场与有为政府｜16,【人民日报】每日金句：有效市场与有为政府｜16,2024-11-19,2024-11-19,2024-11-25,7,0.19,144,True,1.3194444444444444
2025-01-14|人民日报热点评论 95｜电子亲人,人民日报热点评论 95｜电子亲人,2025-01-14,2025-01-14,2025-01-20,7,0.19,127,True,1.4960629921259843
2026-01-22|我们这一代，没有“慢慢老去”的权利,我们这一代，没有“慢慢老去”的权利,2026-01-22,2026-01-22,2026-01-24,3,0.19,25,True,7.6
2026-05-26|《人民日报》讲透申论高分写法：正确政绩观，不能只写成口号,《人民日报》讲透申论高分写法：正确政绩观，不能只写成口号,2026-05-26,2026-05-26,2026-06-01,7,0.19,115,True,1.6521739130434783
2024-01-22|龙年微信红包封面,龙年微信红包封面,2024-01-22,2024-01-22,2024-01-26,5,0.18,145,True,1.2413793103448276
2024-05-21|国考申论面试热点53 | 政务大厅拒收现金,国考申论面试热点53 | 政务大厅拒收现金,2024-05-21,2024-05-21,2024-05-27,7,0.18,152,True,1.1842105263157894
2024-12-14|每日金句 41｜《人民日报》这样写「干部的角色」,每日金句 41｜《人民日报》这样写「干部的角色」,2024-12-14,2024-12-14,2024-12-20,6,0.18,62,True,2.903225806451613
2024-12-18|人民日报每日金句45｜申论面试热点「乡土情」,人民日报每日金句45｜申论面试热点「乡土情」,2024-12-18,2024-12-18,2024-12-19,2,0.18,38,True,4.7368421052631575
2025-03-14|考前一天怎么应对考前焦虑,考前一天怎么应对考前焦虑,2025-03-14,2025-03-14,2025-03-19,4,0.18,57,True,3.1578947368421053
2024-05-14|【公考申论面试热点46】碰瓷式执法,【公考申论面试热点46】碰瓷式执法,2024-05-14,2024-05-14,2024-05-20,7,0.17,121,True,1.4049586776859504
2024-06-08|人民日报评论热点68｜剧组在ICU拍短剧，让患者家属“哭小声点”,人民日报评论热点68｜剧组在ICU拍短剧，让患者家属“哭小声点”,2024-06-08,2024-06-08,2024-06-14,7,0.17,104,True,1.6346153846153846
2024-10-20|人民日报金句热点评论82👔💥故宫着装风波：个性自由还是文化尊重？🤔,人民日报金句热点评论82👔💥故宫着装风波：个性自由还是文化尊重？🤔,2024-10-20,2024-10-20,2024-10-26,7,0.17,58,True,2.9310344827586206
2026-01-10|纯靠个人能力堆砌的努力失效了,纯靠个人能力堆砌的努力失效了,2026-01-10,2026-01-10,2026-01-15,4,0.17,34,True,5.0
2026-01-29|为什么你的学员听懂了理论，却依然考不上？,为什么你的学员听懂了理论，却依然考不上？,2026-01-29,2026-01-29,2026-02-01,3,0.17,83,True,2.0481927710843375
2026-02-04|人民日报时评24： 严控PPT（2026年国考面试热点）,人民日报时评24： 严控PPT（2026年国考面试热点）,2026-02-04,2026-02-04,2026-02-10,6,0.17,84,True,2.0238095238095237
2023-07-09|人民日报评论热点：什么是「揭榜挂帅」,人民日报评论热点：什么是「揭榜挂帅」,2023-07-09,2023-07-09,2023-07-14,6,0.16,105,True,1.5238095238095237
2024-02-01|【申论面试热点14】农民工钢琴师接到春晚邀请,【申论面试热点14】农民工钢琴师接到春晚邀请,2024-02-01,2024-02-01,2024-02-02,2,0.16,33,True,4.848484848484849
2024-03-14|人民日报每日金句图片：劝学篇（申论晨读材料）,人民日报每日金句图片：劝学篇（申论晨读材料）,2024-03-14,2024-03-14,2024-03-20,7,0.16,31,True,5.161290322580645
2024-05-04|指尖上的形式主义,指尖上的形式主义,2024-05-04,2024-05-04,2024-05-09,6,0.16,137,True,1.167883211678832
2024-05-05|【公考申论面试热点37】万物皆可“代下单”,【公考申论面试热点37】万物皆可“代下单”,2024-05-05,2024-05-05,2024-05-11,6,0.16,63,True,2.5396825396825395
2024-05-29|新年贺词历年金句，句句心潮澎湃！,新年贺词历年金句，句句心潮澎湃！,2024-05-29,2024-05-29,2024-06-01,3,0.16,30,True,5.333333333333333
2024-10-24|人民日报每日金句83｜原生鸿蒙操作系统照见中国创新活力（公考申论面试热点）,人民日报每日金句83｜原生鸿蒙操作系统照见中国创新活力（公考申论面试热点）,2024-10-24,2024-10-24,2024-10-30,7,0.16,95,True,1.6842105263157894
2024-11-04|【建议收藏】人民日报每日精选，每天5分钟让你轻松提升文笔表达｜01,【建议收藏】人民日报每日精选，每天5分钟让你轻松提升文笔表达｜01,2024-11-04,2024-11-04,2024-11-10,5,0.16,125,True,1.28
2025-01-13|人民日报热点评论 93｜父母研修班,人民日报热点评论 93｜父母研修班,2025-01-13,2025-01-13,2025-01-19,6,0.16,40,True,4.0
2023-04-19|2023事业单位国考省考面试热点11：10秒通马桶700元？,2023事业单位国考省考面试热点11：10秒通马桶700元？,2023-04-19,2023-04-19,2023-04-25,5,0.15,37,True,4.054054054054054
2024-02-28|【公考申论面试热点26】电动车入户，为何管不住？,【公考申论面试热点26】电动车入户，为何管不住？,2024-02-28,2024-02-28,2024-03-05,7,0.15,67,True,2.2388059701492535
2024-03-02|【公考申论面试热点29】面包报损率超50%，为何美味终结于垃圾桶？,【公考申论面试热点29】面包报损率超50%，为何美味终结于垃圾桶？,2024-03-02,2024-03-02,2024-03-06,5,0.15,34,True,4.411764705882353
2024-11-16|人民日报热点评论 88｜考研报名禁用海马体照片,人民日报热点评论 88｜考研报名禁用海马体照片,2024-11-16,2024-11-16,2024-11-22,7,0.15,92,True,1.6304347826086956
2025-12-28|“最土年终总结”为何刷屏：把实绩写在群众心里,“最土年终总结”为何刷屏：把实绩写在群众心里,2025-12-28,2025-12-28,2025-12-31,4,0.15,23,True,6.521739130434782
2026-01-19|这道题说的就是我🤣,这道题说的就是我🤣,2026-01-19,2026-01-19,2026-01-24,5,0.15,29,True,5.172413793103448
2023-07-11|人民日报评论金句：抓落实，句句精彩！,人民日报评论金句：抓落实，句句精彩！,2023-07-11,2023-07-11,2023-07-17,7,0.14,69,True,2.028985507246377
2024-05-17|国考申论面试热点49  |  演唱会退票难,国考申论面试热点49  |  演唱会退票难,2024-05-17,2024-05-17,2024-05-23,5,0.14,45,True,3.111111111111111
2024-06-02|人民日报评论热点63｜跑50公里都还不了充电宝？女子情绪崩溃，怒摔泄愤…,人民日报评论热点63｜跑50公里都还不了充电宝？女子情绪崩溃，怒摔泄愤…,2024-06-02,2024-06-02,2024-06-08,6,0.14,110,True,1.2727272727272727
2024-08-24|人民日报评论热点77｜男女厕位比例1:2，让女性需求从“被看见”走向“被解决”,人民日报评论热点77｜男女厕位比例1:2，让女性需求从“被看见”走向“被解决”,2024-08-24,2024-08-24,2024-08-30,6,0.14,102,True,1.3725490196078431
2024-11-10|【建议收藏】人民日报精选金句，每天5分钟轻松提升文笔｜06,【建议收藏】人民日报精选金句，每天5分钟轻松提升文笔｜06,2024-11-10,2024-11-10,2024-11-14,5,0.14,79,True,1.7721518987341771
2024-11-17|【人民日报】每日金句，每天5分钟轻松提升文笔｜12,【人民日报】每日金句，每天5分钟轻松提升文笔｜12,2024-11-17,2024-11-17,2024-11-19,3,0.14,101,True,1.386138613861386
2024-12-22|人民日报每日金句49｜申论面试热点「有温度的执法」,人民日报每日金句49｜申论面试热点「有温度的执法」,2024-12-22,2024-12-22,2024-12-28,7,0.14,61,True,2.2950819672131146
2025-08-16|《浪浪山小妖怪》热点解析素材,《浪浪山小妖怪》热点解析素材,2025-08-16,2025-08-16,2025-08-19,4,0.14,69,True,2.028985507246377
2024-02-05|【申论面试热点17】隐形加班,【申论面试热点17】隐形加班,2024-02-05,2024-02-05,2024-02-07,3,0.13,44,True,2.9545454545454546
2024-05-19|国考申论面试热点51  |  掐尖招生,国考申论面试热点51  |  掐尖招生,2024-05-19,2024-05-19,2024-05-23,5,0.13,36,True,3.611111111111111
2024-05-22|申论题目&材料 ｜ “我为群众办实事”系列报道编者按（2021 年 0327 甘肃 · 省市县）,申论题目&材料 ｜ “我为群众办实事”系列报道编者按（2021 年 0327 甘肃 · 省市县）,2024-05-22,2024-05-22,2024-05-27,6,0.13,62,True,2.096774193548387
2024-11-27|每日金句 24｜人民日报这样写「“快”与“慢”的关系」,每日金句 24｜人民日报这样写「“快”与“慢”的关系」,2024-11-27,2024-11-27,2024-11-29,3,0.13,71,True,1.8309859154929577
2025-01-04|人民日报每日金句 62｜申论面试热点「决胜“十四五”」,人民日报每日金句 62｜申论面试热点「决胜“十四五”」,2025-01-04,2025-01-04,2025-01-10,7,0.13,54,True,2.4074074074074074
2026-01-24|《人民日报》热点时评16： 「不完美」也有力量，「有瑕疵」亦能成功（2026年国考面试热点）,《人民日报》热点时评16： 「不完美」也有力量，「有瑕疵」亦能成功（2026年国考面试热点）,2026-01-24,2026-01-24,2026-01-30,7,0.13,44,True,2.9545454545454546
2026-01-26|《人民日报》热点时评18：「画马」路线被叫停：治理智慧在于疑堵并举（2026年国考面试热点）,《人民日报》热点时评18：「画马」路线被叫停：治理智慧在于疑堵并举（2026年国考面试热点）,2026-01-26,2026-01-26,2026-02-01,7,0.13,72,True,1.8055555555555556
2024-02-04|【申论面试热点16】“村晚”,【申论面试热点16】“村晚”,2024-02-04,2024-02-04,2024-02-08,5,0.12,96,True,1.25
2024-03-06|【公考申论面试热点30】课间十分钟去哪了？,【公考申论面试热点30】课间十分钟去哪了？,2024-03-06,2024-03-06,2024-03-11,5,0.12,17,True,7.0588235294117645
2024-05-22|国考申论面试热点54 | 花几万元就能入职央企,国考申论面试热点54 | 花几万元就能入职央企,2024-05-22,2024-05-22,2024-05-28,5,0.12,32,True,3.75
2024-08-26|人民日报评论热点79｜整治景区“黄牛”，让其无计可施,人民日报评论热点79｜整治景区“黄牛”，让其无计可施,2024-08-26,2024-08-26,2024-09-01,7,0.12,193,True,0.6217616580310881
2024-12-03|每日金句 30｜人民日报这样写「节约」,每日金句 30｜人民日报这样写「节约」,2024-12-03,2024-12-03,2024-12-09,5,0.12,56,True,2.142857142857143
2024-12-19|拒绝「内耗」的思考路径,拒绝「内耗」的思考路径,2024-12-19,2024-12-19,2024-12-22,3,0.12,23,True,5.217391304347826
2024-12-29|人民日报每日金句 56｜申论面试热点「成由勤俭败由奢」,人民日报每日金句 56｜申论面试热点「成由勤俭败由奢」,2024-12-29,2024-12-29,2025-01-04,4,0.12,53,True,2.2641509433962264
2025-01-05|人民日报每日金句 63｜申论面试热点「挺膺担当的奋斗者」,人民日报每日金句 63｜申论面试热点「挺膺担当的奋斗者」,2025-01-05,2025-01-05,2025-01-10,6,0.12,63,True,1.9047619047619047
2025-03-13|人民日报每日金句 72｜当好主人翁 唱响凡人歌,人民日报每日金句 72｜当好主人翁 唱响凡人歌,2025-03-13,2025-03-13,2025-03-19,5,0.12,73,True,1.643835616438356
2026-01-16|《人民日报》热点时评14：66元红包为何动人（2026年国考面试热点）,《人民日报》热点时评14：66元红包为何动人（2026年国考面试热点）,2026-01-16,2026-01-16,2026-01-21,5,0.12,45,True,2.6666666666666665
2026-08-18|《人民日报》谈“农村土地托管”,《人民日报》谈“农村土地托管”,2026-08-18,2026-08-18,2026-08-24,7,0.12,42,True,2.857142857142857
2023-07-05|【公考热点】人民日报评论：高职生清华当老师，不是简单的“成功学鸡汤”,【公考热点】人民日报评论：高职生清华当老师，不是简单的“成功学鸡汤”,2023-07-05,2023-07-05,2023-07-10,5,0.11,76,True,1.4473684210526316
2024-05-11|【公考申论面试热点43】“电子校友卡”要求填写职级,【公考申论面试热点43】“电子校友卡”要求填写职级,2024-05-11,2024-05-11,2024-05-17,6,0.11,97,True,1.134020618556701
2024-11-07|【清单】让自己幸福的 24 件小事,【清单】让自己幸福的 24 件小事,2024-11-07,2024-11-07,2024-11-12,3,0.11,19,True,5.7894736842105265
2024-12-04|每日金句 31｜人民日报这样写「改革和法治」,每日金句 31｜人民日报这样写「改革和法治」,2024-12-04,2024-12-04,2024-12-08,4,0.11,85,True,1.2941176470588236
2026-01-17|# 我的2025和2026的我（左手AI，右手ai）,# 我的2025和2026的我（左手AI，右手ai）,2026-01-17,2026-01-17,2026-01-21,4,0.11,30,True,3.6666666666666665
2023-07-02|【公考热点】网络暴力何时休。适用国考省考事业单位申论和结构化面试考试。,【公考热点】网络暴力何时休。适用国考省考事业单位申论和结构化面试考试。,2023-07-02,2023-07-02,2023-07-08,7,0.1,55,True,1.8181818181818181
2024-05-09|【公考申论面试热点41】进一步增强人民群众文化获得感,【公考申论面试热点41】进一步增强人民群众文化获得感,2024-05-09,2024-05-09,2024-05-15,7,0.1,84,True,1.1904761904761905
2024-05-13|【公考申论面试热点45】外卖骑手陷入“租车陷阱”,【公考申论面试热点45】外卖骑手陷入“租车陷阱”,2024-05-13,2024-05-13,2024-05-19,6,0.1,100,True,1.0
2024-06-14|人民日报评论热点73｜美丽乡村容不下鸡鸭鹅？,人民日报评论热点73｜美丽乡村容不下鸡鸭鹅？,2024-06-14,2024-06-14,2024-06-20,7,0.1,43,True,2.3255813953488373
2024-11-12|【人民日报】每日金句，每天5分钟轻松提升文笔｜08,【人民日报】每日金句，每天5分钟轻松提升文笔｜08,2024-11-12,2024-11-12,2024-11-13,2,0.1,38,True,2.6315789473684212
2024-11-18|【人民日报】每日金句，每天5分钟轻松提升文笔｜15,【人民日报】每日金句，每天5分钟轻松提升文笔｜15,2024-11-18,2024-11-18,2024-11-24,6,0.1,101,True,0.9900990099009901
2024-12-07|每日金句 34｜《人民日报》这样写「群众口碑」,每日金句 34｜《人民日报》这样写「群众口碑」,2024-12-07,2024-12-07,2024-12-13,7,0.1,48,True,2.0833333333333335
2024-12-10|每日金句 37｜《人民日报》这样写「高质量发展」,每日金句 37｜《人民日报》这样写「高质量发展」,2024-12-10,2024-12-10,2024-12-16,4,0.1,53,True,1.8867924528301887
2025-01-09|人民日报每日金句 66｜申论面试热点「架好连心桥 用心解民忧」,人民日报每日金句 66｜申论面试热点「架好连心桥 用心解民忧」,2025-01-09,2025-01-09,2025-01-15,6,0.1,40,True,2.5
2026-01-06|2026 国考面试热点：职业闭店人：把跑路做成生意，谁来守住消费者的钱袋子？,2026 国考面试热点：职业闭店人：把跑路做成生意，谁来守住消费者的钱袋子？,2026-01-06,2026-01-06,2026-01-12,5,0.1,57,True,1.7543859649122806
"2026-01-18|比囤积知识更重要的是""全景判断力""","比囤积知识更重要的是""全景判断力""",2026-01-18,2026-01-18,2026-01-20,3,0.1,14,True,7.142857142857143
2026-03-14|【抱佛脚】申论“行政执法卷”考前突击版：20个热点,【抱佛脚】申论“行政执法卷”考前突击版：20个热点,2026-03-14,2026-03-14,2026-03-19,6,0.1,63,True,1.5873015873015872
2024-05-27|国考申论面试热点58｜畸形“饭圈文化”侵蚀体育,国考申论面试热点58｜畸形“饭圈文化”侵蚀体育,2024-05-27,2024-05-27,2024-06-01,6,0.09,58,True,1.5517241379310345
2024-11-07|人民日报这样写｜问需于民问计于民,人民日报这样写｜问需于民问计于民,2024-11-07,2024-11-07,2024-11-13,5,0.09,59,True,1.5254237288135593
2024-12-24|人民日报每日金句 51｜申论面试热点「技艺传承——择一事终一生」,人民日报每日金句 51｜申论面试热点「技艺传承——择一事终一生」,2024-12-24,2024-12-24,2024-12-30,5,0.09,43,True,2.0930232558139537
"2025-01-06|人民日报每日金句 64｜申论面试热点「基层治理品""三味""」","人民日报每日金句 64｜申论面试热点「基层治理品""三味""」",2025-01-06,2025-01-06,2025-01-10,5,0.09,69,True,1.3043478260869565
2025-01-07|人民日报热点评论 92｜卖地铁座位，“挖”错了商机,人民日报热点评论 92｜卖地铁座位，“挖”错了商机,2025-01-07,2025-01-07,2025-01-13,5,0.09,54,True,1.6666666666666667
2026-01-12|你最赚钱的本事，往往是你根本看不起的那一个,你最赚钱的本事，往往是你根本看不起的那一个,2026-01-12,2026-01-12,2026-01-13,2,0.09,27,True,3.3333333333333335
2026-01-13|《人民日报》热点时评12：土墙上的天安门（2026年国考面试热点）,《人民日报》热点时评12：土墙上的天安门（2026年国考面试热点）,2026-01-13,2026-01-13,2026-01-19,6,0.09,31,True,2.903225806451613
2026-05-31|人民日报写稳就业：找到活、上得工、拿到钱,人民日报写稳就业：找到活、上得工、拿到钱,2026-05-31,2026-05-31,2026-06-06,7,0.09,52,True,1.7307692307692308
2023-02-20|哪种车把设计更合理？,哪种车把设计更合理？,2023-02-20,2023-02-20,2023-02-24,4,0.08,24,True,3.3333333333333335
2023-07-31|人民日报评论热点09：手机争夺战 // 公务员考试申论面试素材/晨读材料,人民日报评论热点09：手机争夺战 // 公务员考试申论面试素材/晨读材料,2023-07-31,2023-07-31,2023-08-05,5,0.08,70,True,1.1428571428571428
2024-03-12|【公考申论面试热点34】拦住电动车入室,【公考申论面试热点34】拦住电动车入室,2024-03-12,2024-03-12,2024-03-18,6,0.08,41,True,1.951219512195122
2024-06-07|人民日报评论热点67｜退租定损，到底谁说了算？,人民日报评论热点67｜退租定损，到底谁说了算？,2024-06-07,2024-06-07,2024-06-13,7,0.08,71,True,1.1267605633802817
2024-08-25|人民日报评论热点78｜又见保安强拦外卖上楼,人民日报评论热点78｜又见保安强拦外卖上楼,2024-08-25,2024-08-25,2024-08-30,6,0.08,39,True,2.051282051282051
2024-11-25|每日金句 22｜人民日报这样写「问需于民」,每日金句 22｜人民日报这样写「问需于民」,2024-11-25,2024-11-25,2024-11-30,5,0.08,41,True,1.951219512195122
2024-12-17|人民日报每日金句44｜申论面试热点「教育强国」,人民日报每日金句44｜申论面试热点「教育强国」,2024-12-17,2024-12-17,2024-12-23,7,0.08,46,True,1.7391304347826086
2025-01-08|人民日报每日金句 64｜申论面试热点「把握战略定位，担起各自重任」,人民日报每日金句 64｜申论面试热点「把握战略定位，担起各自重任」,2025-01-08,2025-01-08,2025-01-14,5,0.08,52,True,1.5384615384615385
2026-04-25|三十八岁记,三十八岁记,2026-04-25,2026-04-25,2026-04-26,2,0.08,27,True,2.962962962962963
2023-07-30|《乌合之众》40句话，让人醍醐灌顶,《乌合之众》40句话，让人醍醐灌顶,2023-07-30,2023-07-30,2023-08-02,3,0.07,20,True,3.5
2024-02-06|高铁上的“遛娃舱”,高铁上的“遛娃舱”,2024-02-06,2024-02-06,2024-02-12,3,0.07,45,True,1.5555555555555556
2024-05-08|【公考申论面试热点40】陪诊师变身“号贩子”,【公考申论面试热点40】陪诊师变身“号贩子”,2024-05-08,2024-05-08,2024-05-14,6,0.07,65,True,1.0769230769230769
2024-08-23|人民日报评论热点75｜劳动仲裁是求职者污点,人民日报评论热点75｜劳动仲裁是求职者污点,2024-08-23,2024-08-23,2024-08-28,5,0.07,75,True,0.9333333333333333
2024-11-28|每日金句 25｜人民日报这样写「躬身入局」,每日金句 25｜人民日报这样写「躬身入局」,2024-11-28,2024-11-28,2024-12-04,4,0.07,27,True,2.5925925925925926
2024-12-09|每日金句 36｜《人民日报》这样写「英雄典范」,每日金句 36｜《人民日报》这样写「英雄典范」,2024-12-09,2024-12-09,2024-12-15,5,0.07,56,True,1.25
2026-01-21|中年人男人沉迷游戏，只因为……,中年人男人沉迷游戏，只因为……,2026-01-21,2026-01-21,2026-01-24,3,0.07,13,True,5.384615384615385
2026-01-25|《人民日报》热点时评17：儿童微短剧不能成为成人世界的「代理场」（2026年国考面试热点）,《人民日报》热点时评17：儿童微短剧不能成为成人世界的「代理场」（2026年国考面试热点）,2026-01-25,2026-01-25,2026-01-30,5,0.07,11,True,6.363636363636363
2023-02-09|早上好！2023人民日报金句摘抄032 | 申论晨读素材、结构化面试热点、高考作文素材,早上好！2023人民日报金句摘抄032 | 申论晨读素材、结构化面试热点、高考作文素材,2023-02-09,2023-02-10,2023-02-15,5,0.06,28,True,2.142857142857143
2023-07-01|【公考热点】人工智能对就业市场的影响和应对措施,【公考热点】人工智能对就业市场的影响和应对措施,2023-07-01,2023-07-01,2023-07-07,7,0.06,49,True,1.2244897959183674
2024-01-30|【申论面试热点12】压岁钱成为农村老人的负担,【申论面试热点12】压岁钱成为农村老人的负担,2024-01-30,2024-01-30,2024-02-05,5,0.06,69,True,0.8695652173913043
2024-02-02|【申论面试热点15】大数据杀熟,【申论面试热点15】大数据杀熟,2024-02-02,2024-02-02,2024-02-06,4,0.06,75,True,0.8
2024-02-18|【公考申论面试热点19】大学生德华,【公考申论面试热点19】大学生德华,2024-02-18,2024-02-18,2024-02-23,6,0.06,58,True,1.0344827586206897
2024-02-24|【公考申论面试热点23】依法办事“烫手”?,【公考申论面试热点23】依法办事“烫手”?,2024-02-24,2024-02-24,2024-02-29,6,0.06,53,True,1.1320754716981132
2024-03-05|《人民日报》正能量金句04：实干篇,《人民日报》正能量金句04：实干篇,2024-03-05,2024-03-05,2024-03-11,4,0.06,23,True,2.608695652173913
2024-03-11|【公考申论面试热点32】严惩“按键伤人”,【公考申论面试热点32】严惩“按键伤人”,2024-03-11,2024-03-11,2024-03-17,5,0.06,28,True,2.142857142857143
2024-03-13|【公考申论面试热点35】大学食堂对外开放,【公考申论面试热点35】大学食堂对外开放,2024-03-13,2024-03-13,2024-03-18,5,0.06,40,True,1.5
2024-05-12|【公考申论面试热点44】WPS“套娃式”收费,【公考申论面试热点44】WPS“套娃式”收费,2024-05-12,2024-05-12,2024-05-18,7,0.06,86,True,0.6976744186046512
2024-05-16|摩托车驾照一天速成 | 国考申论面试热点48,摩托车驾照一天速成 | 国考申论面试热点48,2024-05-16,2024-05-16,2024-05-21,6,0.06,30,True,2.0
2024-05-25|国考申论面试热点56 | 政务新媒体当远离形式主义,国考申论面试热点56 | 政务新媒体当远离形式主义,2024-05-25,2024-05-25,2024-05-30,6,0.06,68,True,0.8823529411764706
2024-11-29|每日金句 26｜《人民日报》这样写「松弛感」,每日金句 26｜《人民日报》这样写「松弛感」,2024-11-29,2024-11-29,2024-12-05,4,0.06,43,True,1.3953488372093024
2024-11-30|每日金句 27｜人民日报这样写「尊崇英烈」,每日金句 27｜人民日报这样写「尊崇英烈」,2024-11-30,2024-11-30,2024-12-02,3,0.06,49,True,1.2244897959183674
2024-12-02|每日金句 29｜人民日报这样写「立志」,每日金句 29｜人民日报这样写「立志」,2024-12-02,2024-12-02,2024-12-06,3,0.06,43,True,1.3953488372093024
2024-12-15|人民日报每日金句42｜申论面试热点「生态保护」,人民日报每日金句42｜申论面试热点「生态保护」,2024-12-15,2024-12-15,2024-12-21,7,0.06,48,True,1.25
2024-12-20|人民日报每日金句47｜申论面试热点「好环境（不仅仅是生态环境）」,人民日报每日金句47｜申论面试热点「好环境（不仅仅是生态环境）」,2024-12-20,2024-12-20,2024-12-25,4,0.06,23,True,2.608695652173913
2025-01-10|人民日报每日金句 67｜申论面试热点「文旅融合」,人民日报每日金句 67｜申论面试热点「文旅融合」,2025-01-10,2025-01-10,2025-01-15,6,0.06,22,True,2.727272727272727
2023-06-29|【公考面试干货】会议组织通用框架,【公考面试干货】会议组织通用框架,2023-06-29,2023-06-29,2023-07-05,7,0.05,52,True,0.9615384615384616
2023-12-11|三十五岁记（中）：AI大作战,三十五岁记（中）：AI大作战,2023-12-11,2023-12-11,2023-12-13,3,0.05,12,True,4.166666666666667
2024-01-28|【申论面试素材】讨回份子钱,【申论面试素材】讨回份子钱,2024-01-28,2024-01-28,2024-02-01,3,0.05,56,True,0.8928571428571429
2024-02-23|【公考申论面试热点22】擦净马桶才能退房？,【公考申论面试热点22】擦净马桶才能退房？,2024-02-23,2024-02-23,2024-02-25,3,0.05,30,True,1.6666666666666667
2024-03-04|《人民日报》正能量金句03：实干篇,《人民日报》正能量金句03：实干篇,2024-03-04,2024-03-04,2024-03-09,5,0.05,28,True,1.7857142857142858
2024-05-10|【公考申论面试热点42】一次挂号管三天,【公考申论面试热点42】一次挂号管三天,2024-05-10,2024-05-10,2024-05-16,7,0.05,45,True,1.1111111111111112
2024-05-24|国考申论面试热点55 | 火车票改签也收手续费,国考申论面试热点55 | 火车票改签也收手续费,2024-05-24,2024-05-24,2024-05-29,5,0.05,29,True,1.7241379310344827
2024-05-29|内向者在酒桌上提高存在感的 8 个技巧,内向者在酒桌上提高存在感的 8 个技巧,2024-05-29,2024-05-29,2024-06-01,4,0.05,23,True,2.1739130434782608
2024-06-09|取消教职工食堂，师生“同菜同质同价”,取消教职工食堂，师生“同菜同质同价”,2024-06-09,2024-06-09,2024-06-14,6,0.05,52,True,0.9615384615384616
2024-06-15|人民日报评论热点74｜“摇一摇”广告泛滥,人民日报评论热点74｜“摇一摇”广告泛滥,2024-06-15,2024-06-15,2024-06-19,5,0.05,24,True,2.0833333333333335
2024-10-23|人民日报每日金句｜要高山仰止，还要见贤思齐——致敬时代楷模！🌟学习谷文昌精神，汇聚复兴力量！,人民日报每日金句｜要高山仰止，还要见贤思齐——致敬时代楷模！🌟学习谷文昌精神，汇聚复兴力量！,2024-10-23,2024-10-23,2024-10-29,6,0.05,38,True,1.3157894736842106
2024-10-25|人民日报每日金句 84｜让假“洋水果”无所遁形（申论面试热点）,人民日报每日金句 84｜让假“洋水果”无所遁形（申论面试热点）,2024-10-25,2024-10-25,2024-10-30,6,0.05,74,True,0.6756756756756757
2024-11-08|《生活不在别处，当下即是全部》,《生活不在别处，当下即是全部》,2024-11-08,2024-11-08,2024-11-13,3,0.05,12,True,4.166666666666667
2024-11-26|每日金句 23｜人民日报这样写「City Walk」,每日金句 23｜人民日报这样写「City Walk」,2024-11-26,2024-11-26,2024-12-01,4,0.05,31,True,1.6129032258064515
2024-11-30|人民日报热点评论 90｜25亿造“古城”日均游客20人,人民日报热点评论 90｜25亿造“古城”日均游客20人,2024-11-30,2024-11-30,2024-12-05,6,0.05,53,True,0.9433962264150944
2024-12-11|每日金句 38｜《人民日报》这样写「谋定而动」,每日金句 38｜《人民日报》这样写「谋定而动」,2024-12-11,2024-12-11,2024-12-17,4,0.05,31,True,1.6129032258064515
2024-12-21|人民日报每日金句48｜申论面试热点「干事热情和科学精神」,人民日报每日金句48｜申论面试热点「干事热情和科学精神」,2024-12-21,2024-12-21,2024-12-24,2,0.05,16,True,3.125
2024-12-30|人民日报热点评论 91｜错误百出的“野鸡字典”,人民日报热点评论 91｜错误百出的“野鸡字典”,2024-12-30,2024-12-30,2025-01-05,6,0.05,51,True,0.9803921568627451
2025-01-03|人民日报每日金句 61｜申论面试热点「中国好人」,人民日报每日金句 61｜申论面试热点「中国好人」,2025-01-03,2025-01-03,2025-01-09,6,0.05,34,True,1.4705882352941178
2026-01-11|watching is not seeing 观看不代表洞察,watching is not seeing 观看不代表洞察,2026-01-11,2026-01-11,2026-01-17,4,0.05,9,True,5.555555555555555
"2026-01-14|《人民日报》热点时评13：当""开门纳谏""成为""关门表演""（2026年国考面试热点）","《人民日报》热点时评13：当""开门纳谏""成为""关门表演""（2026年国考面试热点）",2026-01-14,2026-01-14,2026-01-20,7,0.05,23,True,2.1739130434782608
2026-01-16|寒山拾得对,寒山拾得对,2026-01-16,2026-01-16,2026-01-17,2,0.05,9,True,5.555555555555555
2026-01-24|警惕“零摩擦”学习：为什么大脑越舒服，你越学不到东西？,警惕“零摩擦”学习：为什么大脑越舒服，你越学不到东西？,2026-01-24,2026-01-24,2026-01-30,6,0.05,22,True,2.272727272727273
2026-02-06|人民日报时评25：坚果礼盒只有重量没有分量（2026年国考面试热点）,人民日报时评25：坚果礼盒只有重量没有分量（2026年国考面试热点）,2026-02-06,2026-02-07,2026-02-11,5,0.05,22,True,2.272727272727273
2026-08-28|《人民日报》深度分析【县域青年发展】：岗,《人民日报》深度分析【县域青年发展】：岗,2026-08-28,2026-08-28,2026-09-02,6,0.05,18,True,2.7777777777777777
2023-07-15|《生活不在别处，当下即是全部》,《生活不在别处，当下即是全部》,2023-07-15,2023-07-15,2023-07-17,3,0.04,17,True,2.3529411764705883
2024-01-31|【申论面试热点13】一高铁站近9成是按摩椅？,【申论面试热点13】一高铁站近9成是按摩椅？,2024-01-31,2024-01-31,2024-02-06,4,0.04,34,True,1.1764705882352942
2024-02-21|大多数的人生困惑，早被这4本书写透了,大多数的人生困惑，早被这4本书写透了,2024-02-21,2024-02-21,2024-02-21,1,0.04,15,True,2.6666666666666665
2024-03-07|【公考申论面试热点31】保留人工窗口也是以人为本,【公考申论面试热点31】保留人工窗口也是以人为本,2024-03-07,2024-03-07,2024-03-13,6,0.04,48,True,0.8333333333333334
2024-05-06|【公考申论面试热点38】中国式现代化是最大的政治,【公考申论面试热点38】中国式现代化是最大的政治,2024-05-06,2024-05-06,2024-05-10,5,0.04,23,True,1.7391304347826086
2024-05-15|不统一就砸招牌 | 公考申论面试热点47,不统一就砸招牌 | 公考申论面试热点47,2024-05-15,2024-05-15,2024-05-21,5,0.04,44,True,0.9090909090909091
2024-06-05|人民日报评论热点66｜越来越多孩子不认识钱,人民日报评论热点66｜越来越多孩子不认识钱,2024-06-05,2024-06-05,2024-06-11,7,0.04,87,True,0.45977011494252873
2024-10-19|人民日报评论热点金句81｜医院成“网红”拍摄背景板？,人民日报评论热点金句81｜医院成“网红”拍摄背景板？,2024-10-19,2024-10-19,2024-10-25,5,0.04,16,True,2.5
2024-11-11|加大加宽的大鹅腰枕来了，靠上去像给腰部做SPA！太舒服了！,加大加宽的大鹅腰枕来了，靠上去像给腰部做SPA！太舒服了！,2024-11-11,2024-11-11,2024-11-17,4,0.04,16,True,2.5
2024-11-21|人民日报每日金句 18｜明确优先序与把握时度效,人民日报每日金句 18｜明确优先序与把握时度效,2024-11-21,2024-11-21,2024-11-27,7,0.04,53,True,0.7547169811320755
2024-11-22|领导说我汇报没有重点，怎么办？,领导说我汇报没有重点，怎么办？,2024-11-22,2024-11-22,2024-11-23,2,0.04,14,True,2.857142857142857
2024-12-08|每日金句 35｜《人民日报》这样写「奋斗者」,每日金句 35｜《人民日报》这样写「奋斗者」,2024-12-08,2024-12-08,2024-12-09,2,0.04,12,True,3.3333333333333335
2024-12-12|每日金句 38｜《人民日报》这样写「追求梦想」,每日金句 38｜《人民日报》这样写「追求梦想」,2024-12-12,2024-12-12,2024-12-17,6,0.04,23,True,1.7391304347826086
2024-12-13|每日金句 39｜《人民日报》这样写「凡人善举」,每日金句 39｜《人民日报》这样写「凡人善举」,2024-12-13,2024-12-13,2024-12-19,5,0.04,16,True,2.5
"2024-12-23|人民日报每日金句 50｜申论面试热点「向""短板""要动力」","人民日报每日金句 50｜申论面试热点「向""短板""要动力」",2024-12-23,2024-12-23,2024-12-29,6,0.04,51,True,0.7843137254901961
2024-12-26|人民日报每日金句 53｜申论面试热点「新时代“枫桥经验”」,人民日报每日金句 53｜申论面试热点「新时代“枫桥经验”」,2024-12-26,2024-12-26,2024-12-31,5,0.04,63,True,0.6349206349206349
2026-01-13|PerfecTonight@能不能理解，或许不重要了,PerfecTonight@能不能理解，或许不重要了,2026-01-13,2026-01-13,2026-01-14,2,0.04,12,True,3.3333333333333335
2026-01-27|你的文凭正在慢慢变成“一张废纸”，原因只有一个,你的文凭正在慢慢变成“一张废纸”，原因只有一个,2026-01-27,2026-01-27,2026-02-02,5,0.04,32,True,1.25
"2026-01-28|Office 时代的终结：为什么未来每个职场人都要学会""像程序员一样工作""？","Office 时代的终结：为什么未来每个职场人都要学会""像程序员一样工作""？",2026-01-28,2026-01-28,2026-01-30,3,0.04,16,True,2.5
2026-02-01|人民日报时评22： 职场监控神器（2026年国考面试热点）,人民日报时评22： 职场监控神器（2026年国考面试热点）,2026-02-01,2026-02-02,2026-02-07,4,0.04,5,True,8.0
2026-08-29|《人民日报》谈【基层群众议事】：从“听意,《人民日报》谈【基层群众议事】：从“听意,2026-08-29,2026-08-29,2026-09-03,5,0.04,10,True,4.0
2023-02-05|早上好！2023人民日报金句摘抄028 | 公考必背、申论晨读素材、结构化面试热点,早上好！2023人民日报金句摘抄028 | 公考必背、申论晨读素材、结构化面试热点,2023-02-05,2023-02-11,2023-02-11,1,0.03,3,True,10.0
2024-02-28|治愈当代人的一剂猛药,治愈当代人的一剂猛药,2024-02-28,2024-02-28,2024-03-02,2,0.03,9,True,3.3333333333333335
2024-02-29|【公考申论面试热点27】“低彩礼”与子女优先入学挂钩,【公考申论面试热点27】“低彩礼”与子女优先入学挂钩,2024-02-29,2024-02-29,2024-03-06,5,0.03,33,True,0.9090909090909091
2024-05-04|请多读点哲学，少看点鸡汤,请多读点哲学，少看点鸡汤,2024-05-04,2024-05-04,2024-05-07,4,0.03,37,True,0.8108108108108109
2024-05-07|【公考申论面试热点39】叫花鸡里没有鸡,【公考申论面试热点39】叫花鸡里没有鸡,2024-05-07,2024-05-07,2024-05-13,6,0.03,30,True,1.0
2024-05-23|申论高分答案 ｜ “我为群众办实事”系列报道编者按（2021 年 0327 甘肃 · 省市县）,申论高分答案 ｜ “我为群众办实事”系列报道编者按（2021 年 0327 甘肃 · 省市县）,2024-05-23,2024-05-23,2024-05-29,5,0.03,10,True,3.0
2024-08-18|预防高血脂极简生活指南,预防高血脂极简生活指南,2024-08-18,2024-08-18,2024-08-19,2,0.03,10,True,3.0
2024-11-22|每日金句 19｜人民日报这样写「着眼长远」,每日金句 19｜人民日报这样写「着眼长远」,2024-11-22,2024-11-22,2024-11-28,7,0.03,47,True,0.6382978723404256
2024-11-24|每日金句 21｜人民日报这样写「事务主义」,每日金句 21｜人民日报这样写「事务主义」,2024-11-24,2024-11-24,2024-11-27,2,0.03,25,True,1.2
2024-12-05|每日金句 32｜《人民日报》这样写「文化的保护与利用」,每日金句 32｜《人民日报》这样写「文化的保护与利用」,2024-12-05,2024-12-05,2024-12-10,5,0.03,31,True,0.967741935483871
2024-12-16|人民日报每日金句43｜申论面试热点「汉字书写」,人民日报每日金句43｜申论面试热点「汉字书写」,2024-12-16,2024-12-16,2024-12-22,5,0.03,27,True,1.1111111111111112
2024-12-25|人民日报每日金句 52｜申论面试热点「从群众切身需要来考量好事实事」,人民日报每日金句 52｜申论面试热点「从群众切身需要来考量好事实事」,2024-12-25,2024-12-25,2024-12-31,4,0.03,23,True,1.3043478260869565
2024-12-27|人民日报每日金句 54｜申论面试热点「勤不言苦 行不畏难」,人民日报每日金句 54｜申论面试热点「勤不言苦 行不畏难」,2024-12-27,2024-12-27,2025-01-01,5,0.03,33,True,0.9090909090909091
2025-01-01|人民日报每日金句 59｜申论面试热点「二〇二五年新年贺词」,人民日报每日金句 59｜申论面试热点「二〇二五年新年贺词」,2025-01-01,2025-01-01,2025-01-07,5,0.03,9,True,3.3333333333333335
2026-01-17|当AI比真人更懂关心，问题不在AI，而在……,当AI比真人更懂关心，问题不在AI，而在……,2026-01-17,2026-01-17,2026-01-21,4,0.03,12,True,2.5
2026-01-25|遇见 Dan Koe,遇见 Dan Koe,2026-01-25,2026-01-25,2026-01-30,3,0.03,17,True,1.7647058823529411
2026-01-27|《人民日报》热点时评19： 一个字证明你不是AI（2026年国考面试热点）,《人民日报》热点时评19： 一个字证明你不是AI（2026年国考面试热点）,2026-01-27,2026-01-27,2026-02-02,6,0.03,23,True,1.3043478260869565
2026-01-31|别在泰坦尼克号上抢“头等舱”了，船都要沉了,别在泰坦尼克号上抢“头等舱”了，船都要沉了,2026-01-31,2026-02-01,2026-02-05,3,0.03,7,True,4.285714285714286
2023-02-06|早上好！2023人民日报金句摘抄029 | 公考必背、申论晨读素材、结构化面试热点,早上好！2023人民日报金句摘抄029 | 公考必背、申论晨读素材、结构化面试热点,2023-02-06,2023-02-11,2023-02-12,2,0.02,5,True,4.0
2023-02-08|2023人民日报金句摘抄031| 公考晨读素材、结构化面试热点、申论作文素材,2023人民日报金句摘抄031| 公考晨读素材、结构化面试热点、申论作文素材,2023-02-08,2023-02-10,2023-02-14,5,0.02,16,True,1.25
2023-07-14|黄永玉的狂飙人生：人只要笑，就没有输！,黄永玉的狂飙人生：人只要笑，就没有输！,2023-07-14,2023-07-14,2023-07-18,2,0.02,17,True,1.1764705882352942
2024-01-30|10年断货、盗版被抢光！这本书究竟有多牛？,10年断货、盗版被抢光！这本书究竟有多牛？,2024-01-30,2024-01-30,2024-01-31,2,0.02,9,True,2.2222222222222223
2024-03-01|【公考申论面试热点28】拿什么拯救“词穷”的年轻人,【公考申论面试热点28】拿什么拯救“词穷”的年轻人,2024-03-01,2024-03-01,2024-03-06,6,0.02,34,True,0.5882352941176471
2024-03-03|《人民日报》每日金句，书法手机壁纸 02,《人民日报》每日金句，书法手机壁纸 02,2024-03-03,2024-03-03,2024-03-09,4,0.02,17,True,1.1764705882352942
2024-03-08|人民日报每日一图，正能量金句06：女神节的祝福,人民日报每日一图，正能量金句06：女神节的祝福,2024-03-08,2024-03-08,2024-03-13,5,0.02,17,True,1.1764705882352942
2024-05-13|人生一定需要有意义吗？,人生一定需要有意义吗？,2024-05-13,2024-05-13,2024-05-15,2,0.02,9,True,2.2222222222222223
2024-05-17|这些演讲稿，值得一生反复捧读：摆脱困顿，生命破茧,这些演讲稿，值得一生反复捧读：摆脱困顿，生命破茧,2024-05-17,2024-05-17,2024-05-19,2,0.02,7,True,2.857142857142857
2024-05-18|国考申论面试热点50  |  真正办好这所“大学校”,国考申论面试热点50  |  真正办好这所“大学校”,2024-05-18,2024-05-18,2024-05-23,5,0.02,7,True,2.857142857142857
2024-06-01|国考申论面试热点62｜指豚为鱼,国考申论面试热点62｜指豚为鱼,2024-06-01,2024-06-01,2024-06-07,5,0.02,27,True,0.7407407407407407
2024-11-06|【建议收藏】人民日报精选金句，每天5分钟轻松提升文笔｜03,【建议收藏】人民日报精选金句，每天5分钟轻松提升文笔｜03,2024-11-06,2024-11-06,2024-11-08,3,0.02,13,True,1.5384615384615385
2024-11-09|越活越年轻的4个好习惯，请逼自己养成,越活越年轻的4个好习惯，请逼自己养成,2024-11-09,2024-11-10,2024-11-13,2,0.02,6,True,3.3333333333333335
2024-11-10|今天才知道，原来螨虫最怕它，简单又迅速，比太阳暴晒强N倍！,今天才知道，原来螨虫最怕它，简单又迅速，比太阳暴晒强N倍！,2024-11-10,2024-11-10,2024-11-10,1,0.02,3,True,6.666666666666667
2024-11-20|人民日报热点评论 89｜净化同城版块，共筑清朗网络空间,人民日报热点评论 89｜净化同城版块，共筑清朗网络空间,2024-11-20,2024-11-20,2024-11-25,6,0.02,40,True,0.5
2024-12-28|人民日报每日金句 55｜申论面试热点「钉钉子精神」,人民日报每日金句 55｜申论面试热点「钉钉子精神」,2024-12-28,2024-12-28,2025-01-02,4,0.02,20,True,1.0
2024-12-31|人民日报每日金句 58｜申论面试热点「立己达人」,人民日报每日金句 58｜申论面试热点「立己达人」,2024-12-31,2024-12-31,2025-01-05,3,0.02,20,True,1.0
2026-01-22|《人民日报》热点时评15： 职场发小（2026年国考面试热点）,《人民日报》热点时评15： 职场发小（2026年国考面试热点）,2026-01-22,2026-01-22,2026-01-28,5,0.02,14,True,1.4285714285714286
2026-02-02|人民日报时评23： 给“随时随地办公”划出法律与管理红线（2026年国考面试热点）,人民日报时评23： 给“随时随地办公”划出法律与管理红线（2026年国考面试热点）,2026-02-02,2026-02-03,2026-02-06,4,0.02,13,True,1.5384615384615385
2026-07-20|《人民日报》谈【教育科技人才一体发展】：不是简单的并列,《人民日报》谈【教育科技人才一体发展】：不是简单的并列,2026-07-20,2026-07-20,2026-07-26,6,0.02,67,True,0.29850746268656714
2026-08-19|《人民日报》讲政绩考核：不是考得多,《人民日报》讲政绩考核：不是考得多,2026-08-19,2026-08-19,2026-08-25,6,0.02,17,True,1.1764705882352942
2023-02-07|早上好！2023人民日报金句摘抄030 | 申论晨读素材、结构化面试热点、高考作文素材,早上好！2023人民日报金句摘抄030 | 申论晨读素材、结构化面试热点、高考作文素材,2023-02-07,2023-02-11,2023-02-12,2,0.01,4,True,2.5
2023-07-01|大多数的人生困惑，早被这4本书写透了,大多数的人生困惑，早被这4本书写透了,2023-07-01,2023-07-01,2023-07-01,1,0.01,5,True,2.0
2023-07-03|10年断货、盗版被抢光！这本书究竟有多牛？,10年断货、盗版被抢光！这本书究竟有多牛？,2023-07-03,2023-07-03,2023-07-08,2,0.01,12,True,0.8333333333333334
2023-07-07|不愧为中国第一部白话通史！钱穆、顾颉刚都自叹不如,不愧为中国第一部白话通史！钱穆、顾颉刚都自叹不如,2023-07-07,2023-07-07,2023-07-07,1,0.01,5,True,2.0
2023-07-12|那个比你还懂中国菜的英国女人带着新书回来了！,那个比你还懂中国菜的英国女人带着新书回来了！,2023-07-12,2023-07-12,2023-07-17,2,0.01,6,True,1.6666666666666667
2023-07-31|《642件可写的事》，一本奇书，疗愈自己,《642件可写的事》，一本奇书，疗愈自己,2023-07-31,2023-07-31,2023-08-06,5,0.01,20,True,0.5
2023-12-11|2023年2月工作内容及思考,2023年2月工作内容及思考,2023-12-11,2023-12-11,2023-12-11,1,0.01,3,True,3.3333333333333335
2023-12-11|5月工作安排,5月工作安排,2023-12-11,2023-12-11,2023-12-12,2,0.01,10,True,1.0
2024-01-09|书写美丽人生，感受硬笔书法用纸的独特魅力,书写美丽人生，感受硬笔书法用纸的独特魅力,2024-01-09,2024-01-09,2024-01-09,1,0.01,6,True,1.6666666666666667
2024-01-31|【上新了故宫柿柿如意手链红包】巨巨巨显白的柿柿如意红玛瑙手串，选它够了！,【上新了故宫柿柿如意手链红包】巨巨巨显白的柿柿如意红玛瑙手串，选它够了！,2024-01-31,2024-01-31,2024-01-31,1,0.01,8,True,1.25
2024-02-02|汪曾祺、季羡林力荐：有趣的灵魂，你该读读,汪曾祺、季羡林力荐：有趣的灵魂，你该读读,2024-02-02,2024-02-02,2024-02-02,1,0.01,7,True,1.4285714285714286
2024-02-04|年少不识苏东坡，读懂已是断肠人,年少不识苏东坡，读懂已是断肠人,2024-02-04,2024-02-04,2024-02-06,2,0.01,28,True,0.35714285714285715
2024-02-20|【公考申论面试热点20】海南旅游高峰出岛如何不再难,【公考申论面试热点20】海南旅游高峰出岛如何不再难,2024-02-20,2024-02-20,2024-02-25,6,0.01,27,True,0.37037037037037035
2024-02-25|【公考申论面试热点23】城乡公交不允许乘客站立乘车？,【公考申论面试热点23】城乡公交不允许乘客站立乘车？,2024-02-25,2024-02-25,2024-03-01,6,0.01,22,True,0.45454545454545453
2024-02-26|【公考申论面试热点24】投资一千赚五万？,【公考申论面试热点24】投资一千赚五万？,2024-02-26,2024-02-26,2024-02-29,4,0.01,32,True,0.3125
2024-03-01|是诗画双绝的盛宴，更是治愈人生的浪漫之旅,是诗画双绝的盛宴，更是治愈人生的浪漫之旅,2024-03-01,2024-03-01,2024-03-04,3,0.01,4,True,2.5
2024-03-03|天猫精灵 Sound智能音箱 - 让你的音乐生活更加智能化,天猫精灵 Sound智能音箱 - 让你的音乐生活更加智能化,2024-03-03,2024-03-03,2024-03-03,1,0.01,3,True,3.3333333333333335
2024-03-04|《古文观止》传世名句，句句经典，代表文言文的真实水平,《古文观止》传世名句，句句经典，代表文言文的真实水平,2024-03-04,2024-03-05,2024-03-05,1,0.01,5,True,2.0
2024-03-08|我想送你一个礼物，是一套理解世界的魔法书,我想送你一个礼物，是一套理解世界的魔法书,2024-03-08,2024-03-08,2024-03-13,3,0.01,5,True,2.0
2024-03-14|汪曾祺，世间少有的有趣灵魂,汪曾祺，世间少有的有趣灵魂,2024-03-14,2024-03-14,2024-03-19,4,0.01,13,True,0.7692307692307693
2024-05-07|汪曾祺，世间少有的有趣灵魂,汪曾祺，世间少有的有趣灵魂,2024-05-07,2024-05-07,2024-05-07,1,0.01,2,True,5.0
2024-05-18|一本奇书，爆红欧美，套出你的所有心里话,一本奇书，爆红欧美，套出你的所有心里话,2024-05-18,2024-05-18,2024-05-18,1,0.01,7,True,1.4285714285714286
2024-05-30|国考申论面试热点60｜企业挖苦求职者被封号，“招聘正义”不容亵渎,国考申论面试热点60｜企业挖苦求职者被封号，“招聘正义”不容亵渎,2024-05-30,2024-05-30,2024-05-31,2,0.01,15,True,0.6666666666666666
2024-06-10|【思考清单】从打工到创业，总共分几步？,【思考清单】从打工到创业，总共分几步？,2024-06-10,2024-06-10,2024-06-14,2,0.01,8,True,1.25
2024-11-09|建议收藏】人民日报精选金句，每天5分钟轻松提升文笔｜05,建议收藏】人民日报精选金句，每天5分钟轻松提升文笔｜05,2024-11-09,2024-11-09,2024-11-13,2,0.01,8,True,1.25
2025-01-12|人民日报热点评论 92｜AI假图兴风作浪,人民日报热点评论 92｜AI假图兴风作浪,2025-01-12,2025-01-12,2025-01-16,5,0.01,26,True,0.38461538461538464
"2025-12-29|2026国考面试热点：""出名要趁早""？这句话正在毁掉无数孩子的人生","2026国考面试热点：""出名要趁早""？这句话正在毁掉无数孩子的人生",2025-12-29,2025-12-29,2025-12-31,3,0.01,3,True,3.3333333333333335
2026-01-14|PerfecTonight@不要放弃亲自撰写稿件的第一版,PerfecTonight@不要放弃亲自撰写稿件的第一版,2026-01-14,2026-01-14,2026-01-15,2,0.01,3,True,3.3333333333333335
2026-01-20|你觉得 AI “也就那样”，其实是个危险信号,你觉得 AI “也就那样”，其实是个危险信号,2026-01-20,2026-01-20,2026-01-23,4,0.01,6,True,1.6666666666666667
2026-01-26|致焦虑的职场人：AI 无法替代你的智力，它只替代“标准答案”,致焦虑的职场人：AI 无法替代你的智力，它只替代“标准答案”,2026-01-26,2026-01-26,2026-01-27,2,0.01,4,True,2.5
2026-02-05|# 陪妈妈游九寨沟,# 陪妈妈游九寨沟,2026-02-05,2026-02-05,2026-02-07,3,0.01,1,True,10.0
2026-06-11|人民日报讲AI治理,人民日报讲AI治理,2026-06-11,2026-06-15,2026-06-17,2,0.01,10,True,1.0
2026-07-29|《人民日报》谈人【AI 治理】：不能让AI成为“富国和富人的游戏”,《人民日报》谈人【AI 治理】：不能让AI成为“富国和富人的游戏”,2026-07-29,2026-07-29,2026-08-03,4,0.01,72,True,0.1388888888888889
2026-08-21|跟着《人民日报》学写作：抓落实,跟着《人民日报》学写作：抓落实,2026-08-21,2026-08-21,2026-08-26,5,0.01,8,True,1.25
2023-06-30|在马未都心里，比古董更值钱的竟是它！,在马未都心里，比古董更值钱的竟是它！,2023-06-30,2023-06-30,2023-07-04,2,0.0,5,True,0.0
2023-07-05|痛惜！一代大师逝世！一个时代就此结束,痛惜！一代大师逝世！一个时代就此结束,2023-07-05,2023-07-05,2023-07-06,2,0.0,11,True,0.0
2023-07-06|有趣的灵魂，火爆海内外,有趣的灵魂，火爆海内外,2023-07-06,2023-07-06,2023-07-06,1,0.0,4,True,0.0
2023-07-09|在马未都心里，比古董更值钱的竟是它！,在马未都心里，比古董更值钱的竟是它！,2023-07-09,2023-07-09,2023-07-10,2,0.0,6,True,0.0
2023-12-11|3月工作安排,3月工作安排,2023-12-11,2023-12-11,2023-12-12,2,0.0,5,True,0.0
2023-12-11|4月工作安排,4月工作安排,2023-12-11,2023-12-11,2023-12-11,1,0.0,2,True,0.0
2024-01-28|有人把97部世界名著画成了连环画。,有人把97部世界名著画成了连环画。,2024-01-28,2024-01-28,2024-01-28,1,0.0,10,True,0.0
2024-01-29|京东年货节来袭！京东红包全攻略，最高可领9999元！,京东年货节来袭！京东红包全攻略，最高可领9999元！,2024-01-29,2024-01-29,2024-01-29,1,0.0,2,True,0.0
2024-02-01|某官媒对2024年的神预判，惊出一身冷汗！,某官媒对2024年的神预判，惊出一身冷汗！,2024-02-01,2024-02-01,2024-02-01,1,0.0,5,True,0.0
2024-02-05|今夜，他再次封神！北大唯一终身教授，治愈3亿人,今夜，他再次封神！北大唯一终身教授，治愈3亿人,2024-02-05,2024-02-05,2024-02-05,1,0.0,3,True,0.0
2024-02-06|一本中国人才看得懂的日历：一诗一画一风物，柴米油盐藏诗意,一本中国人才看得懂的日历：一诗一画一风物，柴米油盐藏诗意,2024-02-06,2024-02-06,2024-02-06,1,0.0,1,True,0.0
2024-02-18|中国神作！短短几句，治愈精神内耗，低谷亦成转机,中国神作！短短几句，治愈精神内耗，低谷亦成转机,2024-02-18,2024-02-18,2024-02-23,3,0.0,11,True,0.0
2024-02-20|启功：“人生没那么复杂，就是找乐子啊！”,启功：“人生没那么复杂，就是找乐子啊！”,2024-02-20,2024-02-20,2024-02-23,4,0.0,8,True,0.0
2024-02-22|抠牙为什么会这么臭？原来都是它在作怪.....一招教你冲掉恶臭老牙垢，立省上万补牙费....,抠牙为什么会这么臭？原来都是它在作怪.....一招教你冲掉恶臭老牙垢，立省上万补牙费....,2024-02-22,2024-02-22,2024-02-22,1,0.0,4,True,0.0
2024-02-24|这个颈托火了！头变轻了，脖子爽了，颈椎越来越舒服,这个颈托火了！头变轻了，脖子爽了，颈椎越来越舒服,2024-02-24,2024-02-24,2024-02-24,1,0.0,6,True,0.0
"2024-02-25|""民国第一段子手""，迷倒无数女人:有趣，才是一个人顶级的魅力","""民国第一段子手""，迷倒无数女人:有趣，才是一个人顶级的魅力",2024-02-25,2024-02-25,2024-02-25,1,0.0,6,True,0.0
2024-02-26|一本中国人才看得懂的日历：一诗一画一风物，柴米油盐藏诗意,一本中国人才看得懂的日历：一诗一画一风物，柴米油盐藏诗意,2024-02-26,2024-02-26,2024-02-26,1,0.0,8,True,0.0
2024-02-27|【公考申论面试热点25】干净踢球,【公考申论面试热点25】干净踢球,2024-02-27,2024-02-27,2024-02-29,3,0.0,7,True,0.0
2024-02-27|鲁迅、季羡林盛赞，每个中国人都应该读读这本书,鲁迅、季羡林盛赞，每个中国人都应该读读这本书,2024-02-27,2024-02-28,2024-03-03,3,0.0,3,True,0.0
2024-02-29|绝版10年的传奇文案书，全新升级了！,绝版10年的传奇文案书，全新升级了！,2024-02-29,2024-02-29,2024-03-03,2,0.0,2,True,0.0
2024-03-02|请多读点哲学，少看点鸡汤,请多读点哲学，少看点鸡汤,2024-03-02,2024-03-02,2024-03-03,2,0.0,4,True,0.0
2024-03-06|宋朝最懂美的人，没有人比他更有资格,宋朝最懂美的人，没有人比他更有资格,2024-03-06,2024-03-08,2024-03-08,1,0.0,3,True,0.0
2024-03-07|电视剧里的古人生活，都是假的！,电视剧里的古人生活，都是假的！,2024-03-07,2024-03-08,2024-03-08,1,0.0,1,True,0.0
2024-03-10|梁实秋教“骂人”，一夜刷屏：治愈一个成年人，看他就够了,梁实秋教“骂人”，一夜刷屏：治愈一个成年人，看他就够了,2024-03-10,2024-03-15,2024-03-15,1,0.0,2,True,0.0
2024-03-11|这个成人玩具火了！健身教练力推，让你无论何时何地都能健身，摇走肩周问题、鼠标手！,这个成人玩具火了！健身教练力推，让你无论何时何地都能健身，摇走肩周问题、鼠标手！,2024-03-11,2024-03-11,2024-03-13,2,0.0,2,True,0.0
"2024-03-12|""民国第一段子手""，迷倒无数女人:有趣，才是一个人顶级的魅力","""民国第一段子手""，迷倒无数女人:有趣，才是一个人顶级的魅力",2024-03-12,2024-03-13,2024-03-13,1,0.0,1,True,0.0
2024-03-13|8.1分《长安三万里》看点全揭秘，这是你在电影院都看不到的精彩！,8.1分《长安三万里》看点全揭秘，这是你在电影院都看不到的精彩！,2024-03-13,2024-03-13,2024-03-13,1,0.0,1,True,0.0
2024-05-05|10年断货、盗版被抢光！这本书究竟有多牛？,10年断货、盗版被抢光！这本书究竟有多牛？,2024-05-05,2024-05-05,2024-05-05,1,0.0,1,True,0.0
2024-05-09|有趣的灵魂，火爆海内外,有趣的灵魂，火爆海内外,2024-05-09,2024-05-09,2024-05-09,1,0.0,3,True,0.0
2024-05-10|4本书读透55部国学经典：聪明人都靠它来逆袭,4本书读透55部国学经典：聪明人都靠它来逆袭,2024-05-10,2024-05-10,2024-05-10,1,0.0,1,True,0.0
2024-05-15|这才是中国人的精神偶像！,这才是中国人的精神偶像！,2024-05-15,2024-05-15,2024-05-15,1,0.0,1,True,0.0
2024-05-16|先有发明还是先有需求，这是个问题,先有发明还是先有需求，这是个问题,2024-05-16,2024-05-16,2024-05-16,1,0.0,3,True,0.0
2024-05-19|王安石感慨：不知更几百年，方有如此人物。,王安石感慨：不知更几百年，方有如此人物。,2024-05-19,2024-05-20,2024-05-20,1,0.0,1,True,0.0
2024-05-20|《生活不在别处，当下即是全部》,《生活不在别处，当下即是全部》,2024-05-20,2024-05-20,2024-05-20,1,0.0,3,True,0.0
2024-05-22|从诗词里读懂中国，这套书里藏着无数中国人的文化底气！,从诗词里读懂中国，这套书里藏着无数中国人的文化底气！,2024-05-22,2024-05-23,2024-05-25,2,0.0,3,True,0.0
2024-05-24|顶级的计算机科学家是如何养成的？,顶级的计算机科学家是如何养成的？,2024-05-24,2024-05-28,2024-05-28,1,0.0,3,True,0.0
2024-12-06|每日金句 33｜《人民日报》这样写「春节申遗」,每日金句 33｜《人民日报》这样写「春节申遗」,2024-12-06,2024-12-06,2024-12-12,6,0.0,16,True,0.0
2026-01-01|课件：2017-2026 新年贺词金句集锦 PPT,课件：2017-2026 新年贺词金句集锦 PPT,2026-01-01,2026-01-01,2026-01-01,1,0.0,0,True,
2026-01-15|技术过剩时代，缺的不是学习能力，而是这一个,技术过剩时代，缺的不是学习能力，而是这一个,2026-01-15,2026-01-15,2026-01-19,3,0.0,4,True,0.0
2026-01-23|当马斯克消灭了中层：为什么未来的工作是 15 小时的“快乐苦役”？,当马斯克消灭了中层：为什么未来的工作是 15 小时的“快乐苦役”？,2026-01-23,2026-01-24,2026-01-29,2,0.0,3,True,0.0
2026-07-30|《人民日报》解读【就业优先】战略升级：不仅是保岗位,《人民日报》解读【就业优先】战略升级：不仅是保岗位,2026-07-30,2026-07-30,2026-08-03,3,0.0,57,True,0.0
2026-08-26|跟着《人民日报》学写作：健康优先,跟着《人民日报》学写作：健康优先,2026-08-26,2026-08-26,2026-08-26,1,0.0,2,True,0.0
2026-08-27|《人民日报》用164篇文章讲透【政绩观】：,《人民日报》用164篇文章讲透【政绩观】：,2026-08-27,2026-08-27,2026-08-27,1,0.0,6,True,0.0
