title,content,markdown_body,author,plate,series_name,url,date,keywords,summary,category,series_id,series_part,related_titles
国家主席习近平发表二〇二六年新年贺词,"新年前夕，国家主席习近平通过中央广播电视总台和互联网，发表二〇二六年新年贺词。新华社记者  燕  雁摄
新年前夕，国家主席习近平通过中央广播电视总台和互联网，发表二〇二六年新年贺词。
新华社记者  燕  雁摄
■ 2025年是“十四五”收官之年。5年来，我们踔厉奋发、勇毅前行，克服重重困难挑战，圆满完成目标任务，在中国式现代化新征程上迈出了稳健步伐。我国经济总量连续跨越新关口，今年预计达到140万亿元，经济实力、科技实力、国防实力、综合国力跃上新台阶，绿水青山成为亮丽底色，人民群众获得感幸福感安全感不断增强。5年历程极不寻常，成绩来之不易。大家拼搏进取、耕耘奉献，铸就了欣欣向荣的中国。我向每一位辛勤付出的奋斗者致敬
■ 这一年，令人难忘的是，我们隆重纪念中国人民抗日战争暨世界反法西斯战争胜利80周年，设立台湾光复纪念日。国之盛典威武雄壮，胜利荣光永载史册，激励中华儿女铭记历史、缅怀先烈、珍爱和平、开创未来，凝聚起中华民族伟大复兴的磅礴伟力
■ 我们依靠创新为高质量发展赋能。我们以文化滋养精神家园。我们共创共享美好生活。我们继续敞开胸怀拥抱世界
■ 要坚定不移贯彻“一国两制”方针，支持港澳更好融入国家发展大局，保持长期繁荣稳定。两岸同胞血浓于水，祖国统一的历史大势不可阻挡
■ 党兴方能国强。我们开展深入贯彻中央八项规定精神学习教育，徙木立信从严管党治党，去腐生肌推进自我革命，党风政风持续向好。要砥砺初心使命，持之以恒、久久为功，继续回答好延安“窑洞之问”，书写无愧于人民的时代答卷
■ 2026年是“十五五”开局之年。锐始者必图其终，成功者先计于始。我们要锚定目标任务，坚定信心、乘势而上，扎实推动高质量发展，进一步全面深化改革开放，推进全体人民共同富裕，续写中国奇迹新篇章
■ 山海寻梦，不觉其远；前路迢迢，阔步而行。让我们拿出跃马扬鞭的勇气，激发万马奔腾的活力，保持马不停蹄的干劲，一起为梦想奋斗、为幸福打拼，把宏伟愿景变成美好现实
新华社北京12月31日电  新年前夕，国家主席习近平通过中央广播电视总台和互联网，发表了二〇二六年新年贺词。全文如下：
大家好！岁序更替，华章日新。在新年到来之际，我在北京向大家致以美好的祝福！
2025年是“十四五”收官之年。5年来，我们踔厉奋发、勇毅前行，克服重重困难挑战，圆满完成目标任务，在中国式现代化新征程上迈出了稳健步伐。我国经济总量连续跨越新关口，今年预计达到140万亿元，经济实力、科技实力、国防实力、综合国力跃上新台阶，绿水青山成为亮丽底色，人民群众获得感幸福感安全感不断增强。5年历程极不寻常，成绩来之不易。大家拼搏进取、耕耘奉献，铸就了欣欣向荣的中国。我向每一位辛勤付出的奋斗者致敬！
这一年，令人难忘的是，我们隆重纪念中国人民抗日战争暨世界反法西斯战争胜利80周年，设立台湾光复纪念日。国之盛典威武雄壮，胜利荣光永载史册，激励中华儿女铭记历史、缅怀先烈、珍爱和平、开创未来，凝聚起中华民族伟大复兴的磅礴伟力。
我们依靠创新为高质量发展赋能。科技与产业深度融合，创新成果竞相涌现，人工智能大模型你追我赶，芯片自主研发有了新突破，我国成为创新力上升最快的经济体之一。天问二号开启“追星”之旅，雅下水电工程开工建设，首艘电磁弹射型航母正式入列。人形机器人亮出“功夫模式”，无人机演绎绚丽“烟花”。创新创造催生了新质生产力，也让生活更加多姿多彩。
我们以文化滋养精神家园。文博热、非遗热不断升温，世界遗产再添新员，悟空和哪吒风靡全球，古韵国风成为年轻人眼中的“顶流审美”。文旅市场人气火爆，“城超”“村超”热闹非凡，冰雪运动点燃冬日激情。传统与现代交融，中华文化绽放更加灿烂的光芒。
我们共创共享美好生活。我到西藏、新疆出席庆祝活动，从雪域高原到天山南北，各族群众心手相连，像石榴籽一样紧紧抱在一起，大家用洁白的哈达、热情的歌舞，表达对祖国的热爱、对幸福的礼赞。民生无小事，枝叶总关情。过去一年，新就业群体权益有了进一步保障，适老化改造给老年人带来方便，育儿家庭每月多了300元补贴。柴米油盐、三餐四季，每个“小家”热气腾腾，中国这个“大家”就蒸蒸日上。
我们继续敞开胸怀拥抱世界。上合组织天津峰会、全球妇女峰会成功举办，海南自贸港全岛封关运作。为更好应对气候变化，我国宣布新一轮国家自主贡献。继“三大倡议”之后，我提出全球治理倡议，推动建设更加公正合理的全球治理体系。当今世界变乱交织，一些地区仍被战火笼罩。中国始终站在历史正确一边，愿同各国携手促进世界和平发展，推动构建人类命运共同体。
前不久，我出席了全运会开幕式，粤港澳三地同心同行，令人欣慰。要坚定不移贯彻“一国两制”方针，支持港澳更好融入国家发展大局，保持长期繁荣稳定。两岸同胞血浓于水，祖国统一的历史大势不可阻挡！
党兴方能国强。我们开展深入贯彻中央八项规定精神学习教育，徙木立信从严管党治党，去腐生肌推进自我革命，党风政风持续向好。要砥砺初心使命，持之以恒、久久为功，继续回答好延安“窑洞之问”，书写无愧于人民的时代答卷。
2026年是“十五五”开局之年。锐始者必图其终，成功者先计于始。我们要锚定目标任务，坚定信心、乘势而上，扎实推动高质量发展，进一步全面深化改革开放，推进全体人民共同富裕，续写中国奇迹新篇章。
山海寻梦，不觉其远；前路迢迢，阔步而行。让我们拿出跃马扬鞭的勇气，激发万马奔腾的活力，保持马不停蹄的干劲，一起为梦想奋斗、为幸福打拼，把宏伟愿景变成美好现实。
新年的旭日即将升起。祝祖国山河壮丽、大地丰饶，神州沐朝晖！祝大家心有所悦、业有所成，万事皆可期！","# 国家主席习近平发表二〇二六年新年贺词

> 《人民日报》（2026年01月01日第 01 版）

新年前夕，国家主席习近平通过中央广播电视总台和互联网，发表二〇二六年新年贺词。　　新华社记者  燕  雁摄

新年前夕，国家主席习近平通过中央广播电视总台和互联网，发表二〇二六年新年贺词。

新华社记者  燕  雁摄

■ 2025年是“十四五”收官之年。5年来，我们踔厉奋发、勇毅前行，克服重重困难挑战，圆满完成目标任务，在中国式现代化新征程上迈出了稳健步伐。我国经济总量连续跨越新关口，今年预计达到140万亿元，经济实力、科技实力、国防实力、综合国力跃上新台阶，绿水青山成为亮丽底色，人民群众获得感幸福感安全感不断增强。5年历程极不寻常，成绩来之不易。大家拼搏进取、耕耘奉献，铸就了欣欣向荣的中国。我向每一位辛勤付出的奋斗者致敬

■ 这一年，令人难忘的是，我们隆重纪念中国人民抗日战争暨世界反法西斯战争胜利80周年，设立台湾光复纪念日。国之盛典威武雄壮，胜利荣光永载史册，激励中华儿女铭记历史、缅怀先烈、珍爱和平、开创未来，凝聚起中华民族伟大复兴的磅礴伟力

■ 我们依靠创新为高质量发展赋能。我们以文化滋养精神家园。我们共创共享美好生活。我们继续敞开胸怀拥抱世界

■ 要坚定不移贯彻“一国两制”方针，支持港澳更好融入国家发展大局，保持长期繁荣稳定。两岸同胞血浓于水，祖国统一的历史大势不可阻挡

■ 党兴方能国强。我们开展深入贯彻中央八项规定精神学习教育，徙木立信从严管党治党，去腐生肌推进自我革命，党风政风持续向好。要砥砺初心使命，持之以恒、久久为功，继续回答好延安“窑洞之问”，书写无愧于人民的时代答卷

■ 2026年是“十五五”开局之年。锐始者必图其终，成功者先计于始。我们要锚定目标任务，坚定信心、乘势而上，扎实推动高质量发展，进一步全面深化改革开放，推进全体人民共同富裕，续写中国奇迹新篇章

■ 山海寻梦，不觉其远；前路迢迢，阔步而行。让我们拿出跃马扬鞭的勇气，激发万马奔腾的活力，保持马不停蹄的干劲，一起为梦想奋斗、为幸福打拼，把宏伟愿景变成美好现实

新华社北京12月31日电  新年前夕，国家主席习近平通过中央广播电视总台和互联网，发表了二〇二六年新年贺词。全文如下：

大家好！岁序更替，华章日新。在新年到来之际，我在北京向大家致以美好的祝福！

2025年是“十四五”收官之年。5年来，我们踔厉奋发、勇毅前行，克服重重困难挑战，圆满完成目标任务，在中国式现代化新征程上迈出了稳健步伐。我国经济总量连续跨越新关口，今年预计达到140万亿元，经济实力、科技实力、国防实力、综合国力跃上新台阶，绿水青山成为亮丽底色，人民群众获得感幸福感安全感不断增强。5年历程极不寻常，成绩来之不易。大家拼搏进取、耕耘奉献，铸就了欣欣向荣的中国。我向每一位辛勤付出的奋斗者致敬！

这一年，令人难忘的是，我们隆重纪念中国人民抗日战争暨世界反法西斯战争胜利80周年，设立台湾光复纪念日。国之盛典威武雄壮，胜利荣光永载史册，激励中华儿女铭记历史、缅怀先烈、珍爱和平、开创未来，凝聚起中华民族伟大复兴的磅礴伟力。

我们依靠创新为高质量发展赋能。科技与产业深度融合，创新成果竞相涌现，人工智能大模型你追我赶，芯片自主研发有了新突破，我国成为创新力上升最快的经济体之一。天问二号开启“追星”之旅，雅下水电工程开工建设，首艘电磁弹射型航母正式入列。人形机器人亮出“功夫模式”，无人机演绎绚丽“烟花”。创新创造催生了新质生产力，也让生活更加多姿多彩。

我们以文化滋养精神家园。文博热、非遗热不断升温，世界遗产再添新员，悟空和哪吒风靡全球，古韵国风成为年轻人眼中的“顶流审美”。文旅市场人气火爆，“城超”“村超”热闹非凡，冰雪运动点燃冬日激情。传统与现代交融，中华文化绽放更加灿烂的光芒。

我们共创共享美好生活。我到西藏、新疆出席庆祝活动，从雪域高原到天山南北，各族群众心手相连，像石榴籽一样紧紧抱在一起，大家用洁白的哈达、热情的歌舞，表达对祖国的热爱、对幸福的礼赞。民生无小事，枝叶总关情。过去一年，新就业群体权益有了进一步保障，适老化改造给老年人带来方便，育儿家庭每月多了300元补贴。柴米油盐、三餐四季，每个“小家”热气腾腾，中国这个“大家”就蒸蒸日上。

我们继续敞开胸怀拥抱世界。上合组织天津峰会、全球妇女峰会成功举办，海南自贸港全岛封关运作。为更好应对气候变化，我国宣布新一轮国家自主贡献。继“三大倡议”之后，我提出全球治理倡议，推动建设更加公正合理的全球治理体系。当今世界变乱交织，一些地区仍被战火笼罩。中国始终站在历史正确一边，愿同各国携手促进世界和平发展，推动构建人类命运共同体。

前不久，我出席了全运会开幕式，粤港澳三地同心同行，令人欣慰。要坚定不移贯彻“一国两制”方针，支持港澳更好融入国家发展大局，保持长期繁荣稳定。两岸同胞血浓于水，祖国统一的历史大势不可阻挡！

党兴方能国强。我们开展深入贯彻中央八项规定精神学习教育，徙木立信从严管党治党，去腐生肌推进自我革命，党风政风持续向好。要砥砺初心使命，持之以恒、久久为功，继续回答好延安“窑洞之问”，书写无愧于人民的时代答卷。

2026年是“十五五”开局之年。锐始者必图其终，成功者先计于始。我们要锚定目标任务，坚定信心、乘势而上，扎实推动高质量发展，进一步全面深化改革开放，推进全体人民共同富裕，续写中国奇迹新篇章。

山海寻梦，不觉其远；前路迢迢，阔步而行。让我们拿出跃马扬鞭的勇气，激发万马奔腾的活力，保持马不停蹄的干劲，一起为梦想奋斗、为幸福打拼，把宏伟愿景变成美好现实。

新年的旭日即将升起。祝祖国山河壮丽、大地丰饶，神州沐朝晖！祝大家心有所悦、业有所成，万事皆可期！",,要闻,,https://paper.people.com.cn/rmrb/pc/content/202601/01/content_30128788.html,2026-01-01,"['我们', '新年贺词', '新年', '人民', '习近平', '实力', '高质量', '大家', '总台', '贯彻']","新年前夕，国家主席习近平通过中央广播电视总台和互联网，发表二〇二六年新年贺词。新华社记者  燕  雁摄
新年前夕，国家主席习近平通过中央广播电视总台和互联网，发表二〇二六年新年贺词。
新华社记者  燕  雁摄",政治,,,[]
拼搏奉献，铸就了欣欣向荣的中国,"这是温暖人心的深情致敬：“大家拼搏进取、耕耘奉献，铸就了欣欣向荣的中国。”
这是催人奋进的殷殷期望：“一起为梦想奋斗、为幸福打拼，把宏伟愿景变成美好现实。”
新年前夕，习近平主席发表二〇二六年新年贺词，回顾极不寻常的过去5年，凝望令人难忘的过去一年，致敬每一位辛勤付出的奋斗者，着眼“续写中国奇迹新篇章”，勉励开局之年“锚定目标任务，坚定信心、乘势而上”。
岁月不居，奋斗永恒。征程万里，拼搏如一。
我们共同走过的这5年，“十四五”圆满收官，中国式现代化迈出新的坚实步伐，每个人都是亲历者、见证者，也都是奋斗者、收获者。
在砥砺奋进中开创新局，我们更加自信。
经济总量连续跨越新关口，展现的是我国经济的强大韧性和活力；科技创新成果竞相涌现，厚植的是高质量发展的强劲动能；人民生活水平持续改善，民生保障更加有力，让亿万人民有劲头、有盼头、有奔头……
放眼960多万平方公里的土地，城乡融合与区域协调共绘发展长卷，科技浪潮与民生答卷同奏奋进乐章，中国人民奔向幸福美好生活的步伐不可阻挡。
咬定青山不放松。正如习近平总书记强调的：“我们在砥砺奋进中进一步增强了志气、骨气、底气，更加坚定了推进强国建设、实现民族复兴的决心和信心。”
在顶压前行中向新向优，我们愈发从容。
事非经过不知难。“难”字面前，中国以“韧”字回应世界关切。
这份韧劲，是在风云激荡的关税战、贸易战之下“彰显了我们的硬核实力，赢得了国际社会尊重”；是在直面“躲不开、绕不过”的深层次矛盾和问题中统筹发展和安全，增强经济和社会韧性，以高质量发展的确定性应对各种不确定性；是在地震、干旱、洪涝等自然灾害面前“一方有难、八方支援”，集中力量办大事，社会主义制度优越性的体现。
实践充分证明，有习近平总书记领航掌舵，有习近平新时代中国特色社会主义思想科学指引，我们就能在乱云飞渡中从容不迫，在惊涛骇浪中立于不败之地。纵使风云变幻，“千磨万击还坚劲，任尔东西南北风”，集中力量办好自己的事，我们便有了最硬的底气、最足的信心。
在奋勇拼搏中积势蓄能，我们更有力量。
亲历变革，更加懂得“历史是人民创造的”，积蓄起向前发展的更大推动力。胜利日大阅兵上“中华民族伟大复兴势不可挡！人类和平与发展的崇高事业必将胜利！”的豪迈宣示，凝聚起奋勇前行的磅礴伟力。风靡全球的《哪吒2》中，“若前方无路，我便踏出一条路”道出中国人民的坚定信念……
泱泱中华，文脉浩荡。今天的中国，在传统与现代交融中焕发光彩，在传承浩然之气中倍增奋进信心，在走稳“中国之路”、推进“中国之治”、彰显“中国之理”中引领未来。
历史的长河，因一代代奋斗者的接力而奔涌不息。从百余年前的衰败凋零，到如今的欣欣向荣，我们党团结带领亿万人民创造了令人惊叹的奇迹、走出了中国式现代化的康庄大道。
向前进，我们靠什么创造辉煌？靠什么续写传奇？
此时此刻，答案无比清晰，我们无比笃定：以实干成就伟业，以创新赢得未来。","# 拼搏奉献，铸就了欣欣向荣的中国

## ——习近平主席二〇二六年新年贺词启示录①

> 本报评论员《人民日报》（2026年01月01日第 02 版）

这是温暖人心的深情致敬：“大家拼搏进取、耕耘奉献，铸就了欣欣向荣的中国。”

这是催人奋进的殷殷期望：“一起为梦想奋斗、为幸福打拼，把宏伟愿景变成美好现实。”

新年前夕，习近平主席发表二〇二六年新年贺词，回顾极不寻常的过去5年，凝望令人难忘的过去一年，致敬每一位辛勤付出的奋斗者，着眼“续写中国奇迹新篇章”，勉励开局之年“锚定目标任务，坚定信心、乘势而上”。

岁月不居，奋斗永恒。征程万里，拼搏如一。

我们共同走过的这5年，“十四五”圆满收官，中国式现代化迈出新的坚实步伐，每个人都是亲历者、见证者，也都是奋斗者、收获者。

在砥砺奋进中开创新局，我们更加自信。

经济总量连续跨越新关口，展现的是我国经济的强大韧性和活力；科技创新成果竞相涌现，厚植的是高质量发展的强劲动能；人民生活水平持续改善，民生保障更加有力，让亿万人民有劲头、有盼头、有奔头……

放眼960多万平方公里的土地，城乡融合与区域协调共绘发展长卷，科技浪潮与民生答卷同奏奋进乐章，中国人民奔向幸福美好生活的步伐不可阻挡。

咬定青山不放松。正如习近平总书记强调的：“我们在砥砺奋进中进一步增强了志气、骨气、底气，更加坚定了推进强国建设、实现民族复兴的决心和信心。”

在顶压前行中向新向优，我们愈发从容。

事非经过不知难。“难”字面前，中国以“韧”字回应世界关切。

这份韧劲，是在风云激荡的关税战、贸易战之下“彰显了我们的硬核实力，赢得了国际社会尊重”；是在直面“躲不开、绕不过”的深层次矛盾和问题中统筹发展和安全，增强经济和社会韧性，以高质量发展的确定性应对各种不确定性；是在地震、干旱、洪涝等自然灾害面前“一方有难、八方支援”，集中力量办大事，社会主义制度优越性的体现。

实践充分证明，有习近平总书记领航掌舵，有习近平新时代中国特色社会主义思想科学指引，我们就能在乱云飞渡中从容不迫，在惊涛骇浪中立于不败之地。纵使风云变幻，“千磨万击还坚劲，任尔东西南北风”，集中力量办好自己的事，我们便有了最硬的底气、最足的信心。

在奋勇拼搏中积势蓄能，我们更有力量。

亲历变革，更加懂得“历史是人民创造的”，积蓄起向前发展的更大推动力。胜利日大阅兵上“中华民族伟大复兴势不可挡！人类和平与发展的崇高事业必将胜利！”的豪迈宣示，凝聚起奋勇前行的磅礴伟力。风靡全球的《哪吒2》中，“若前方无路，我便踏出一条路”道出中国人民的坚定信念……

泱泱中华，文脉浩荡。今天的中国，在传统与现代交融中焕发光彩，在传承浩然之气中倍增奋进信心，在走稳“中国之路”、推进“中国之治”、彰显“中国之理”中引领未来。

历史的长河，因一代代奋斗者的接力而奔涌不息。从百余年前的衰败凋零，到如今的欣欣向荣，我们党团结带领亿万人民创造了令人惊叹的奇迹、走出了中国式现代化的康庄大道。

向前进，我们靠什么创造辉煌？靠什么续写传奇？

此时此刻，答案无比清晰，我们无比笃定：以实干成就伟业，以创新赢得未来。",本报评论员,要闻,,https://paper.people.com.cn/rmrb/pc/content/202601/01/content_30128794.html,2026-01-01,"['奋进', '拼搏', '习近平', '我们', '奋斗者', '中国', '欣欣向荣', '亿万人民', '砥砺', '续写']","这是温暖人心的深情致敬：“大家拼搏进取、耕耘奉献，铸就了欣欣向荣的中国。”
这是催人奋进的殷殷期望：“一起为梦想奋斗、为幸福打拼，把宏伟愿景变成美好现实。”
新年前夕，习近平主席发表二〇二六年新年贺词，回顾极不寻常的过去5年，凝望令人难忘的过去一年，致敬每一位辛勤付出的奋斗者，着眼“续写中国奇迹新篇章”，勉励开局之年“锚定目标任务，坚定信心、乘势而上”。",政治,,,[]
入脑入心，见行见效（学习贯彻党的二十届四中全会精神）,"从企业车间到田间地头，从高校教室到社区广场……连日来，吉林、江西、云南、新疆生产建设兵团等各地各单位宣讲团深入基层一线，开展多层次、多样化宣讲，让党的二十届四中全会精神在基层落地生根、开花结果。
提高理论水平是基层宣讲者做好宣讲的前提。
理论授课、分组研讨、实地教学……12月3日至5日，吉林省学习宣传贯彻党的二十届四中全会精神基层理论宣讲骨干培训班在松原市举办，150余名理论宣传工作者、高校思政课教师、融媒体采编人员和理论志愿者代表参加。学员们分享宣传工作经验，进一步凝聚起行动共识。
“这次培训班使我注重分众化、互动化、对象化宣讲要求，用田间地头的家常话讲透政策，把全会精神讲到百姓心里。”吉林市昌邑区土城子满族朝鲜族乡宣传委员马琳说。
在吉林大学，博士生讲师团成员结合自身专业，面向师生开展15场宣讲；在长春市“学习强国”宣讲学院，市民聆听宣讲员讲解“十五五”时期经济社会发展的主要目标；在白山市抚松县，“唠唠四中全会对老年人的好政策”的宣讲，吸引老年健身队员参加；在吉林市丰满区旺起镇，当地供电所职工赵宏良一边帮村里老人处理电采暖故障，一边讲解：“全会提出加强基本公共服务，就是要让咱老百姓家暖气热乎”……截至12月29日，吉林省各地开展全会精神基层宣讲活动1.8万余场。
让宣讲入脑入心，关键要把道理讲到百姓心坎上。
“什么是农业农村现代化？”“我们这些农民，会不会跟不上现代化？”……面对大家的提问，在江西省抚州市黎川县荷源乡新时代文明实践所，一场特别的宣讲给出了回应。
黎川县“老班长”宣讲队队长王志刚坐在乡亲们中间，用饱含泥土气息的乡音，把全会提出的“完善社会治理体系”等宏观要求，翻译为大家听得懂、记得住的“身边理”。“农业农村现代化，就是要让村组道路更畅通、老人看病更便捷、邻里矛盾化解更顺畅、居住环境更安全。”话语直抵人心，引发乡亲们的共鸣。
这支“老班长”宣讲队，是集政策宣讲与多元服务于一体的综合队伍。为了更接地气，宣讲队把课堂从会议室搬到农家院落、文化广场，把群众的急难愁盼问题写入“民情台账”并跟进解决。
结合当地文化特色，创新形式，宣讲才会更有“生命力”。
“中兴业，须人杰。”12月25日，云南昆明的“百里·春秋”春城会客厅里，伴随着西南联大校歌的旋律，一场特别的宣讲正在进行。从联大精神到翠湖记忆，再到城市文旅发展，宣讲员娓娓道来。
“咖啡树生长在云南，也浸润着这里的人文气息。”作为新就业群体代表，云南刘念咖啡创始人刘念听完宣讲深有感触。
云南省委宣讲团走遍16个州（市），举办报告会47场、座谈宣讲58场。各地也“妙招频出”：西双版纳的傣家院坝里，青年围坐恳谈，共话扎根边疆；大理把全会精神编成“白族大本曲”，用乡音乡情唱到群众心里；“云小宣”等AI虚拟宣讲员，通过新颖的形式，让全会精神“飞入寻常百姓家”。
连日来，新疆生产建设兵团宣讲团持续开展宣讲，推动全会精神走深走实。
在兵团第四师六十八团丽华社区，兵团宣讲团成员走进党群服务中心，与职工群众围坐在一起交流学习，围绕“十五五”规划建议中的“完善社区治理”等部署要求，结合社区实际答疑解惑、出谋划策。
“这场宣讲很‘解渴’。”丽华社区党支部书记罗惠琴说，“我们干基层工作的方向更清晰、底气更足了，要一步步把社区建设成大家愿意来、住得安心、过得舒心的共同家园。”
兵团宣讲团还把青年宣讲作为重点任务，走进新疆工业学院、新疆理工职业大学、双河职业技术学院等院校，解读全会精神，回应学子成长关切。“我最大的感受就是生逢其时、责任在肩。”新疆工业学院学生王子墨说，要学好专业知识，把个人理想融入实践。
（新华社北京12月31日电）","# 入脑入心，见行见效（学习贯彻党的二十届四中全会精神）

## ——吉林、江西、云南、新疆生产建设兵团组织开展多种形式宣讲活动

> 《人民日报》（2026年01月01日第 02 版）

从企业车间到田间地头，从高校教室到社区广场……连日来，吉林、江西、云南、新疆生产建设兵团等各地各单位宣讲团深入基层一线，开展多层次、多样化宣讲，让党的二十届四中全会精神在基层落地生根、开花结果。

提高理论水平是基层宣讲者做好宣讲的前提。

理论授课、分组研讨、实地教学……12月3日至5日，吉林省学习宣传贯彻党的二十届四中全会精神基层理论宣讲骨干培训班在松原市举办，150余名理论宣传工作者、高校思政课教师、融媒体采编人员和理论志愿者代表参加。学员们分享宣传工作经验，进一步凝聚起行动共识。

“这次培训班使我注重分众化、互动化、对象化宣讲要求，用田间地头的家常话讲透政策，把全会精神讲到百姓心里。”吉林市昌邑区土城子满族朝鲜族乡宣传委员马琳说。

在吉林大学，博士生讲师团成员结合自身专业，面向师生开展15场宣讲；在长春市“学习强国”宣讲学院，市民聆听宣讲员讲解“十五五”时期经济社会发展的主要目标；在白山市抚松县，“唠唠四中全会对老年人的好政策”的宣讲，吸引老年健身队员参加；在吉林市丰满区旺起镇，当地供电所职工赵宏良一边帮村里老人处理电采暖故障，一边讲解：“全会提出加强基本公共服务，就是要让咱老百姓家暖气热乎”……截至12月29日，吉林省各地开展全会精神基层宣讲活动1.8万余场。

让宣讲入脑入心，关键要把道理讲到百姓心坎上。

“什么是农业农村现代化？”“我们这些农民，会不会跟不上现代化？”……面对大家的提问，在江西省抚州市黎川县荷源乡新时代文明实践所，一场特别的宣讲给出了回应。

黎川县“老班长”宣讲队队长王志刚坐在乡亲们中间，用饱含泥土气息的乡音，把全会提出的“完善社会治理体系”等宏观要求，翻译为大家听得懂、记得住的“身边理”。“农业农村现代化，就是要让村组道路更畅通、老人看病更便捷、邻里矛盾化解更顺畅、居住环境更安全。”话语直抵人心，引发乡亲们的共鸣。

这支“老班长”宣讲队，是集政策宣讲与多元服务于一体的综合队伍。为了更接地气，宣讲队把课堂从会议室搬到农家院落、文化广场，把群众的急难愁盼问题写入“民情台账”并跟进解决。

结合当地文化特色，创新形式，宣讲才会更有“生命力”。

“中兴业，须人杰。”12月25日，云南昆明的“百里·春秋”春城会客厅里，伴随着西南联大校歌的旋律，一场特别的宣讲正在进行。从联大精神到翠湖记忆，再到城市文旅发展，宣讲员娓娓道来。

“咖啡树生长在云南，也浸润着这里的人文气息。”作为新就业群体代表，云南刘念咖啡创始人刘念听完宣讲深有感触。

云南省委宣讲团走遍16个州（市），举办报告会47场、座谈宣讲58场。各地也“妙招频出”：西双版纳的傣家院坝里，青年围坐恳谈，共话扎根边疆；大理把全会精神编成“白族大本曲”，用乡音乡情唱到群众心里；“云小宣”等AI虚拟宣讲员，通过新颖的形式，让全会精神“飞入寻常百姓家”。

连日来，新疆生产建设兵团宣讲团持续开展宣讲，推动全会精神走深走实。

在兵团第四师六十八团丽华社区，兵团宣讲团成员走进党群服务中心，与职工群众围坐在一起交流学习，围绕“十五五”规划建议中的“完善社区治理”等部署要求，结合社区实际答疑解惑、出谋划策。

“这场宣讲很‘解渴’。”丽华社区党支部书记罗惠琴说，“我们干基层工作的方向更清晰、底气更足了，要一步步把社区建设成大家愿意来、住得安心、过得舒心的共同家园。”

兵团宣讲团还把青年宣讲作为重点任务，走进新疆工业学院、新疆理工职业大学、双河职业技术学院等院校，解读全会精神，回应学子成长关切。“我最大的感受就是生逢其时、责任在肩。”新疆工业学院学生王子墨说，要学好专业知识，把个人理想融入实践。

（新华社北京12月31日电）",,要闻,,https://paper.people.com.cn/rmrb/pc/content/202601/01/content_30128797.html,2026-01-01,"['宣讲', '全会精神', '宣讲团', '12', '社区', '四中全会', '基层', '理论', '宣传', '学院']","从企业车间到田间地头，从高校教室到社区广场……连日来，吉林、江西、云南、新疆生产建设兵团等各地各单位宣讲团深入基层一线，开展多层次、多样化宣讲，让党的二十届四中全会精神在基层落地生根、开花结果。
提高理论水平是基层宣讲者做好宣讲的前提。
理论授课、分组研讨、实地教学……12月3日至5日，吉林省学习宣传贯彻党的二十届四中全会精神基层理论宣讲骨干培训班在松原市举办，150余名理论宣传工作者、高校思政课教师、融媒体采编人员和理论志愿者代表参加。学员们分享宣传工作经验，进一步凝聚起行动共识。",政治,,,[]
国务院办公厅印发《落实水资源刚性约束制度考核办法》,"新华社北京12月31日电  国务院办公厅日前印发《落实水资源刚性约束制度考核办法》（以下简称《办法》），自印发之日起施行。
《办法》是对各省（自治区、直辖市）人民政府落实水资源刚性约束制度情况开展考核的重要制度性文件，主要目的是推动落实水资源刚性约束制度，强化水资源节约集约安全利用，改善河湖生态环境，把水资源开发利用控制在承载能力范围内，使有限的水资源有效支撑和保障高质量发展。
《办法》规定，考核工作应坚持目标导向、问题导向，科学设置考核指标；坚持依法依规、精简高效，简化优化考核内容；坚持以考促干、注重实效，强化考核结果运用。考核内容包括水资源刚性约束制度目标完成情况，推动经济社会发展量水而行、水资源节约集约利用、水资源保护和超载治理、水资源监管等任务措施落实情况，以及责任落实和改革创新情况。考核每年开展一次，主要包括自评、核查评分、综合评价、结果反馈及公告等程序，考核结果分为优秀、良好、合格、不合格四个等级，考核结果交由干部主管部门作为对各省（自治区、直辖市）人民政府主要负责人和领导班子综合考核评价的重要参考。
《办法》明确，对在落实水资源刚性约束制度工作中取得显著成绩的单位和个人，按照国家有关规定在有关表彰奖励中给予考虑；考核结果为不合格的，要提出限期整改措施，向国务院作出书面报告；考核中发现或整改中出现重大失职失责情况的，依规依纪依法予以问责追责。","# 国务院办公厅印发《落实水资源刚性约束制度考核办法》

> 《人民日报》（2026年01月01日第 02 版）

新华社北京12月31日电  国务院办公厅日前印发《落实水资源刚性约束制度考核办法》（以下简称《办法》），自印发之日起施行。

《办法》是对各省（自治区、直辖市）人民政府落实水资源刚性约束制度情况开展考核的重要制度性文件，主要目的是推动落实水资源刚性约束制度，强化水资源节约集约安全利用，改善河湖生态环境，把水资源开发利用控制在承载能力范围内，使有限的水资源有效支撑和保障高质量发展。

《办法》规定，考核工作应坚持目标导向、问题导向，科学设置考核指标；坚持依法依规、精简高效，简化优化考核内容；坚持以考促干、注重实效，强化考核结果运用。考核内容包括水资源刚性约束制度目标完成情况，推动经济社会发展量水而行、水资源节约集约利用、水资源保护和超载治理、水资源监管等任务措施落实情况，以及责任落实和改革创新情况。考核每年开展一次，主要包括自评、核查评分、综合评价、结果反馈及公告等程序，考核结果分为优秀、良好、合格、不合格四个等级，考核结果交由干部主管部门作为对各省（自治区、直辖市）人民政府主要负责人和领导班子综合考核评价的重要参考。

《办法》明确，对在落实水资源刚性约束制度工作中取得显著成绩的单位和个人，按照国家有关规定在有关表彰奖励中给予考虑；考核结果为不合格的，要提出限期整改措施，向国务院作出书面报告；考核中发现或整改中出现重大失职失责情况的，依规依纪依法予以问责追责。",,要闻,,https://paper.people.com.cn/rmrb/pc/content/202601/01/content_30128798.html,2026-01-01,"['水资源', '考核', '刚性', '落实', '约束', '制度', '印发', '结果', '考核内容', '考核办法']","新华社北京12月31日电  国务院办公厅日前印发《落实水资源刚性约束制度考核办法》（以下简称《办法》），自印发之日起施行。
《办法》是对各省（自治区、直辖市）人民政府落实水资源刚性约束制度情况开展考核的重要制度性文件，主要目的是推动落实水资源刚性约束制度，强化水资源节约集约安全利用，改善河湖生态环境，把水资源开发利用控制在承载能力范围内，使有限的水资源有效支撑和保障高质量发展。
《办法》规定，考核工作应坚持目标导向、问题导向，科学设置考核指标；坚持依法依规、精简高效，简化优化考核内容；坚持以考促干、注重实效，强化考核结果运用。考核内容包括水资源刚性约束制度目标完成情况，推动经济社会发展量水而行、水资源节约集约利用、水资源保护和超载治理、水资源监管等任务措施落实情况，以及责任落实和改革创新情况。考核每年开展一次，主要包括自评、核查评分、综合评价、结果反馈及公告等程序，考核结果分为优秀、良好、合格、不合格四个等级，考核结果交由干部主管部门作为对各省（自治区、直辖市）人民政府主要负责人和领导班子综合考核评价的重要参考。",政治,,,[]
一起为梦想奋斗、为幸福打拼,"岁月不居，万象更新。新的一年到来之际，习近平主席发表二〇二六年新年贺词，向每一位辛勤付出的奋斗者致敬。
2025年是“十四五”收官之年。5年来，我们挥洒汗水、拼搏奉献。在田间、在工地，在川流不息的街市、在繁忙运转的工厂，每一个辛勤劳动的身影，共同铸就欣欣向荣的中国。
时光的长河奔腾向前，新的航程已在脚下。2026年，“十五五”开局之年，让我们一起为梦想奋斗、为幸福打拼，齐心协力，把宏伟愿景变成美好现实。
——编  者
中国农业大学教授丛汶峰——
扎根田间助农增产增收
本报记者  吴  月
习近平主席在新年贺词中强调：“5年历程极不寻常，成绩来之不易。大家拼搏进取、耕耘奉献，铸就了欣欣向荣的中国。”
“十四五”时期，我国粮食年产量由2021年的13657亿斤增至2025年的14297.5亿斤。“作为农业科技工作者，我深切感受到，农业的欣欣向荣，是亿万农人用汗水浇灌、拼搏耕耘而来的。”中国农业大学资源与环境学院教授丛汶峰说。
中国农业大学与河北曲周县通过校地合作，整建制推进“绿色吨半粮”行动，为实现冬小麦、夏玉米周年产量达到每亩1.5吨以上的目标努力。丛汶峰与同事们带领科技小院的学生，在多个千亩示范方攻关。
2025年，当地冬小麦遭低温干旱寡照，夏玉米先遇高温，又经连续阴雨。团队驻扎科技小院200多天，一方面创新并应用绿色智能肥料、肥水精准调控及深耕培肥等绿色高产高效技术；另一方面通过技术培训，带动农户提高种植本领。
10月16日的测产结果令人惊喜。以曲周县第四疃镇王庄村的千亩方为例，冬小麦、夏玉米全年亩产共达1557.4公斤。
更让人难忘的是，测产那天是世界粮食日，也是中国农业大学建校120周年校庆日。大家读到习近平总书记给中国农业大学全体师生的回信，“矢志强农报国”的嘱托，深深印在师生心中。
眼下，麦田里正孕育着新的希望。丛汶峰说：“我们将继续把论文写在辽阔田野上，创新绿色高产高效技术与产品，带动更多地区实现农业增产、农民增收。”
福建舰导航雷达班班长安永国——
练就可靠高效的“深蓝之眼”
本报记者  金正波
忙完系统装备的日常巡检，福建舰导航雷达班班长安永国和战友们快步走进餐厅。全体官兵着装整齐，目光投向屏幕，认真收看习近平主席发表新年贺词。
“习主席在新年贺词中提到，首艘电磁弹射型航母正式入列。作为福建舰的一员，我深感责任重大，使命光荣。”安永国说，导航雷达是舰船的“眼睛”，岗位虽在方寸间，守护的却是航行的安全。
对安永国而言，2025年极不平凡。这一年，纪念中国人民抗日战争暨世界反法西斯战争胜利80周年大会隆重举行。“在电视上看到共和国的钢铁长城方阵如山、气势如虹，作为军人，我内心澎湃。”安永国说。
2025年，福建舰入列。作为福建舰首批舰员，安永国光荣接受习主席检阅。“2019年作为山东舰舰员，我也曾接受习主席检阅。”安永国倍感自豪。
光阴流转，从一名新兵成长为专业骨干，安永国不仅熟练掌握雷达操作、设备调试、故障排查等技能，更多次带领全班完成复杂海况下的导航保障任务。
习近平主席在新年贺词中的殷切嘱托，让安永国充满干劲：“入列，是守护海疆新的起点。新的一年，我将带领班员深钻精研专业知识，把技能练到极致，让导航雷达成为最可靠、最高效的‘深蓝之眼’。”
安永国坚信，全舰官兵共同努力，福建舰的作战力量体系将更加完善，人民海军远海防卫能力将得到新的跃升。
（龙驰参与采写）
宇树科技创始人王兴兴——
推动机器人赋能千行百业
本报记者  窦  皓
完成一天的工作，宇树科技创始人王兴兴打开手机，收看习近平主席发表新年贺词。
习近平主席在新年贺词中提到创新成果竞相涌现，“人形机器人亮出‘功夫模式’”。作为具身智能机器人行业的创业者，王兴兴深感国家对科技创新的高度重视，这鼓舞他在新的一年继续勇闯技术“无人区”，推动机器人赋能千行百业。
2025年2月，习近平总书记出席民营企业座谈会并发表重要讲话强调，新时代新征程民营经济发展前景广阔、大有可为，广大民营企业和民营企业家大显身手正当其时。王兴兴是民营企业负责人代表之一，在会上发言。谈及那一刻，他非常激动：“得益于我国完备的产业链与广阔市场，从技术研发到产品落地，我们在具身智能领域持续探索。”
作为一家主要研发生产四足机器人、人形机器人的民用机器人企业，宇树科技实现了电机、减速器、控制器、激光雷达等关键零部件以及高性能感知和运动控制算法的自主研发。
从产品研发到交流研讨，王兴兴十分忙碌。眼下，他将部分精力用于推动机器人商业化进程。“我们正在对新一代通用机器人平台进行深度技术融合与场景打磨。”王兴兴说，“未来有望通过通用平台实现从任务理解到执行的全流程智能化，让机器人在更多应用场景发挥作用。”
新的一年，宇树科技计划推出更先进的机器人。“科技创新要扎根于产业需求。”王兴兴说，团队将进一步加大科研投入，不断开发新技术新产品。
故宫博物院文保工作者屈峰——
科学保护修复故宫文物
本报记者  周飞亚
习近平主席在新年贺词中指出：“传统与现代交融，中华文化绽放更加灿烂的光芒。”
故宫博物院文保修复部主任屈峰介绍，故宫的文物保护修复，正是在充分认知文物价值的前提下，将科学技术与传统技艺结合的体现。
2025年是故宫博物院建院100周年。习近平总书记指出，新起点上，故宫博物院要发扬优良传统，坚持文物属于人民、服务人民，加强文物保护修复，提高文物活化利用水平。
文博热、非遗热不断升温。2025年，故宫博物院继续加强文物保护修复，做好文物展览展示，持续扩大开放面积。“百年守护”大展，让观众再睹《清明上河图》《伯远帖》等国宝级文物的真容；历经25年的保护修缮，宁寿宫花园前两进院落对公众开放；养心殿历经10年修复，重新迎来游客。
“文物保护修复需要扎实技艺，更要充分认识到其历史价值、科学价值和艺术价值。”屈峰介绍，文保修复部2025年组织金属文物修复组，对太和殿门前的铜缸进行保护修复；组织漆器文物修复组和镶嵌文物修复组，修复宁寿宫花园部分修复难度较大的文物。最复杂的要数养心殿的修复，他们组织力量修复内檐装修，总共修复了600多件贴落文物。
屈峰说：“新的一年，我们要以习近平总书记重要讲话为指引，继续加强力量投入、提升技术水平、加大科研攻关力度，深入研究文物病害成因及保护修复方法，让更多文物得到科学的保护与修复，更好实现健康传承。”
西藏定日县曲洛乡措昂村村民阿旺曲宗——
用双手创造热气腾腾的新生活
本报记者  徐驭尧
习近平主席在新年贺词中指出：“柴米油盐、三餐四季，每个‘小家’热气腾腾，中国这个‘大家’就蒸蒸日上。”
珠峰脚下，朋曲河畔，一片崭新的藏式小楼错落有致。这是西藏日喀则市定日县曲洛乡措昂村村民们的新家。屋内暖意融融，村民阿旺曲宗一家围坐在电视前，收看习近平主席发表新年贺词。
阿旺曲宗说：“对我们这个‘小家’来说，2025年是很特殊的一年，有遭遇地震后的悲痛，也有重建时的干劲，更有入住新家的喜悦。”
2025年1月，一场突如其来的地震让阿旺曲宗失去了家园。地震当天，救援力量进驻；4天后，村民入住板房；9月，拿到了新家的钥匙……
重建过程中，阿旺曲宗参与清理废旧材料等，丈夫边巴是货车司机，运送重建所需的各种材料。像阿旺曲宗一样，不少村民主动参与新家园的建设。
从打地基到浇筑、封顶、装饰，阿旺曲宗见证和参与了措昂村重建的点点滴滴。“看到钢筋那么粗，我们心里高兴，新家肯定无比坚固！”她回忆。
阿旺曲宗搬进160多平方米的新家，购置了家具，把新居布置得温暖、舒适。“我可以骄傲地告诉孩子们，妈妈亲手参与了新家的建设。”她说。
住进新家的阿旺曲宗对未来充满期待：“新的一年，我们一定牢记嘱托，听党话、跟党走，用双手创造热气腾腾的新生活。”
海南国际船舶登记管理局职工王程——
吸引更多国际船舶安家海南
本报记者  孙海天
海风拂过洋浦港，巨轮鸣笛起航。海南国际船舶登记管理局登记服务处处长王程为一艘国际船舶办理完注册业务。他打开手机，收看习近平主席发表新年贺词。
习近平主席提到，海南自贸港全岛封关运作。自贸港90后建设者王程心潮澎湃：“我们要通过实践探索，让船舶进得来、留得住、航得远。”
2025年12月18日，海南自贸港正式启动全岛封关，航运企业纷纷加速布局海南。王程所在的登记服务处，是船舶进入自贸港的“第一道门”。为让更多航运企业尽快完成布局，王程和团队有时加班到凌晨，协助企业核对几百页的申请材料。
过去一年，王程和同事优化流程，将船舶登记办结时限从“工作日级”压缩至“分钟级”；完成境内首艘享受出口退税政策的融资租赁企业所属船舶登记。
随着全岛封关正式启动，“一线放开”的政策红利进一步释放；零关税“负面清单”管理的实施，将会有更多境外特种船舶驶来。目前，“中国洋浦港”船籍港登记船舶数量达82艘，总载重吨位居全国自贸港（区）首位。新的一年，王程充满干劲：“我们要下更大功夫，吸引更多国际船舶安家海南。”","# 一起为梦想奋斗、为幸福打拼

## ——习近平主席新年贺词鼓舞广大干部群众坚定信心阔步而行

> 《人民日报》（2026年01月01日第 03 版）

岁月不居，万象更新。新的一年到来之际，习近平主席发表二〇二六年新年贺词，向每一位辛勤付出的奋斗者致敬。

2025年是“十四五”收官之年。5年来，我们挥洒汗水、拼搏奉献。在田间、在工地，在川流不息的街市、在繁忙运转的工厂，每一个辛勤劳动的身影，共同铸就欣欣向荣的中国。

时光的长河奔腾向前，新的航程已在脚下。2026年，“十五五”开局之年，让我们一起为梦想奋斗、为幸福打拼，齐心协力，把宏伟愿景变成美好现实。

——编  者

中国农业大学教授丛汶峰——

扎根田间助农增产增收

本报记者  吴  月

习近平主席在新年贺词中强调：“5年历程极不寻常，成绩来之不易。大家拼搏进取、耕耘奉献，铸就了欣欣向荣的中国。”

“十四五”时期，我国粮食年产量由2021年的13657亿斤增至2025年的14297.5亿斤。“作为农业科技工作者，我深切感受到，农业的欣欣向荣，是亿万农人用汗水浇灌、拼搏耕耘而来的。”中国农业大学资源与环境学院教授丛汶峰说。

中国农业大学与河北曲周县通过校地合作，整建制推进“绿色吨半粮”行动，为实现冬小麦、夏玉米周年产量达到每亩1.5吨以上的目标努力。丛汶峰与同事们带领科技小院的学生，在多个千亩示范方攻关。

2025年，当地冬小麦遭低温干旱寡照，夏玉米先遇高温，又经连续阴雨。团队驻扎科技小院200多天，一方面创新并应用绿色智能肥料、肥水精准调控及深耕培肥等绿色高产高效技术；另一方面通过技术培训，带动农户提高种植本领。

10月16日的测产结果令人惊喜。以曲周县第四疃镇王庄村的千亩方为例，冬小麦、夏玉米全年亩产共达1557.4公斤。

更让人难忘的是，测产那天是世界粮食日，也是中国农业大学建校120周年校庆日。大家读到习近平总书记给中国农业大学全体师生的回信，“矢志强农报国”的嘱托，深深印在师生心中。

眼下，麦田里正孕育着新的希望。丛汶峰说：“我们将继续把论文写在辽阔田野上，创新绿色高产高效技术与产品，带动更多地区实现农业增产、农民增收。”

福建舰导航雷达班班长安永国——

练就可靠高效的“深蓝之眼”

本报记者  金正波

忙完系统装备的日常巡检，福建舰导航雷达班班长安永国和战友们快步走进餐厅。全体官兵着装整齐，目光投向屏幕，认真收看习近平主席发表新年贺词。

“习主席在新年贺词中提到，首艘电磁弹射型航母正式入列。作为福建舰的一员，我深感责任重大，使命光荣。”安永国说，导航雷达是舰船的“眼睛”，岗位虽在方寸间，守护的却是航行的安全。

对安永国而言，2025年极不平凡。这一年，纪念中国人民抗日战争暨世界反法西斯战争胜利80周年大会隆重举行。“在电视上看到共和国的钢铁长城方阵如山、气势如虹，作为军人，我内心澎湃。”安永国说。

2025年，福建舰入列。作为福建舰首批舰员，安永国光荣接受习主席检阅。“2019年作为山东舰舰员，我也曾接受习主席检阅。”安永国倍感自豪。

光阴流转，从一名新兵成长为专业骨干，安永国不仅熟练掌握雷达操作、设备调试、故障排查等技能，更多次带领全班完成复杂海况下的导航保障任务。

习近平主席在新年贺词中的殷切嘱托，让安永国充满干劲：“入列，是守护海疆新的起点。新的一年，我将带领班员深钻精研专业知识，把技能练到极致，让导航雷达成为最可靠、最高效的‘深蓝之眼’。”

安永国坚信，全舰官兵共同努力，福建舰的作战力量体系将更加完善，人民海军远海防卫能力将得到新的跃升。

（龙驰参与采写）

宇树科技创始人王兴兴——

推动机器人赋能千行百业

本报记者  窦  皓

完成一天的工作，宇树科技创始人王兴兴打开手机，收看习近平主席发表新年贺词。

习近平主席在新年贺词中提到创新成果竞相涌现，“人形机器人亮出‘功夫模式’”。作为具身智能机器人行业的创业者，王兴兴深感国家对科技创新的高度重视，这鼓舞他在新的一年继续勇闯技术“无人区”，推动机器人赋能千行百业。

2025年2月，习近平总书记出席民营企业座谈会并发表重要讲话强调，新时代新征程民营经济发展前景广阔、大有可为，广大民营企业和民营企业家大显身手正当其时。王兴兴是民营企业负责人代表之一，在会上发言。谈及那一刻，他非常激动：“得益于我国完备的产业链与广阔市场，从技术研发到产品落地，我们在具身智能领域持续探索。”

作为一家主要研发生产四足机器人、人形机器人的民用机器人企业，宇树科技实现了电机、减速器、控制器、激光雷达等关键零部件以及高性能感知和运动控制算法的自主研发。

从产品研发到交流研讨，王兴兴十分忙碌。眼下，他将部分精力用于推动机器人商业化进程。“我们正在对新一代通用机器人平台进行深度技术融合与场景打磨。”王兴兴说，“未来有望通过通用平台实现从任务理解到执行的全流程智能化，让机器人在更多应用场景发挥作用。”

新的一年，宇树科技计划推出更先进的机器人。“科技创新要扎根于产业需求。”王兴兴说，团队将进一步加大科研投入，不断开发新技术新产品。

故宫博物院文保工作者屈峰——

科学保护修复故宫文物

本报记者  周飞亚

习近平主席在新年贺词中指出：“传统与现代交融，中华文化绽放更加灿烂的光芒。”

故宫博物院文保修复部主任屈峰介绍，故宫的文物保护修复，正是在充分认知文物价值的前提下，将科学技术与传统技艺结合的体现。

2025年是故宫博物院建院100周年。习近平总书记指出，新起点上，故宫博物院要发扬优良传统，坚持文物属于人民、服务人民，加强文物保护修复，提高文物活化利用水平。

文博热、非遗热不断升温。2025年，故宫博物院继续加强文物保护修复，做好文物展览展示，持续扩大开放面积。“百年守护”大展，让观众再睹《清明上河图》《伯远帖》等国宝级文物的真容；历经25年的保护修缮，宁寿宫花园前两进院落对公众开放；养心殿历经10年修复，重新迎来游客。

“文物保护修复需要扎实技艺，更要充分认识到其历史价值、科学价值和艺术价值。”屈峰介绍，文保修复部2025年组织金属文物修复组，对太和殿门前的铜缸进行保护修复；组织漆器文物修复组和镶嵌文物修复组，修复宁寿宫花园部分修复难度较大的文物。最复杂的要数养心殿的修复，他们组织力量修复内檐装修，总共修复了600多件贴落文物。

屈峰说：“新的一年，我们要以习近平总书记重要讲话为指引，继续加强力量投入、提升技术水平、加大科研攻关力度，深入研究文物病害成因及保护修复方法，让更多文物得到科学的保护与修复，更好实现健康传承。”

西藏定日县曲洛乡措昂村村民阿旺曲宗——

用双手创造热气腾腾的新生活

本报记者  徐驭尧

习近平主席在新年贺词中指出：“柴米油盐、三餐四季，每个‘小家’热气腾腾，中国这个‘大家’就蒸蒸日上。”

珠峰脚下，朋曲河畔，一片崭新的藏式小楼错落有致。这是西藏日喀则市定日县曲洛乡措昂村村民们的新家。屋内暖意融融，村民阿旺曲宗一家围坐在电视前，收看习近平主席发表新年贺词。

阿旺曲宗说：“对我们这个‘小家’来说，2025年是很特殊的一年，有遭遇地震后的悲痛，也有重建时的干劲，更有入住新家的喜悦。”

2025年1月，一场突如其来的地震让阿旺曲宗失去了家园。地震当天，救援力量进驻；4天后，村民入住板房；9月，拿到了新家的钥匙……

重建过程中，阿旺曲宗参与清理废旧材料等，丈夫边巴是货车司机，运送重建所需的各种材料。像阿旺曲宗一样，不少村民主动参与新家园的建设。

从打地基到浇筑、封顶、装饰，阿旺曲宗见证和参与了措昂村重建的点点滴滴。“看到钢筋那么粗，我们心里高兴，新家肯定无比坚固！”她回忆。

阿旺曲宗搬进160多平方米的新家，购置了家具，把新居布置得温暖、舒适。“我可以骄傲地告诉孩子们，妈妈亲手参与了新家的建设。”她说。

住进新家的阿旺曲宗对未来充满期待：“新的一年，我们一定牢记嘱托，听党话、跟党走，用双手创造热气腾腾的新生活。”

海南国际船舶登记管理局职工王程——

吸引更多国际船舶安家海南

本报记者  孙海天

海风拂过洋浦港，巨轮鸣笛起航。海南国际船舶登记管理局登记服务处处长王程为一艘国际船舶办理完注册业务。他打开手机，收看习近平主席发表新年贺词。

习近平主席提到，海南自贸港全岛封关运作。自贸港90后建设者王程心潮澎湃：“我们要通过实践探索，让船舶进得来、留得住、航得远。”

2025年12月18日，海南自贸港正式启动全岛封关，航运企业纷纷加速布局海南。王程所在的登记服务处，是船舶进入自贸港的“第一道门”。为让更多航运企业尽快完成布局，王程和团队有时加班到凌晨，协助企业核对几百页的申请材料。

过去一年，王程和同事优化流程，将船舶登记办结时限从“工作日级”压缩至“分钟级”；完成境内首艘享受出口退税政策的融资租赁企业所属船舶登记。

随着全岛封关正式启动，“一线放开”的政策红利进一步释放；零关税“负面清单”管理的实施，将会有更多境外特种船舶驶来。目前，“中国洋浦港”船籍港登记船舶数量达82艘，总载重吨位居全国自贸港（区）首位。新的一年，王程充满干劲：“我们要下更大功夫，吸引更多国际船舶安家海南。”",,要闻,,https://paper.people.com.cn/rmrb/pc/content/202601/01/content_30128717.html,2026-01-01,"['习近平', '修复', '2025', '新年贺词', '阿旺', '文物', '曲宗', '机器人', '安永国', '王兴兴']","岁月不居，万象更新。新的一年到来之际，习近平主席发表二〇二六年新年贺词，向每一位辛勤付出的奋斗者致敬。
2025年是“十四五”收官之年。5年来，我们挥洒汗水、拼搏奉献。在田间、在工地，在川流不息的街市、在繁忙运转的工厂，每一个辛勤劳动的身影，共同铸就欣欣向荣的中国。
时光的长河奔腾向前，新的航程已在脚下。2026年，“十五五”开局之年，让我们一起为梦想奋斗、为幸福打拼，齐心协力，把宏伟愿景变成美好现实。",政治,,,[]
满怀信心  砥砺奋进  开创新局（社论）,"迎着朝阳，再启新程。新的一年，新的奋进。
刚刚走过的2025年，很不平凡、令人难忘，在中国式现代化进程中具有重要意义，在岁月的长河中镌刻下深深的印迹。
这一年，我们集中力量办好自己的事，以高质量发展的确定性应对各种不确定性。经济总量预计达到140万亿元左右，粮食再次实现高位增产，科技创新成果令人振奋，新质生产力勃发奔涌，现代化产业体系建设持续推进，进一步全面深化改革步履坚实，民生答卷温暖人心，我国经济底盘夯实、运行稳健、向新向优发展。
这一年，我们坚定不移扩大对外开放，以中国发展的稳定性为世界注入正能量。进博会按年计意向成交额再创历史新高，释放中国超大规模市场的“磁吸力”。海南自贸港正式启动全岛封关运作，见证高水平对外开放的稳步推进。上合组织天津峰会成功举办，全球治理倡议为改革完善全球治理体系提供了中国方案。
这一年，我们无惧风雨、顶压前行，在战胜困难风险中牢牢把握战略主动。胸怀两个大局，立足实体经济这个根基，坚持扩大内需这个战略基点，苦练内功，深挖潜能。统筹国内经济工作和国际经贸斗争，有效化解重点领域风险，坚定维护自身正当权益，彰显了硬核实力。隆重纪念中国人民抗日战争暨世界反法西斯战争胜利80周年，弘扬伟大抗战精神，从胜利中汲取奋勇前进的强大力量。
“以人民之心为心、以天下之利为利”，习近平总书记的重要论断，揭示了中国发展的信心所在、底气所在、力量所在。回望过去5年，我们有效应对各种冲击挑战，我国经济实力、科技实力、国防实力、综合国力跃上新台阶，“十四五”圆满收官，第二个百年奋斗目标新征程实现良好开局，中华民族伟大复兴势不可挡。这充分彰显了“两个确立”的决定性意义，更加坚定了我们在党中央坚强领导下砥砺奋进的从容与自信。
关键时期、承前启后，党的二十届四中全会审议通过“十五五”规划建议，为未来5年中国发展擘画蓝图，也向世界提供了一份“机遇清单”。2026年是“十五五”开局之年，良好的开局是成功的一半。面对深刻复杂变化的环境，面对老问题新挑战，我们要把握发展大势，增强必胜信心，用好“四大优势”，确保“十五五”开好局、起好步，续写经济快速发展和社会长期稳定两大奇迹新篇章。
开好局、起好步，我们要保持定力耐力。现代化是一场长跑。从积贫积弱的农业国到世界第一制造业大国、第二大经济体，多少风风雨雨，我们接续奋斗，成功推进和拓展了中国式现代化，开辟了人类迈向现代化的新道路。面向未来，时、势、义都在我们这一边。牢固树立大历史观，坚持胸怀天下，咬定青山不放松，不为各种风险所惧，朝着既定战略目标，保持历史耐心和稳定节奏，一年接着一年干，定能跑好历史的接力棒，为基本实现社会主义现代化奠定更加坚实的基础。
开好局、起好步，我们要发扬历史主动精神。历史发展有其规律。把握规律、抓住时机，顺势而为、奋发有为，这是我们历经风雨洗礼而不断发展壮大的奥秘所在，也是对新征程上应变局、开新局的重要昭示。前进道路不可能一马平川，必定会有艰难险阻，必然遇到重大考验。我们要善于识变应变求变，稳中求进、积极作为，以越是艰险越向前的气概克难关、战风险、迎挑战，在披荆斩棘中筑就通途，在惊涛骇浪中始终立于不败之地。
开好局、起好步，我们要勠力同心、实干担当。路虽远，行则将至。实现梦想，归根结底要靠实干。回首来路，正是亿万人民团结一心、同舟共济，把一个个“不可能”变成了“一定能”。眺望前方，把每一个“小我”融入民族复兴的“大我”，才能用汗水和奋斗打拼出国家发展进步的光明前景、创造更加幸福美好的生活。坚持站在人民立场上考虑问题，为人民出政绩，以实干出政绩，当好坚定行动派、实干家，汇聚起推进中国式现代化的磅礴力量，任何困难都无法阻挡中国人民前进的步伐！
2026年是红军长征胜利90周年。90年前那场伟大的远征，树立起从苦难走向辉煌的精神丰碑。走在新时代的长征路上，我们壮志满怀、信心满怀。更加紧密地团结在以习近平同志为核心的党中央周围，全面贯彻习近平新时代中国特色社会主义思想，增强“四个意识”、坚定“四个自信”、做到“两个维护”，以坚如磐石的信念、只争朝夕的劲头、坚韧不拔的毅力，为基本实现社会主义现代化而共同奋斗，一定能不断开创以中国式现代化全面推进强国建设、民族复兴伟业新局面。
向前进，向着壮阔的前程挺进！","# 满怀信心  砥砺奋进  开创新局（社论）

## ——元旦献词

> 《人民日报》（2026年01月01日第 04 版）

迎着朝阳，再启新程。新的一年，新的奋进。

刚刚走过的2025年，很不平凡、令人难忘，在中国式现代化进程中具有重要意义，在岁月的长河中镌刻下深深的印迹。

这一年，我们集中力量办好自己的事，以高质量发展的确定性应对各种不确定性。经济总量预计达到140万亿元左右，粮食再次实现高位增产，科技创新成果令人振奋，新质生产力勃发奔涌，现代化产业体系建设持续推进，进一步全面深化改革步履坚实，民生答卷温暖人心，我国经济底盘夯实、运行稳健、向新向优发展。

这一年，我们坚定不移扩大对外开放，以中国发展的稳定性为世界注入正能量。进博会按年计意向成交额再创历史新高，释放中国超大规模市场的“磁吸力”。海南自贸港正式启动全岛封关运作，见证高水平对外开放的稳步推进。上合组织天津峰会成功举办，全球治理倡议为改革完善全球治理体系提供了中国方案。

这一年，我们无惧风雨、顶压前行，在战胜困难风险中牢牢把握战略主动。胸怀两个大局，立足实体经济这个根基，坚持扩大内需这个战略基点，苦练内功，深挖潜能。统筹国内经济工作和国际经贸斗争，有效化解重点领域风险，坚定维护自身正当权益，彰显了硬核实力。隆重纪念中国人民抗日战争暨世界反法西斯战争胜利80周年，弘扬伟大抗战精神，从胜利中汲取奋勇前进的强大力量。

“以人民之心为心、以天下之利为利”，习近平总书记的重要论断，揭示了中国发展的信心所在、底气所在、力量所在。回望过去5年，我们有效应对各种冲击挑战，我国经济实力、科技实力、国防实力、综合国力跃上新台阶，“十四五”圆满收官，第二个百年奋斗目标新征程实现良好开局，中华民族伟大复兴势不可挡。这充分彰显了“两个确立”的决定性意义，更加坚定了我们在党中央坚强领导下砥砺奋进的从容与自信。

关键时期、承前启后，党的二十届四中全会审议通过“十五五”规划建议，为未来5年中国发展擘画蓝图，也向世界提供了一份“机遇清单”。2026年是“十五五”开局之年，良好的开局是成功的一半。面对深刻复杂变化的环境，面对老问题新挑战，我们要把握发展大势，增强必胜信心，用好“四大优势”，确保“十五五”开好局、起好步，续写经济快速发展和社会长期稳定两大奇迹新篇章。

开好局、起好步，我们要保持定力耐力。现代化是一场长跑。从积贫积弱的农业国到世界第一制造业大国、第二大经济体，多少风风雨雨，我们接续奋斗，成功推进和拓展了中国式现代化，开辟了人类迈向现代化的新道路。面向未来，时、势、义都在我们这一边。牢固树立大历史观，坚持胸怀天下，咬定青山不放松，不为各种风险所惧，朝着既定战略目标，保持历史耐心和稳定节奏，一年接着一年干，定能跑好历史的接力棒，为基本实现社会主义现代化奠定更加坚实的基础。

开好局、起好步，我们要发扬历史主动精神。历史发展有其规律。把握规律、抓住时机，顺势而为、奋发有为，这是我们历经风雨洗礼而不断发展壮大的奥秘所在，也是对新征程上应变局、开新局的重要昭示。前进道路不可能一马平川，必定会有艰难险阻，必然遇到重大考验。我们要善于识变应变求变，稳中求进、积极作为，以越是艰险越向前的气概克难关、战风险、迎挑战，在披荆斩棘中筑就通途，在惊涛骇浪中始终立于不败之地。

开好局、起好步，我们要勠力同心、实干担当。路虽远，行则将至。实现梦想，归根结底要靠实干。回首来路，正是亿万人民团结一心、同舟共济，把一个个“不可能”变成了“一定能”。眺望前方，把每一个“小我”融入民族复兴的“大我”，才能用汗水和奋斗打拼出国家发展进步的光明前景、创造更加幸福美好的生活。坚持站在人民立场上考虑问题，为人民出政绩，以实干出政绩，当好坚定行动派、实干家，汇聚起推进中国式现代化的磅礴力量，任何困难都无法阻挡中国人民前进的步伐！

2026年是红军长征胜利90周年。90年前那场伟大的远征，树立起从苦难走向辉煌的精神丰碑。走在新时代的长征路上，我们壮志满怀、信心满怀。更加紧密地团结在以习近平同志为核心的党中央周围，全面贯彻习近平新时代中国特色社会主义思想，增强“四个意识”、坚定“四个自信”、做到“两个维护”，以坚如磐石的信念、只争朝夕的劲头、坚韧不拔的毅力，为基本实现社会主义现代化而共同奋斗，一定能不断开创以中国式现代化全面推进强国建设、民族复兴伟业新局面。

向前进，向着壮阔的前程挺进！",,要闻,,https://paper.people.com.cn/rmrb/pc/content/202601/01/content_30128800.html,2026-01-01,"['现代化', '开好局', '起好步', '我们', '中国式', '实干', '奋进', '发展', '一年', '坚定']","迎着朝阳，再启新程。新的一年，新的奋进。
刚刚走过的2025年，很不平凡、令人难忘，在中国式现代化进程中具有重要意义，在岁月的长河中镌刻下深深的印迹。
这一年，我们集中力量办好自己的事，以高质量发展的确定性应对各种不确定性。经济总量预计达到140万亿元左右，粮食再次实现高位增产，科技创新成果令人振奋，新质生产力勃发奔涌，现代化产业体系建设持续推进，进一步全面深化改革步履坚实，民生答卷温暖人心，我国经济底盘夯实、运行稳健、向新向优发展。",政治,,,[]
为共赴“十五五”新征程凝聚奋进力量,"“山海寻梦，不觉其远；前路迢迢，阔步而行。”新年前夕，国家主席习近平发表二〇二六年新年贺词，海外华侨华人第一时间收听收看。他们对本报记者表示，新年贺词回望“十四五”辉煌成就，总结过去一年不平凡历程，饱含民生温度，激荡奋进豪情，感召海内外中华儿女凝心聚力、勇毅前行，为共赴“十五五”新征程、拓展中国式现代化光明前景凝聚奋进力量。
“激荡起全体中华儿女的共同家国情怀”
“习近平主席的新年贺词让我们感受到来自祖（籍）国的关怀，也让我们为祖（籍）国取得的伟大成就深感振奋和骄傲！”连续多年第一时间聆听习近平主席新年贺词的俄罗斯中国和平统一促进会暨俄罗斯华侨华人联合总会常务副会长原毅说，2025年是“十四五”收官之年，中国圆满完成目标任务，在中国式现代化新征程上迈出稳健步伐。“隆重纪念中国人民抗日战争暨世界反法西斯战争胜利80周年，设立台湾光复纪念日，一系列重大事件，激荡起全体中华儿女的共同家国情怀，凝聚起推进强国建设、实现祖国统一、共赴民族复兴的磅礴力量。”
“聆听习近平主席的新年贺词，已成为海外华侨华人迎接新年的重要内容。”巴西中国和平统一促进会会长张小春表示，习近平主席的新年贺词让身在异国他乡的华侨华人更清晰感知到祖（籍）国发展的脉动，感受到与祖（籍）国同频共振的情感联接。“新年贺词中提到的‘以文化滋养精神家园’‘共创共享美好生活’等内容，给我留下深刻印象。这些充满力量的话语，充分体现了中国始终把人民放在最重要的位置。”
“从天问二号等科技创新成就，到悟空和哪吒风靡全球，再到新就业群体权益保障等民生细节，习近平主席的新年贺词让我真切感受到国家发展的温度与情怀。”阿联酋中华工商总会执行会长张冰洋表示，新年贺词还提到“继续敞开胸怀拥抱世界”，彰显了中国坚持开放合作的坚定姿态。“中国的开放不仅展现了大国担当，更为我们搭建了广阔的发展平台。我们将充分发挥桥梁纽带作用，为中阿交往合作倾尽力量。”
西班牙中国工商联合会主席陈胜利说，多年来，习近平主席的新年贺词始终充满以人民为中心的深厚情怀。“朴实真挚的祝福、温暖人心的话语直抵人心，让远在异乡的我们对‘十五五’开启崭新篇章、对祖（籍）国的美好未来满怀信心与期许。”
“释放的稳定性与确定性令人深受鼓舞”
泰国中华总商会副主席暨各行业公会联合会执行主任李桂雄表示，从人工智能大模型你追我赶，到量子计算、脑机接口等前沿领域涌现的“中国智慧”，中国科技创新在2025年实现系统性突破，这些成就不仅为高质量发展注入澎湃动能，也极大提升了海外华侨华人的民族自豪感。“中国始终坚持真正的多边主义，致力于构建人类命运共同体，不仅是维护世界和平的‘稳定锚’，更是推动全球发展的‘主引擎’。通过高质量共建‘一带一路’、举办重要展会、扩大免签‘朋友圈’等一系列务实举措，中国为包括泰国在内的世界各国带来了实实在在的发展机遇。”
“过去的一年，中国经济在高质量发展轨道上稳健前行，产业结构持续优化，为世界经济提供了宝贵的稳定性和确定性。在埃及，中国企业与技术在新能源、基础设施等领域的合作项目扎实推进，不仅促进了当地发展，也提升了中国品牌美誉度。”埃及中华总会会长王培中表示。
“当前世界变乱交织、不确定性显著上升，中国坚持以高质量发展和深化改革开放应对风险挑战，释放的稳定性与确定性令人深受鼓舞。”德中友好协会联合会副主席王耀箴表示，过去一年，中国在人工智能、绿色能源、先进制造等领域的新突破，为中德务实合作拓展了新空间，也为旅德华侨华人发展提供了更稳固可预期的环境。“未来，我们将立足民间，通过文化交流、青年合作、务实对话等方式，为两国关系行稳致远贡献侨界力量。”
“为祖（籍）国繁荣发展贡献华侨华人力量”
“身处海外，我们切实感受到中国高质量发展为中外经贸合作带来的广阔机遇。”韩国中华总商会常务副会长兼青商团长李博说，习近平主席的新年贺词再次表明，中国始终敞开胸怀拥抱世界，积极引领多边合作进程。2025年，中国持续为亚太经济复苏和区域发展凝聚共识、贡献智慧。2026年，亚太经合组织一系列会议将在中国举办，充分体现国际社会对中国发展道路和治理能力的高度认可。海外侨胞将继续发挥桥梁纽带作用，为促进中外交流合作、推动构建人类命运共同体贡献侨界力量。
南非开普敦华星艺术团团长董钢说，2026年是“十五五”开局之年，习近平主席发表的新年贺词让华侨华人对祖（籍）国发展满怀憧憬。相信中国将在新质生产力、科技创新上持续突破，为全球南方合作提供更多技术方案。“新的一年，我们海外侨胞将始终与祖（籍）国同心同向，以实际行动践行人类命运共同体理念，在中南合作的广阔舞台上勇毅前行，为两国友谊添砖加瓦，也为祖（籍）国繁荣发展贡献华侨华人力量。”
“锚定新征程，共绘美好未来。旅居海外的华侨华人既是中外交流的见证者，更要做务实合作的推动者。我们将继续发挥融通中外的独特优势，积极搭建桥梁，推动所在国优质资源与中国市场对接，促进文明互鉴，聚焦新兴产业开展跨境创新合作，让侨智侨力成为中外友好的坚实纽带，为构建人类命运共同体贡献绵薄之力。”奥地利华人总会荣誉会长郑成义表示，新的一年，愿中国高质量发展再谱新篇，盼民生保障更暖人心，更期待中国在全球治理中持续发挥建设性作用。
（本报北京、莫斯科、里约热内卢、迪拜、马德里、曼谷、开罗、柏林、首尔、约翰内斯堡12月31日电  记者周輖、于宏建、陈一鸣、管克江、颜欢、章念生、黄培昭、刘仲华、莽九晨、郑翔）","# 为共赴“十五五”新征程凝聚奋进力量

## ​——习近平主席新年贺词引发海外华侨华人热烈反响

> 《人民日报》（2026年01月01日第 04 版）

“山海寻梦，不觉其远；前路迢迢，阔步而行。”新年前夕，国家主席习近平发表二〇二六年新年贺词，海外华侨华人第一时间收听收看。他们对本报记者表示，新年贺词回望“十四五”辉煌成就，总结过去一年不平凡历程，饱含民生温度，激荡奋进豪情，感召海内外中华儿女凝心聚力、勇毅前行，为共赴“十五五”新征程、拓展中国式现代化光明前景凝聚奋进力量。

**“激荡起全体中华儿女的共同家国情怀”**

“习近平主席的新年贺词让我们感受到来自祖（籍）国的关怀，也让我们为祖（籍）国取得的伟大成就深感振奋和骄傲！”连续多年第一时间聆听习近平主席新年贺词的俄罗斯中国和平统一促进会暨俄罗斯华侨华人联合总会常务副会长原毅说，2025年是“十四五”收官之年，中国圆满完成目标任务，在中国式现代化新征程上迈出稳健步伐。“隆重纪念中国人民抗日战争暨世界反法西斯战争胜利80周年，设立台湾光复纪念日，一系列重大事件，激荡起全体中华儿女的共同家国情怀，凝聚起推进强国建设、实现祖国统一、共赴民族复兴的磅礴力量。”

“聆听习近平主席的新年贺词，已成为海外华侨华人迎接新年的重要内容。”巴西中国和平统一促进会会长张小春表示，习近平主席的新年贺词让身在异国他乡的华侨华人更清晰感知到祖（籍）国发展的脉动，感受到与祖（籍）国同频共振的情感联接。“新年贺词中提到的‘以文化滋养精神家园’‘共创共享美好生活’等内容，给我留下深刻印象。这些充满力量的话语，充分体现了中国始终把人民放在最重要的位置。”

“从天问二号等科技创新成就，到悟空和哪吒风靡全球，再到新就业群体权益保障等民生细节，习近平主席的新年贺词让我真切感受到国家发展的温度与情怀。”阿联酋中华工商总会执行会长张冰洋表示，新年贺词还提到“继续敞开胸怀拥抱世界”，彰显了中国坚持开放合作的坚定姿态。“中国的开放不仅展现了大国担当，更为我们搭建了广阔的发展平台。我们将充分发挥桥梁纽带作用，为中阿交往合作倾尽力量。”

西班牙中国工商联合会主席陈胜利说，多年来，习近平主席的新年贺词始终充满以人民为中心的深厚情怀。“朴实真挚的祝福、温暖人心的话语直抵人心，让远在异乡的我们对‘十五五’开启崭新篇章、对祖（籍）国的美好未来满怀信心与期许。”

**“释放的稳定性与确定性令人深受鼓舞”**

泰国中华总商会副主席暨各行业公会联合会执行主任李桂雄表示，从人工智能大模型你追我赶，到量子计算、脑机接口等前沿领域涌现的“中国智慧”，中国科技创新在2025年实现系统性突破，这些成就不仅为高质量发展注入澎湃动能，也极大提升了海外华侨华人的民族自豪感。“中国始终坚持真正的多边主义，致力于构建人类命运共同体，不仅是维护世界和平的‘稳定锚’，更是推动全球发展的‘主引擎’。通过高质量共建‘一带一路’、举办重要展会、扩大免签‘朋友圈’等一系列务实举措，中国为包括泰国在内的世界各国带来了实实在在的发展机遇。”

“过去的一年，中国经济在高质量发展轨道上稳健前行，产业结构持续优化，为世界经济提供了宝贵的稳定性和确定性。在埃及，中国企业与技术在新能源、基础设施等领域的合作项目扎实推进，不仅促进了当地发展，也提升了中国品牌美誉度。”埃及中华总会会长王培中表示。

“当前世界变乱交织、不确定性显著上升，中国坚持以高质量发展和深化改革开放应对风险挑战，释放的稳定性与确定性令人深受鼓舞。”德中友好协会联合会副主席王耀箴表示，过去一年，中国在人工智能、绿色能源、先进制造等领域的新突破，为中德务实合作拓展了新空间，也为旅德华侨华人发展提供了更稳固可预期的环境。“未来，我们将立足民间，通过文化交流、青年合作、务实对话等方式，为两国关系行稳致远贡献侨界力量。”

**“为祖（籍）国繁荣发展贡献华侨华人力量”**

“身处海外，我们切实感受到中国高质量发展为中外经贸合作带来的广阔机遇。”韩国中华总商会常务副会长兼青商团长李博说，习近平主席的新年贺词再次表明，中国始终敞开胸怀拥抱世界，积极引领多边合作进程。2025年，中国持续为亚太经济复苏和区域发展凝聚共识、贡献智慧。2026年，亚太经合组织一系列会议将在中国举办，充分体现国际社会对中国发展道路和治理能力的高度认可。海外侨胞将继续发挥桥梁纽带作用，为促进中外交流合作、推动构建人类命运共同体贡献侨界力量。

南非开普敦华星艺术团团长董钢说，2026年是“十五五”开局之年，习近平主席发表的新年贺词让华侨华人对祖（籍）国发展满怀憧憬。相信中国将在新质生产力、科技创新上持续突破，为全球南方合作提供更多技术方案。“新的一年，我们海外侨胞将始终与祖（籍）国同心同向，以实际行动践行人类命运共同体理念，在中南合作的广阔舞台上勇毅前行，为两国友谊添砖加瓦，也为祖（籍）国繁荣发展贡献华侨华人力量。”

“锚定新征程，共绘美好未来。旅居海外的华侨华人既是中外交流的见证者，更要做务实合作的推动者。我们将继续发挥融通中外的独特优势，积极搭建桥梁，推动所在国优质资源与中国市场对接，促进文明互鉴，聚焦新兴产业开展跨境创新合作，让侨智侨力成为中外友好的坚实纽带，为构建人类命运共同体贡献绵薄之力。”奥地利华人总会荣誉会长郑成义表示，新的一年，愿中国高质量发展再谱新篇，盼民生保障更暖人心，更期待中国在全球治理中持续发挥建设性作用。

（本报北京、莫斯科、里约热内卢、迪拜、马德里、曼谷、开罗、柏林、首尔、约翰内斯堡12月31日电  记者周輖、于宏建、陈一鸣、管克江、颜欢、章念生、黄培昭、刘仲华、莽九晨、郑翔）",,要闻,,https://paper.people.com.cn/rmrb/pc/content/202601/01/content_30128801.html,2026-01-01,"['新年贺词', '华人', '习近平', '华侨', '中国', '主席', '发展', '合作', '高质量', '力量']","“山海寻梦，不觉其远；前路迢迢，阔步而行。”新年前夕，国家主席习近平发表二〇二六年新年贺词，海外华侨华人第一时间收听收看。他们对本报记者表示，新年贺词回望“十四五”辉煌成就，总结过去一年不平凡历程，饱含民生温度，激荡奋进豪情，感召海内外中华儿女凝心聚力、勇毅前行，为共赴“十五五”新征程、拓展中国式现代化光明前景凝聚奋进力量。
“激荡起全体中华儿女的共同家国情怀”
“习近平主席的新年贺词让我们感受到来自祖（籍）国的关怀，也让我们为祖（籍）国取得的伟大成就深感振奋和骄傲！”连续多年第一时间聆听习近平主席新年贺词的俄罗斯中国和平统一促进会暨俄罗斯华侨华人联合总会常务副会长原毅说，2025年是“十四五”收官之年，中国圆满完成目标任务，在中国式现代化新征程上迈出稳健步伐。“隆重纪念中国人民抗日战争暨世界反法西斯战争胜利80周年，设立台湾光复纪念日，一系列重大事件，激荡起全体中华儿女的共同家国情怀，凝聚起推进强国建设、实现祖国统一、共赴民族复兴的磅礴力量。”",政治,,,[]
广告,,"# 广告

> 《人民日报》（2026年01月01日第 04 版）",,要闻,,https://paper.people.com.cn/rmrb/pc/content/202601/01/content_30128811.html,2026-01-01,['广告'],,其他,,,[]
城市这样“静”下来（深度观察）,"图①：浙江省杭州市拱墅区米市巷街道积极开展宁静小区建设，图为米市巷街道一处城市景观俯瞰。金澍杰摄（人民视觉）图②：安徽省马鞍山市宁马城际铁路建设现场，工人正在安装声屏障。张明伟摄（人民视觉）图③：湖北省宜昌市秭归县，零排放、低噪声的新能源公交车在城市间穿梭。彭  强摄（人民视觉）图④：山东省济南市一建筑工地使用气承式基坑气膜助力绿色施工。徐  舟摄（人民视觉）
图①：浙江省杭州市拱墅区米市巷街道积极开展宁静小区建设，图为米市巷街道一处城市景观俯瞰。
金澍杰摄（人民视觉）
图②：安徽省马鞍山市宁马城际铁路建设现场，工人正在安装声屏障。
张明伟摄（人民视觉）
图③：湖北省宜昌市秭归县，零排放、低噪声的新能源公交车在城市间穿梭。
彭  强摄（人民视觉）
图④：山东省济南市一建筑工地使用气承式基坑气膜助力绿色施工。
徐  舟摄（人民视觉）
“自从加装了隔音屏，小区居民终于能睡个安稳觉了。”在福建省福州市晋安区临湖社区琴亭湖畔小区，业委会副主任叶萃林满意地说。
噪声污染防治，是生态文明建设和生态环境保护的重要内容。近年来，我国持续推进噪声污染防治，不断夯实声环境管理基础，加快完善噪声污染防治管理体系，大力推动部门协同联动，噪声污染治理取得积极进展，全国城市声环境质量持续向好。
完善监管体系——
地级及以上城市全部完成噪声污染防治职责分工，基本实现“常见噪声问题有人管”
琴亭湖畔小区南侧，是连接晋安区秀峰路与鼓楼区五四路的琴亭高架桥，直线距离最近处约100米。道路建设在前、小区开发在后，小区靠近道路一侧的住户备受交通噪声困扰。
“我家住在21楼，晚上噪声很大，吵得人很难入睡。”叶萃林回忆，为了降低噪声，小区居民想尽办法，但都是治标不治本。无奈之下，纷纷向12345便民服务平台反映情况。
福州市城管委市政工程中心桥梁所副所长郑辉随即前往现场勘察，同行的还有一家第三方专业检测机构。“为了精准判定噪声大小，我们在小区内选择距离高架桥最近的两栋楼，分18点、22点两个时间进行检测。”郑辉说。
检测报告显示，该区域昼间噪声值为59—65分贝，符合声环境质量标准4a类功能区昼间70分贝的限值；但夜间噪声值为61—65分贝，超出夜间55分贝的限值，确认存在夜间噪声扰民问题。
很快，市政工程中心制定整改方案，在满足桥梁构件荷载要求的基础上，设置了400多米的隔音屏。“我们现场调查发现，琴亭高架桥主车道及辅道沥青路面使用多年，接近设计使用年限，路面磨损可能导致车辆通行时噪声增大。”郑辉说，市政中心对桥面进行铣刨并重新铺设沥青罩面，通过改善路面条件降低车辆行驶噪声。
改造措施多管齐下，琴亭湖畔小区居民终于盼回久违的宁静。自2021年起，福建省生态环境厅会同公安、住建、交通、市场监管等部门，联合开展“静夜守护”专项行动，重点整治建筑施工、社会生活、交通运输等方面的夜间噪声扰民问题。经过持续治理，各渠道噪声投诉量较整治前下降约30%。
噪声污染防治与人民群众的生活息息相关。“与大气污染的区域性、水污染的流域性不同，噪声污染具有局部性、敏感性、非积累性等特点。同时，各种噪声源量大面广，涉及的监管部门多达数十个，治理起来较为复杂。”生态环境部大气环境司噪声管理处副处长卢璐说，为了满足人民群众和谐安宁环境需要，生态环境部门下大力气解决噪声污染问题。
明确“谁来管”。“过去噪声投诉常遇‘踢皮球’现象，根源在于职责不清。”卢璐介绍，生态环境部会同相关部门，推动各地政府明确工业、建筑施工、交通运输、社会生活4类噪声的管理职能分工，“截至2024年底，除了三沙市之外，338个地级及以上城市全部完成噪声污染防治职责分工，初步形成了全方位、多层次的部门职责分工体系，基本实现‘常见噪声问题有人管’。”
明确“按什么标准管”。“声环境功能区作为声环境质量标准执行的基础，也是加强噪声污染防治、改善声环境质量的重要依据。”卢璐说，生态环境部指导各地开展声环境功能区划定，338个地级及以上城市及1822个县级城市，2023年首次实现声环境功能区划分全覆盖。同时，组织开展声环境功能区划分情况评估，2023年底地级及以上城市全部完成评估，并开展整改。
此外，自2023年起，生态环境部组织北京市朝阳区、江苏省南京市等10个地区开展噪声敏感建筑物集中区域划定试点。除试点城市外，全国还有15个地级城市、31个县级城市划定了噪声敏感建筑物集中区域。“截至目前，全国噪声敏感建筑物集中区域划定总面积超过1000平方公里。”卢璐说。
创新管理手段——
推动工业噪声纳入排污许可证管理，加强建筑施工噪声治理，推动噪声监测自动化
在江苏省南京市秦淮生态环境局指挥大厅里，有两张特殊的地图。工作人员通过信息科技手段，让噪声不仅能“看得见”，还能“管得住”。
第一张“噪声热力图”上，清晰显示出辖区内噪声投诉的分布。“数据来源是群众投诉，也是一张更贴近群众真实感受的噪声治理的民意图。”南京市秦淮生态环境局污染防治科科长刘虎介绍，红色越深的区域代表投诉越多。
另一张《秦淮区噪声敏感建筑物集中区域划定图》，包括用于居住、科学研究、医疗卫生、文化教育等需要保持安静的建筑物，区域内产生噪声的行为将被严格控制。
“可以看出，噪声热力图中投诉较多的区域，都落在噪声敏感区内。”秦淮生态环境局副局长宋新莉介绍，这既是生态环境部门开展噪声治理的重点方向，也为现场引导和治理增添了抓手。
2025年夏天，秦淮生态环境综合行政执法局在对热力图进行日常监测时发现，辖区内西五华里片区突然“红”了——1个月内投诉超过50件。不少居民反映附近有个大工地，白天开挖机倒土方，晚上大型运土车进进出出，产生的噪声影响了日常生活。
执法局副局长吴志斌立即带队去现场蹲点，情况确如居民所反映，“经过反复沟通后，施工单位使用新能源电车替代重型柴油车，改进了运土车进出通道，还搭起一个既厚实又细密的‘天幕’工地防尘网。根据现场监测，噪声下降了30%，扬尘降低了80%，群众满意了。”
各地区各部门纷纷拿出新招、实招、硬招，持续推进噪声污染防治。
在山东省济宁市，为从根源上减少施工噪声扰民，当地在工程项目开工前，对施工单位开展噪声污染防治专项指导，严格核查降噪设施。同时，在重点施工区域安装噪声自动监测设备，实现施工噪声实时监测、数据自动上传和超标预警，一旦发现噪声超标，执法人员第一时间赶赴现场处置，有效遏制施工噪声扰民的高发态势。
——创新精细化管控手段。推动工业噪声纳入排污许可证管理，“十四五”时期基本实现20余万家工业企业全覆盖，有效落实产噪单位主体责任。加强建筑施工噪声治理，发布《低噪声施工设备指导名录》，通过推广先进技术，引导施工企业加强从源头防控噪声的主动性，北京、上海等地创新采用基坑气膜技术防治噪声和扬尘。
——聚焦解决重点问题。针对群众关注度高、反复投诉的噪声问题，“十四五”时期生态环境部持续开展噪声治理“千件万户”投诉典型案件调度，推动解决3100多件人民群众重点关注的噪声问题。各省级生态环境部门参照建立噪声投诉典型案件督办机制，实现国家、省、市、区县协同联动。
——推动噪声监测自动化。2024年底，338个地级及以上城市全部完成功能区声环境质量自动监测能力建设，共建成4005个站点，自动化率提升至100%，实现由手工监测向自动监测的转变。“24小时不间断实时监控，对突发噪声、夜间噪声能做到即时捕捉、精准画像。”卢璐介绍。
同时，生态环境部组织中国环境监测总站等单位，开展自然声、工业、建筑施工等噪声源声纹采集和数据库建设。“标准的噪声声纹是提升噪声溯源解析能力的基础。目前，超过60%的功能区声环境质量自动监测站点已初步具备声纹识别功能，逐步推动从‘听得见’到‘听得懂’的转变。”卢璐说。
措施有力，成效渐显。生态环境部近日发布的《中国噪声污染防治报告（2025）》显示，2024年，全国城市声环境功能区昼间达标率为95.8%，夜间达标率为88.2%（均为手工监测）。“近5年来，全国声环境功能区昼间、夜间达标率均呈现上升趋势，城市声环境质量总体向好。”卢璐说。
探索社会共治——
打造“消除杂音、睡得安心”的宁静小区，推动各类社会生活噪声有效化解
夜幕降临，浙江省杭州市拱墅区，家住万家星城小区的陈先生长舒了一口气。“以前，一到晚上，邻居家里就要练习萨克斯，家里孩子做作业，想要个安静的环境真难。”
陈先生的苦恼，也是小区中不少业主的烦恼。原来，万家星城小区活跃着不少文艺爱好者。此起彼伏的乐器声，曾是不少居民的烦心事。“晚上在家练琴总是提心吊胆，加了消音垫又觉得音色不对。”小区住户、二胡爱好者查仲龙同样有苦衷。
双方的需求如何兼顾？在社区的组织下，居民代表联合社区、物业等召开“红茶议事会”，大伙儿围绕这个问题展开讨论。
“面对这种新型社区矛盾，简单‘一禁了之’不是办法，既然咱们这里音乐爱好者多，是否可以联动周边音乐培训机构，打造一个‘共享静音空间’？”经过讨论，万家星城社区党委书记邵见与辖区音乐机构——好树音乐一拍即合，决定合作打造“共享静音空间”。
从2023年5月开始，好树音乐每日开放两个“公益时段”，供持小区居住证明的居民免费使用隔音琴房。工作日的下午2点到3点和每晚7点到8点半的“静音练习时段”内，乐器爱好者可预约练习，既保障了兴趣延续，也守住了邻里宁静。“现在晚上能踏实看书，孩子学习也更专注了。”陈先生竖起大拇指。
防治噪声污染，人人有责、人人参与、人人受益。“当前在12345政务服务便民热线、生态环境投诉举报等各渠道汇总的噪声投诉中，70%以上来自社会生活噪声，发生的场景大部分位于居住小区中，比如广场舞、装修等产生的噪声。”卢璐说。
近年来，生态环境部推动打造“消除杂音、睡得安心”的宁静小区，鼓励各地积极建设，通过制定居民公约、居委会调解、设备设施维护改造等手段，推动各类社会生活噪声有效化解。
卢璐介绍，目前，北京、山西等15个省份累计建成宁静小区（含安静居住小区）2290个，惠及超过200万个家庭。生态环境部组织开展向“宁”致“静”志愿试点，调动发挥社会力量共同治理噪声污染。
在关键时间节点，地方各部门联合组织开展中高考、自学考试等“绿色护考”行动，年均受益考生超过3000万人。国铁集团持续开展高铁“静音车厢”服务，营造更加文明的乘车空间，京沪、京广、京哈等高速铁路99趟列车已设置“静音车厢”。
“噪声问题关系千家万户，希望每个人都成为噪声的监督者和宁静生活的守护者。”卢璐说。
尽管成效显著，但当前噪声污染防治形势依然严峻。“噪声问题已成为老百姓急难愁盼的民生问题，连续多年位居生态环境投诉数量第一位，增长趋势仍未得到遏制。”卢璐说，随着经济社会发展，新噪声源层出不穷。同时城市规划前期预防不足，居住区、商业区与交通干线、工业企业间缺乏必要缓冲空间，“先路后房”“先房后路”“房企相邻”等引起的噪声污染问题突出。此外，噪声污染防治法发布实施时间尚短，很多配套文件还未完全补齐，一些标准也多年没有更新。
卢璐表示，下一步，生态环境部将会同相关部门共同编制《“十五五”噪声污染防治行动计划》，进一步加强部门协同联动，推动噪声污染防治向纵深推进；全面推动噪声敏感建筑物集中区域划定，强化噪声源分类管理、源头降噪；开展声环境质量标准实施情况评估，推动工业、社会生活、铁路等噪声标准修订；持续开展噪声治理“千件万户”投诉典型案件调度，以点带面解决老百姓家门口的噪声问题。
记者手记
从英国记者的亲身感受说起
“这些年中国首都以及我到访过的许多中国内地城市，街头似乎都明显变得更加安静。”中国城市的这一变化，引起英国《金融时报》驻华记者埃莉诺·奥尔科特的关注，“在多年来经常被噪声吵醒后，我收藏了一批世界一流的降噪耳塞，旅行时仍会使用。但当我回到（在北京的）家时，它们就安静地躺在抽屉里。”
这名英国记者的亲身经历，正是我国声环境质量持续改善的生动写照。防治噪声污染，既是关乎“家长里短”的小事，也是事关人民群众切身利益的大事。近年来，我国不断夯实声环境管理基础，加快完善噪声污染防治管理体系，大力推动部门协同联动，噪声污染治理取得积极进展。
数据显示，全国城市声环境功能区昼间达标率由2020年的94.6%上升至2024年的95.8%，夜间达标率由2020年的80.1%上升至2024年的88.2%（均为手工监测），城市声环境质量总体向好。
防治噪声污染是一项系统工程。随着城市快速发展，机动车保有量增加，工业活动、商业活动、建筑施工活动频繁，噪声来源复杂，难取证、难监管，需要多个部门共同努力协同治理。同时，人民群众对生态环境质量的期望越来越高，2024年，在全国生态环境信访投诉举报管理平台接到的投诉举报中，噪声扰民问题占59.2%，在各环境污染要素中排第一位。
推进生态文明建设和美丽中国建设，必须进一步加强噪声污染防治，破解民生领域的这个“老大难”问题。
既要着力于治，推进工业噪声实施排污许可和重点排污单位管理，落实建筑施工噪声管控责任，加大交通运输噪声污染防治，严格经营场所噪声管理，重点针对社区和邻里噪声完善管理举措；也要着眼于防，严格噪声源头管理，优化噪声敏感建筑物建设布局，推动降噪沥青、高速声屏障等环境噪声控制新技术、新设备、新材料的研究开发和工程应用。防治结合，才能达到事半功倍的效果。
噪声污染，小事不小。只有不断完善噪声污染防治管理体系，稳步提高治理水平，持续改善声环境质量，才能切实维护人民群众享受安宁生活的基本权益，不断提升人民群众生态环境获得感、幸福感、安全感。","### 我国大力推进噪声污染防治，全国城市声环境质量总体向好

# 城市这样“静”下来（深度观察）

> 本报记者  寇江泽  付  文  姚雪青  窦  皓《人民日报》（2026年01月01日第 05 版）

图①：浙江省杭州市拱墅区米市巷街道积极开展宁静小区建设，图为米市巷街道一处城市景观俯瞰。　　金澍杰摄（人民视觉）　　图②：安徽省马鞍山市宁马城际铁路建设现场，工人正在安装声屏障。　　张明伟摄（人民视觉）　　图③：湖北省宜昌市秭归县，零排放、低噪声的新能源公交车在城市间穿梭。　　彭  强摄（人民视觉）　　图④：山东省济南市一建筑工地使用气承式基坑气膜助力绿色施工。　　徐  舟摄（人民视觉）

图①：浙江省杭州市拱墅区米市巷街道积极开展宁静小区建设，图为米市巷街道一处城市景观俯瞰。

金澍杰摄（人民视觉）

图②：安徽省马鞍山市宁马城际铁路建设现场，工人正在安装声屏障。

张明伟摄（人民视觉）

图③：湖北省宜昌市秭归县，零排放、低噪声的新能源公交车在城市间穿梭。

彭  强摄（人民视觉）

图④：山东省济南市一建筑工地使用气承式基坑气膜助力绿色施工。

徐  舟摄（人民视觉）

“自从加装了隔音屏，小区居民终于能睡个安稳觉了。”在福建省福州市晋安区临湖社区琴亭湖畔小区，业委会副主任叶萃林满意地说。

噪声污染防治，是生态文明建设和生态环境保护的重要内容。近年来，我国持续推进噪声污染防治，不断夯实声环境管理基础，加快完善噪声污染防治管理体系，大力推动部门协同联动，噪声污染治理取得积极进展，全国城市声环境质量持续向好。

完善监管体系——

地级及以上城市全部完成噪声污染防治职责分工，基本实现“常见噪声问题有人管”

琴亭湖畔小区南侧，是连接晋安区秀峰路与鼓楼区五四路的琴亭高架桥，直线距离最近处约100米。道路建设在前、小区开发在后，小区靠近道路一侧的住户备受交通噪声困扰。

“我家住在21楼，晚上噪声很大，吵得人很难入睡。”叶萃林回忆，为了降低噪声，小区居民想尽办法，但都是治标不治本。无奈之下，纷纷向12345便民服务平台反映情况。

福州市城管委市政工程中心桥梁所副所长郑辉随即前往现场勘察，同行的还有一家第三方专业检测机构。“为了精准判定噪声大小，我们在小区内选择距离高架桥最近的两栋楼，分18点、22点两个时间进行检测。”郑辉说。

检测报告显示，该区域昼间噪声值为59—65分贝，符合声环境质量标准4a类功能区昼间70分贝的限值；但夜间噪声值为61—65分贝，超出夜间55分贝的限值，确认存在夜间噪声扰民问题。

很快，市政工程中心制定整改方案，在满足桥梁构件荷载要求的基础上，设置了400多米的隔音屏。“我们现场调查发现，琴亭高架桥主车道及辅道沥青路面使用多年，接近设计使用年限，路面磨损可能导致车辆通行时噪声增大。”郑辉说，市政中心对桥面进行铣刨并重新铺设沥青罩面，通过改善路面条件降低车辆行驶噪声。

改造措施多管齐下，琴亭湖畔小区居民终于盼回久违的宁静。自2021年起，福建省生态环境厅会同公安、住建、交通、市场监管等部门，联合开展“静夜守护”专项行动，重点整治建筑施工、社会生活、交通运输等方面的夜间噪声扰民问题。经过持续治理，各渠道噪声投诉量较整治前下降约30%。

噪声污染防治与人民群众的生活息息相关。“与大气污染的区域性、水污染的流域性不同，噪声污染具有局部性、敏感性、非积累性等特点。同时，各种噪声源量大面广，涉及的监管部门多达数十个，治理起来较为复杂。”生态环境部大气环境司噪声管理处副处长卢璐说，为了满足人民群众和谐安宁环境需要，生态环境部门下大力气解决噪声污染问题。

明确“谁来管”。“过去噪声投诉常遇‘踢皮球’现象，根源在于职责不清。”卢璐介绍，生态环境部会同相关部门，推动各地政府明确工业、建筑施工、交通运输、社会生活4类噪声的管理职能分工，“截至2024年底，除了三沙市之外，338个地级及以上城市全部完成噪声污染防治职责分工，初步形成了全方位、多层次的部门职责分工体系，基本实现‘常见噪声问题有人管’。”

明确“按什么标准管”。“声环境功能区作为声环境质量标准执行的基础，也是加强噪声污染防治、改善声环境质量的重要依据。”卢璐说，生态环境部指导各地开展声环境功能区划定，338个地级及以上城市及1822个县级城市，2023年首次实现声环境功能区划分全覆盖。同时，组织开展声环境功能区划分情况评估，2023年底地级及以上城市全部完成评估，并开展整改。

此外，自2023年起，生态环境部组织北京市朝阳区、江苏省南京市等10个地区开展噪声敏感建筑物集中区域划定试点。除试点城市外，全国还有15个地级城市、31个县级城市划定了噪声敏感建筑物集中区域。“截至目前，全国噪声敏感建筑物集中区域划定总面积超过1000平方公里。”卢璐说。

创新管理手段——

推动工业噪声纳入排污许可证管理，加强建筑施工噪声治理，推动噪声监测自动化

在江苏省南京市秦淮生态环境局指挥大厅里，有两张特殊的地图。工作人员通过信息科技手段，让噪声不仅能“看得见”，还能“管得住”。

第一张“噪声热力图”上，清晰显示出辖区内噪声投诉的分布。“数据来源是群众投诉，也是一张更贴近群众真实感受的噪声治理的民意图。”南京市秦淮生态环境局污染防治科科长刘虎介绍，红色越深的区域代表投诉越多。

另一张《秦淮区噪声敏感建筑物集中区域划定图》，包括用于居住、科学研究、医疗卫生、文化教育等需要保持安静的建筑物，区域内产生噪声的行为将被严格控制。

“可以看出，噪声热力图中投诉较多的区域，都落在噪声敏感区内。”秦淮生态环境局副局长宋新莉介绍，这既是生态环境部门开展噪声治理的重点方向，也为现场引导和治理增添了抓手。

2025年夏天，秦淮生态环境综合行政执法局在对热力图进行日常监测时发现，辖区内西五华里片区突然“红”了——1个月内投诉超过50件。不少居民反映附近有个大工地，白天开挖机倒土方，晚上大型运土车进进出出，产生的噪声影响了日常生活。

执法局副局长吴志斌立即带队去现场蹲点，情况确如居民所反映，“经过反复沟通后，施工单位使用新能源电车替代重型柴油车，改进了运土车进出通道，还搭起一个既厚实又细密的‘天幕’工地防尘网。根据现场监测，噪声下降了30%，扬尘降低了80%，群众满意了。”

各地区各部门纷纷拿出新招、实招、硬招，持续推进噪声污染防治。

在山东省济宁市，为从根源上减少施工噪声扰民，当地在工程项目开工前，对施工单位开展噪声污染防治专项指导，严格核查降噪设施。同时，在重点施工区域安装噪声自动监测设备，实现施工噪声实时监测、数据自动上传和超标预警，一旦发现噪声超标，执法人员第一时间赶赴现场处置，有效遏制施工噪声扰民的高发态势。

——创新精细化管控手段。推动工业噪声纳入排污许可证管理，“十四五”时期基本实现20余万家工业企业全覆盖，有效落实产噪单位主体责任。加强建筑施工噪声治理，发布《低噪声施工设备指导名录》，通过推广先进技术，引导施工企业加强从源头防控噪声的主动性，北京、上海等地创新采用基坑气膜技术防治噪声和扬尘。

——聚焦解决重点问题。针对群众关注度高、反复投诉的噪声问题，“十四五”时期生态环境部持续开展噪声治理“千件万户”投诉典型案件调度，推动解决3100多件人民群众重点关注的噪声问题。各省级生态环境部门参照建立噪声投诉典型案件督办机制，实现国家、省、市、区县协同联动。

——推动噪声监测自动化。2024年底，338个地级及以上城市全部完成功能区声环境质量自动监测能力建设，共建成4005个站点，自动化率提升至100%，实现由手工监测向自动监测的转变。“24小时不间断实时监控，对突发噪声、夜间噪声能做到即时捕捉、精准画像。”卢璐介绍。

同时，生态环境部组织中国环境监测总站等单位，开展自然声、工业、建筑施工等噪声源声纹采集和数据库建设。“标准的噪声声纹是提升噪声溯源解析能力的基础。目前，超过60%的功能区声环境质量自动监测站点已初步具备声纹识别功能，逐步推动从‘听得见’到‘听得懂’的转变。”卢璐说。

措施有力，成效渐显。生态环境部近日发布的《中国噪声污染防治报告（2025）》显示，2024年，全国城市声环境功能区昼间达标率为95.8%，夜间达标率为88.2%（均为手工监测）。“近5年来，全国声环境功能区昼间、夜间达标率均呈现上升趋势，城市声环境质量总体向好。”卢璐说。

探索社会共治——

打造“消除杂音、睡得安心”的宁静小区，推动各类社会生活噪声有效化解

夜幕降临，浙江省杭州市拱墅区，家住万家星城小区的陈先生长舒了一口气。“以前，一到晚上，邻居家里就要练习萨克斯，家里孩子做作业，想要个安静的环境真难。”

陈先生的苦恼，也是小区中不少业主的烦恼。原来，万家星城小区活跃着不少文艺爱好者。此起彼伏的乐器声，曾是不少居民的烦心事。“晚上在家练琴总是提心吊胆，加了消音垫又觉得音色不对。”小区住户、二胡爱好者查仲龙同样有苦衷。

双方的需求如何兼顾？在社区的组织下，居民代表联合社区、物业等召开“红茶议事会”，大伙儿围绕这个问题展开讨论。

“面对这种新型社区矛盾，简单‘一禁了之’不是办法，既然咱们这里音乐爱好者多，是否可以联动周边音乐培训机构，打造一个‘共享静音空间’？”经过讨论，万家星城社区党委书记邵见与辖区音乐机构——好树音乐一拍即合，决定合作打造“共享静音空间”。

从2023年5月开始，好树音乐每日开放两个“公益时段”，供持小区居住证明的居民免费使用隔音琴房。工作日的下午2点到3点和每晚7点到8点半的“静音练习时段”内，乐器爱好者可预约练习，既保障了兴趣延续，也守住了邻里宁静。“现在晚上能踏实看书，孩子学习也更专注了。”陈先生竖起大拇指。

防治噪声污染，人人有责、人人参与、人人受益。“当前在12345政务服务便民热线、生态环境投诉举报等各渠道汇总的噪声投诉中，70%以上来自社会生活噪声，发生的场景大部分位于居住小区中，比如广场舞、装修等产生的噪声。”卢璐说。

近年来，生态环境部推动打造“消除杂音、睡得安心”的宁静小区，鼓励各地积极建设，通过制定居民公约、居委会调解、设备设施维护改造等手段，推动各类社会生活噪声有效化解。

卢璐介绍，目前，北京、山西等15个省份累计建成宁静小区（含安静居住小区）2290个，惠及超过200万个家庭。生态环境部组织开展向“宁”致“静”志愿试点，调动发挥社会力量共同治理噪声污染。

在关键时间节点，地方各部门联合组织开展中高考、自学考试等“绿色护考”行动，年均受益考生超过3000万人。国铁集团持续开展高铁“静音车厢”服务，营造更加文明的乘车空间，京沪、京广、京哈等高速铁路99趟列车已设置“静音车厢”。

“噪声问题关系千家万户，希望每个人都成为噪声的监督者和宁静生活的守护者。”卢璐说。

尽管成效显著，但当前噪声污染防治形势依然严峻。“噪声问题已成为老百姓急难愁盼的民生问题，连续多年位居生态环境投诉数量第一位，增长趋势仍未得到遏制。”卢璐说，随着经济社会发展，新噪声源层出不穷。同时城市规划前期预防不足，居住区、商业区与交通干线、工业企业间缺乏必要缓冲空间，“先路后房”“先房后路”“房企相邻”等引起的噪声污染问题突出。此外，噪声污染防治法发布实施时间尚短，很多配套文件还未完全补齐，一些标准也多年没有更新。

卢璐表示，下一步，生态环境部将会同相关部门共同编制《“十五五”噪声污染防治行动计划》，进一步加强部门协同联动，推动噪声污染防治向纵深推进；全面推动噪声敏感建筑物集中区域划定，强化噪声源分类管理、源头降噪；开展声环境质量标准实施情况评估，推动工业、社会生活、铁路等噪声标准修订；持续开展噪声治理“千件万户”投诉典型案件调度，以点带面解决老百姓家门口的噪声问题。

记者手记

从英国记者的亲身感受说起

“这些年中国首都以及我到访过的许多中国内地城市，街头似乎都明显变得更加安静。”中国城市的这一变化，引起英国《金融时报》驻华记者埃莉诺·奥尔科特的关注，“在多年来经常被噪声吵醒后，我收藏了一批世界一流的降噪耳塞，旅行时仍会使用。但当我回到（在北京的）家时，它们就安静地躺在抽屉里。”

这名英国记者的亲身经历，正是我国声环境质量持续改善的生动写照。防治噪声污染，既是关乎“家长里短”的小事，也是事关人民群众切身利益的大事。近年来，我国不断夯实声环境管理基础，加快完善噪声污染防治管理体系，大力推动部门协同联动，噪声污染治理取得积极进展。

数据显示，全国城市声环境功能区昼间达标率由2020年的94.6%上升至2024年的95.8%，夜间达标率由2020年的80.1%上升至2024年的88.2%（均为手工监测），城市声环境质量总体向好。

防治噪声污染是一项系统工程。随着城市快速发展，机动车保有量增加，工业活动、商业活动、建筑施工活动频繁，噪声来源复杂，难取证、难监管，需要多个部门共同努力协同治理。同时，人民群众对生态环境质量的期望越来越高，2024年，在全国生态环境信访投诉举报管理平台接到的投诉举报中，噪声扰民问题占59.2%，在各环境污染要素中排第一位。

推进生态文明建设和美丽中国建设，必须进一步加强噪声污染防治，破解民生领域的这个“老大难”问题。

既要着力于治，推进工业噪声实施排污许可和重点排污单位管理，落实建筑施工噪声管控责任，加大交通运输噪声污染防治，严格经营场所噪声管理，重点针对社区和邻里噪声完善管理举措；也要着眼于防，严格噪声源头管理，优化噪声敏感建筑物建设布局，推动降噪沥青、高速声屏障等环境噪声控制新技术、新设备、新材料的研究开发和工程应用。防治结合，才能达到事半功倍的效果。

噪声污染，小事不小。只有不断完善噪声污染防治管理体系，稳步提高治理水平，持续改善声环境质量，才能切实维护人民群众享受安宁生活的基本权益，不断提升人民群众生态环境获得感、幸福感、安全感。",寇江泽  付  文  姚雪青  窦  皓,绿色,,https://paper.people.com.cn/rmrb/pc/content/202601/01/content_30128752.html,2026-01-01,"['噪声', '噪声污染', '生态环境', '防治', '卢璐', '小区', '投诉', '城市', '功能区', '治理']","图①：浙江省杭州市拱墅区米市巷街道积极开展宁静小区建设，图为米市巷街道一处城市景观俯瞰。金澍杰摄（人民视觉）图②：安徽省马鞍山市宁马城际铁路建设现场，工人正在安装声屏障。张明伟摄（人民视觉）图③：湖北省宜昌市秭归县，零排放、低噪声的新能源公交车在城市间穿梭。彭  强摄（人民视觉）图④：山东省济南市一建筑工地使用气承式基坑气膜助力绿色施工。徐  舟摄（人民视觉）
图①：浙江省杭州市拱墅区米市巷街道积极开展宁静小区建设，图为米市巷街道一处城市景观俯瞰。
金澍杰摄（人民视觉）",政治,,,[]
2000年前的课堂笔记（文物有话说）,"岳麓书院藏秦简《数》“圆材埋地”算题。彭  浩  方北松摄影报道
岳麓书院藏秦简《数》“圆材埋地”算题。
彭  浩  方北松摄影报道
提到湖南岳麓书院，不免想到“惟楚有材，于斯为盛”的学术气象。在这座千年学府的深处，藏着古老的“数学课堂笔记”——《数》。
《数》是“岳麓书院藏秦简”中的一卷。这部2000年前的竹简，让我们得以窥见秦代数学教育的一角，也让我们重新认识“数”在古代中国知识体系中的地位。
《数》全篇约200枚竹简，已全部释读，其内容精彩纷呈，保存了多种古代算法应用实例。其中，涉及分数与比例基本运算的实例，接近后来《九章算术》的水平；涉及度量单位换算与工程计算的实例，可用于田地丈量、仓储计算、工程管理等。
《数》中还有一些推算与思维训练题，可以用勾股定理来解答；有些解题方式甚至有了一定的方程思想，可作为古代算术逻辑与现代代数对照的案例。
不过，《数》简文中多次出现重复抄写、脱字、错字等，各种题型的题量差别也较大。种种迹象表明，《数》很可能是抄写本，其原著本或许是秦代学童或郡县官署使用的教材。学习者中可能有负责度量、赋税、仓储、工程的吏员，他们必须掌握标准单位换算、面积体积计算，以及基本的比例法等，以应对政务需求。
透过简牍上的文字，我们能够想象这样的画面：2000年前，课堂上的数学老师耐心教授一个个实用算法，学生们则一边蘸墨书写，一边低声念着“十六两一斤，卅斤一钧，四钧一石”——那一刻点亮的知识火种，穿越千年仍闪烁光芒。
在秦代，“数”不仅是工具，更是秩序。通过“数”，人们可以度物、测天、齐法、定制，“数”也因此成为国家管理的一种工具。在这个意义上，《数》不仅是“数学课堂笔记”，更是国家治理的“技术文献”，不论是测田赋税、修渠筑城，还是纪年历法，皆离不开《数》和“数”的支撑。
今天，我们早已不用竹简记录数学课堂上的知识，但“数”的智慧依然绵延不绝。
（作者为湖南大学建筑与规划学院教授，本报记者杨迅采访整理）","### 湖南岳麓书院藏秦简《数》

# 2000年前的课堂笔记（文物有话说）

> 肖  灿《人民日报》（2026年01月01日第 07 版）

岳麓书院藏秦简《数》“圆材埋地”算题。　　彭  浩  方北松摄影报道

岳麓书院藏秦简《数》“圆材埋地”算题。

彭  浩  方北松摄影报道

提到湖南岳麓书院，不免想到“惟楚有材，于斯为盛”的学术气象。在这座千年学府的深处，藏着古老的“数学课堂笔记”——《数》。

《数》是“岳麓书院藏秦简”中的一卷。这部2000年前的竹简，让我们得以窥见秦代数学教育的一角，也让我们重新认识“数”在古代中国知识体系中的地位。

《数》全篇约200枚竹简，已全部释读，其内容精彩纷呈，保存了多种古代算法应用实例。其中，涉及分数与比例基本运算的实例，接近后来《九章算术》的水平；涉及度量单位换算与工程计算的实例，可用于田地丈量、仓储计算、工程管理等。

《数》中还有一些推算与思维训练题，可以用勾股定理来解答；有些解题方式甚至有了一定的方程思想，可作为古代算术逻辑与现代代数对照的案例。

不过，《数》简文中多次出现重复抄写、脱字、错字等，各种题型的题量差别也较大。种种迹象表明，《数》很可能是抄写本，其原著本或许是秦代学童或郡县官署使用的教材。学习者中可能有负责度量、赋税、仓储、工程的吏员，他们必须掌握标准单位换算、面积体积计算，以及基本的比例法等，以应对政务需求。

透过简牍上的文字，我们能够想象这样的画面：2000年前，课堂上的数学老师耐心教授一个个实用算法，学生们则一边蘸墨书写，一边低声念着“十六两一斤，卅斤一钧，四钧一石”——那一刻点亮的知识火种，穿越千年仍闪烁光芒。

在秦代，“数”不仅是工具，更是秩序。通过“数”，人们可以度物、测天、齐法、定制，“数”也因此成为国家管理的一种工具。在这个意义上，《数》不仅是“数学课堂笔记”，更是国家治理的“技术文献”，不论是测田赋税、修渠筑城，还是纪年历法，皆离不开《数》和“数”的支撑。

今天，我们早已不用竹简记录数学课堂上的知识，但“数”的智慧依然绵延不绝。

（作者为湖南大学建筑与规划学院教授，本报记者杨迅采访整理）",肖  灿,假日生活,,https://paper.people.com.cn/rmrb/pc/content/202601/01/content_30128758.html,2026-01-01,"['岳麓书院', '课堂', '2000', '秦简', '竹简', '实例', '秦代', '数学', '算题', '笔记']","岳麓书院藏秦简《数》“圆材埋地”算题。彭  浩  方北松摄影报道
岳麓书院藏秦简《数》“圆材埋地”算题。
彭  浩  方北松摄影报道",政治,,,[]
努力讲好中国科技创新故事 为建设科技强国凝聚更多智慧和力量,"贺  信
值此科技日报创刊40周年之际，向报社全体同志表示祝贺！
40年来，科技日报围绕党和国家中心工作，在宣传党的创新理论、解读科技政策、报道科技成就、普及科学知识等方面发挥了积极作用。新起点上，希望你们深入学习贯彻新时代中国特色社会主义思想，坚持正确政治方向，创新载体方式，弘扬科学家精神，努力讲好中国科技创新故事，反映科技工作者心声，为实现高水平科技自立自强、建设科技强国凝聚更多智慧和力量。
习近平
2026年1月1日
（新华社北京1月1日电）
新华社北京1月1日电  在科技日报创刊40周年之际，中共中央总书记、国家主席、中央军委主席习近平发来贺信，向报社全体同志表示祝贺。
习近平在贺信中指出，40年来，科技日报围绕党和国家中心工作，在宣传党的创新理论、解读科技政策、报道科技成就、普及科学知识等方面发挥了积极作用。
习近平强调，新起点上，希望你们深入学习贯彻新时代中国特色社会主义思想，坚持正确政治方向，创新载体方式，弘扬科学家精神，努力讲好中国科技创新故事，反映科技工作者心声，为实现高水平科技自立自强、建设科技强国凝聚更多智慧和力量。（贺信全文另发）
科技日报创刊于1986年1月1日，经过40年发展，已成为拥有报纸、期刊、网站、客户端等传播平台的综合性传媒机构。","### 习近平致信祝贺科技日报创刊40周年强调

# 努力讲好中国科技创新故事 为建设科技强国凝聚更多智慧和力量

> 《人民日报》（2026年01月02日第 01 版）

贺  信

值此科技日报创刊40周年之际，向报社全体同志表示祝贺！

40年来，科技日报围绕党和国家中心工作，在宣传党的创新理论、解读科技政策、报道科技成就、普及科学知识等方面发挥了积极作用。新起点上，希望你们深入学习贯彻新时代中国特色社会主义思想，坚持正确政治方向，创新载体方式，弘扬科学家精神，努力讲好中国科技创新故事，反映科技工作者心声，为实现高水平科技自立自强、建设科技强国凝聚更多智慧和力量。

习近平

2026年1月1日

（新华社北京1月1日电）

新华社北京1月1日电  在科技日报创刊40周年之际，中共中央总书记、国家主席、中央军委主席习近平发来贺信，向报社全体同志表示祝贺。

习近平在贺信中指出，40年来，科技日报围绕党和国家中心工作，在宣传党的创新理论、解读科技政策、报道科技成就、普及科学知识等方面发挥了积极作用。

习近平强调，新起点上，希望你们深入学习贯彻新时代中国特色社会主义思想，坚持正确政治方向，创新载体方式，弘扬科学家精神，努力讲好中国科技创新故事，反映科技工作者心声，为实现高水平科技自立自强、建设科技强国凝聚更多智慧和力量。（贺信全文另发）

科技日报创刊于1986年1月1日，经过40年发展，已成为拥有报纸、期刊、网站、客户端等传播平台的综合性传媒机构。",,要闻,,https://paper.people.com.cn/rmrb/pc/content/202601/02/content_30128894.html,2026-01-02,"['科技', '科技日报', '40', '创新', '习近平', '贺信', '讲好', '自立自强', '创刊', '凝聚']","贺  信
值此科技日报创刊40周年之际，向报社全体同志表示祝贺！
40年来，科技日报围绕党和国家中心工作，在宣传党的创新理论、解读科技政策、报道科技成就、普及科学知识等方面发挥了积极作用。新起点上，希望你们深入学习贯彻新时代中国特色社会主义思想，坚持正确政治方向，创新载体方式，弘扬科学家精神，努力讲好中国科技创新故事，反映科技工作者心声，为实现高水平科技自立自强、建设科技强国凝聚更多智慧和力量。",政治,,,[]
伟大复兴势不可挡,"历史的交汇点上，总是气象万千。
2025年，进一步全面深化改革的重要一年，脱贫攻坚任务完成后5年过渡期的最后一年，“十四五”收官之年、“十五五”谋划之年。
面对错综复杂的国际形势和艰巨繁重的国内改革发展稳定任务，以习近平同志为核心的党中央团结带领全党全国各族人民，迎难而上、砥砺前行，在强国建设、民族复兴征程中写下“很不平凡”的一笔。
应对外部环境急剧变化和内部重重挑战困难，我国经济顶压前行、向新向优发展，“十四五”主要目标即将顺利完成；立足新的时代方位，乘势而上擘画接续推进中国式现代化建设的宏伟蓝图；面对百年变局加速演进，四大全球倡议经纬纵横，为世界注入稳定性确定性；隆重纪念中国人民抗日战争暨世界反法西斯战争胜利80周年，极大振奋民族精神、激发爱国热情、凝聚奋斗力量……
“中华民族伟大复兴势不可挡！人类和平与发展的崇高事业必将胜利！”习近平总书记的豪迈宣告，揭示历史大势、时代潮流、人心所向。
顶压前行  向新向优——
“以高质量发展的确定性应对各种不确定性”
2025年岁末，北京京西宾馆，习近平总书记出席中央经济工作会议。
全面总结过去一年经济工作：“我国经济顶压前行、向新向优发展，展现强大韧性和活力。”
高度评价过去5年发展成就：“我们有效应对各种冲击挑战，推动党和国家事业取得新的重大成就，第二个百年奋斗目标新征程实现良好开局。”
成如容易却艰辛。
“很不平凡”——短短4个字，勾勒出2025年的涉滩之险、爬坡之艰、攻坚之难。
“十四五”规划收官之年，国际风云激荡变幻，国内经济运行中周期性结构性矛盾较为突出，改革发展稳定任务之重、矛盾风险挑战之多，无不考验着党中央治国理政的智慧。
时间来到开年。
面对国内外形势深刻复杂的变化，如何确保在关键之年实现全年经济社会发展目标任务，为“十四五”画上圆满句号？
习近平总书记胸怀“国之大者”，统筹“两个大局”，以深邃的历史眼光洞察时与势，为中国经济指明发展方向。
出席民营企业座谈会，为促进民营经济高质量发展注入“强心剂”。在全国两会上，强调科技创新和产业创新，为发展新质生产力指明基本路径；阐明经济大省挑大梁的着力点，让“顶梁柱”成为拉动发展的“火车头”；提出“以文化赋能经济社会发展”，为高质量发展提供更深厚的根基和持久的助推力……
春风化雨，万象更新。从广袤田畴的春耕备耕到港口码头的昼夜繁忙，从车间厂房的机器轰鸣到科研实验室的攻坚突破，亿万人民实干笃行，神州大地展现高质量发展新气象。
而此时，大洋彼岸，一场“风暴”正在悄然酝酿。
4月，美国宣布对包括中国在内的所有贸易伙伴征收“对等关税”，并在短短数日内不断加码升级，掀起烈度空前的关税战。
中国迅速反击、多箭齐发：对美加征反制关税、在世贸组织争端解决机制下起诉、对相关物项实施出口管制……
打，奉陪到底；谈，大门敞开。以习近平同志为核心的党中央沉着冷静、有效应对，在危机中育新机、于变局中开新局，尽显乱云飞渡仍从容的底气和定力。
从容，因为心中有数、手里有牌；底气，来自科学研判、精准施策。
4月25日，习近平总书记主持中共中央政治局会议，明确“着力稳就业、稳企业、稳市场、稳预期”，针对性部署一揽子政策举措。
关键时刻的精准果断“出手”，充分展现了以习近平同志为核心的党中央对风险挑战的准确研判和科学应对，彰显引领中国经济穿越惊涛骇浪的勇气和智慧。
习近平主席在一年中4次同特朗普总统通电话，深刻指出“中美经贸关系的本质是互利共赢”“中美完全可以相互成就、共同繁荣，造福两国、惠及世界”……
中方与美方先后在瑞士、英国、瑞典、西班牙和马来西亚举行经贸磋商，取得一系列实质性进展，为动荡的国际经贸格局注入稳定性。
历史和实践反复证明，敢于斗争是底气，善于斗争是智慧，而立足国内、集中精力办好自己的事，才是应对一切不确定性的根本之道。
越是面对风险挑战，越要坚持创新破局。
浦江之畔，上海“模速空间”大模型创新生态社区正在加速生长。
2025年4月，正值外部经贸环境剧烈波动，习近平总书记来到这里，实地调研人工智能产业。来沪之前，总书记主持中央政治局集体学习，聚焦的主题正是“加强人工智能发展和监管”。
推进中国式现代化，科技要打头阵。
这一年，习近平总书记一次次深入科技创新最活跃的地方，强调高水平科技自立自强之于中国式现代化的重要意义，对统筹传统产业转型升级和战略性新兴产业培育壮大作出重要部署。
“必须把因地制宜发展新质生产力摆在更加突出的战略位置”；
“各地资源禀赋、基础条件等不同，抓产业转型升级要从实际出发，遵循经济规律，突出自身特色”；
“切不可把传统产业一概视为‘低端产业’、‘落后产业’一退了之”……
习近平总书记的重要指示和殷殷叮嘱，蕴含着对新与旧、破与立、进与稳的辩证把握，为因地制宜发展新质生产力明晰方向。
这一年，国产人工智能大模型引发全球关注，具身智能发展进入快车道，“东方超环”“祖冲之三号”创造新的世界纪录，全球电子通信产业迎来超高速信号“中国标尺”……一个个闪耀的时刻，见证中国创新驱动发展步履坚实。
惟创新者进，惟创新者强。
2025年，中国在全球创新指数排名中首次跻身前十，是10多年来创新力提升最快的经济体之一，深圳—香港—广州跃居全球创新集群榜首。
越是面对风险挑战，越要向开放要活力、向改革要动力。
2025年11月初，习近平总书记启程南下，深入海南、广东两省考察。
在海南，听取海南自由贸易港建设工作汇报时，总书记强调：“建设海南自由贸易港的战略目标，就是要把海南自由贸易港打造成为引领我国新时代对外开放的重要门户。”
历史的刻度，总是在关键节点留下印记。12月18日，海南自由贸易港正式启动全岛封关。1978年的这一天，划时代的党的十一届三中全会召开。
自贸港封关运作这一“标志性举措”，昭示着中国共产党人将改革开放进行到底的坚定决心。“我们坚持走中国特色的改革开放之路，一步步走到了这里。”习近平总书记的话饱含期待。
这一年，进一步全面深化改革不断向广度和深度进军。
民营经济促进法施行，发布《市场准入负面清单（2025年版）》，在全国部分地区实施要素市场化配置综合改革试点，综合整治“内卷式”竞争……以经济体制改革为牵引，党的二十届三中全会部署的300多项改革举措渐次落地。
这一年，扩大高水平对外开放不断向更深层次迈进。
推动电信、教育、医疗等领域有序扩大开放，单方面免签“朋友圈”进一步扩大，复制推广上海自贸试验区的77条试点措施……开放的大门越开越大，制度型开放“含金量”进一步提升。
“中国式现代化是在改革开放中不断推进的，也必将在改革开放中开辟广阔前景。”
行遍烟峦，历尽风波；逢山开路，遇水架桥。
中国的发展进步从来就是这样，在闯关夺隘中不断劈山开岭、一往无前。
乘势而上  擘画蓝图——
“中国式现代化有目标、有规划、有战略，一定会实现”
2025年10月23日，人民大会堂，如潮掌声中，党的二十届四中全会审议通过《中共中央关于制定国民经济和社会发展第十五个五年规划的建议》。
新时代中国共产党人发扬伟大历史主动精神，发出了乘势而上、接续推进中国式现代化建设，续写经济快速发展和社会长期稳定两大奇迹新篇章的豪迈宣言。
“实现社会主义现代化是一个阶梯式递进、不断发展进步的历史过程，需要不懈努力、接续奋斗。”此次全会上，习近平总书记深刻论述道。
“十五五”时期，对于分阶段有步骤推进中国式现代化意义重大。如何理解我们所处的时代坐标、历史方位？如何应对变局、统筹全局？靠什么凝聚共识、鼓舞士气？
纷繁世事多元应。面对更加深刻复杂变化的发展环境，面对更多两难、多难问题，习近平总书记以坚定的战略清醒、宏阔的战略视野掌舵领航，从全局和长远上把握事物发展总体趋势和方向，谋主动、扬优势、夺胜利。
在战略框架上一体统筹，将“十五五”规划放在中国式现代化全局中部署谋划，明确“六个坚持”原则，形成逻辑严密、相互支撑的整体遵循；
在时序节奏上科学擘画，既聚焦阶段性大事要事，又勾勒未来中国经济社会发展逻辑主线，为实现2035年远景目标奠定基础；
…………
这是一份沉甸甸的规划所揭示的：真正的历史主动，不仅仅在于预判一时潮汐方向，更在于顺应历史大势、抓住历史机遇、引领历史发展。
将什么作为战略重点，事关整体推进的成效。
大国之大，也有大国之重。抓住主要矛盾，实现重点突破，体现马克思主义的辩证法，彰显谋划发展的历史眼光和领导艺术。
就准确把握“十五五”时期经济社会发展重点，习近平总书记从12个方面明确要抓住一批具有重大牵引、驱动、支撑作用的战略任务。
考察辽宁本钢板材冷轧总厂第三冷轧厂，强调“实体经济是国民经济的根基所在”；来到河南洛阳轴承集团股份有限公司智能工厂，指出“推进中国式现代化要继续把制造业搞好”；走进山西阳泉阀门股份有限公司生产车间，感慨“实业兴国，实干兴邦”……
这一年，习近平总书记多次到制造业企业调研，要求一以贯之：实体经济不能丢，实体经济里边的传统产业不能丢。
虽有转型之艰、虽有爬坡之难，发展实业的传统要赓续。没有坚实的物质技术基础，就不可能全面建成社会主义现代化强国。
一路思索、步步深化、酝酿成熟……“建设现代化产业体系，巩固壮大实体经济根基”被列为战略任务之首并作出系统部署。
“安全”，从这一个年度高频词可以得见谋划之道。
2025年2月28日，中共中央政治局就建设更高水平平安中国进行第十九次集体学习，这也是开年后首次政治局集体学习。
“在工作中自觉把发展和安全统一起来，共同谋划、一体部署、相互促进。”习近平总书记要求坚定不移贯彻总体国家安全观，把平安中国建设推向更高水平。
2025年，春节前夕看望慰问基层干部群众，强调“加强安全生产，确保人民群众度过欢乐平安祥和的节日”；要求东北牢牢把握在维护国家“五大安全”中的重要使命；来到中原大地，强调“扛牢粮食安全责任”……
纵跨一年的时间轴上，治国理政的大棋局里，总书记把国家安全置于中国式现代化事业全局中思索和把握。
不断分析问题，不断总结规律，不断提炼升华。
党的二十届四中全会把“坚持统筹发展和安全”明确为“十五五”时期经济社会发展必须遵循的原则之一，着眼“在发展中固安全，在安全中谋发展”作出一系列战略部署。
秉持什么样的价值取向，关系未来发展的底色。
脱贫攻坚任务完成后5年过渡期的最后一年，全国两会后的首次地方考察，一场充满民生关怀的座谈传递深长意味。
2025年3月，习近平总书记来到贵州省黔东南州黎平县肇兴侗寨，鼓楼下，一方火塘，几张长凳，村民们围坐在总书记周围。
“第一书记制度还是要坚持”“就是要保留自己的特色，抓好人无我有的东西”……总书记同大家谈民生、话振兴，其乐融融里枝叶关情。
统筹城与乡。2025年7月，时隔10年，又一次中央城市工作会议在京召开，习近平总书记为建设创新、宜居、美丽、韧性、文明、智慧的现代化人民城市指明方向。
这一年，结合在东北、贵州、云南、上海、河南、山西、西藏、新疆等地考察或出席活动，习近平总书记对谋划“十五五”经济社会发展进行调研。深入基层一线，了解所思所盼，获取真知灼见。
问需于民、问计于民，从天南海北扩展到了线上空间。
2025年5月20日至6月20日，“十五五”规划编制工作开展网络征求意见活动。习近平总书记两次作出重要指示，强调“坚持科学决策、民主决策、依法决策”“广大人民群众积极建言献策，提出了许多有价值的意见建议，有关部门要认真研究吸纳”。
领袖同人民心心相印，党心与民心同频共振。
“十五五”规划建议在指导思想中突出强调推动全体人民共同富裕迈出坚实步伐。习近平总书记在就规划建议讨论稿作说明时，更是将此作为“指导‘十五五’时期经济社会发展的一个总体性要求”。
坚持惠民生和促消费、投资于物和投资于人紧密结合；加大直达消费者的普惠政策力度；加强普惠性、基础性、兜底性民生建设……
“要坚持不忘初心，站在人民立场考虑问题，坚持在发展中保障和改善民生，稳步推进共同富裕。”这是百年大党的不懈追求，这是人民领袖的不渝初心。
笃行大道  挺膺担当——
“中国永远是世界的和平力量、稳定力量、进步力量”
2025年，世界变乱交织、动荡加剧。回顾这一年的国际关系进程，一个历史性瞬间定格全球目光：
“我愿提出全球治理倡议，同各国一道，推动构建更加公正合理的全球治理体系，携手迈向人类命运共同体。”2025年9月1日，上海合作组织天津峰会上，习近平主席面向世界提出全球治理倡议。
循道而行，以中国方案引领人类社会前行方向——
2025年是世界反法西斯战争胜利和联合国成立80周年。天津峰会前，习近平主席会见联合国秘书长古特雷斯，深刻指明历史的启示：“多边主义、团结合作是解决全球性难题的正确答案”。
回望来路，当世界反法西斯战争的硝烟散尽，国际社会痛定思痛，联合国应运而生，全球治理掀开新的一页。
环顾当下，世界多极化、经济全球化、国际关系民主化成为日益澎湃的时代大潮，但冷战思维、霸权主义、保护主义阴霾不散，新威胁新挑战有增无减，世界进入新的动荡变革期。
“奉行主权平等”“遵守国际法治”“践行多边主义”“倡导以人为本”“注重行动导向”……历史的关键当口，习近平主席为全球治理体系改革完善指引清晰方向。
自2021年起，面对前所未有的全球性挑战，习近平主席相继提出全球发展倡议、全球安全倡议、全球文明倡议、全球治理倡议。四大全球倡议经纬纵横、有机统一，为推动构建人类命运共同体实践走深走实，搭建起系统完备的行动框架。
胸怀天下，以中国担当维护世界和平稳定——
2025年4月，新中国历史上首次中央周边工作会议在北京召开。
以全球视野审视周边，会议作出重要判断：“周边是实现发展繁荣的重要基础、维护国家安全的重点、运筹外交全局的首要、推动构建人类命运共同体的关键。”
会议后不到一周，习近平主席启程东南亚，2025年中国国家元首首次出访落笔周边。
在越南，习近平主席同越方领导人一次次并肩前行，边走边谈；在马来西亚，安瓦尔总理全程陪同习近平主席访马期间所有活动；在柬埔寨，西哈莫尼国王将习近平主席请进金边王宫，为这位“伟大的朋友”颁授“柬埔寨王国民族独立大项链级勋章”……
当“脱钩断链”“本国优先”甚嚣尘上，中国与周边国家何以能够更紧密地握手？
答案写在“像走亲戚一样”的频密互动里，写在“成就邻居就是帮助自己”的博大襟怀中。
2025年，习近平主席历次出访皆聚焦周边，从东南亚到俄罗斯、从哈萨克斯坦到韩国，足迹遍及周边各方向。每次出访，元首外交活动之密集，合作成果之丰硕，都为睦邻友好故事写下生动而鲜活的新篇。
亲戚越走越近，朋友越交越深。
“最宝贵的优势就是与中国为邻”“中国带来的不仅是稳定性，更是未来持久的希望”……亲诚惠容、命运与共，共同奔赴地区和平稳定、繁荣发展的光明前景。
2025年10月30日，韩国釜山，习近平主席同美国总统特朗普时隔6年再见面，全球瞩目。
互致问候、面对面落座、开场白、闭门晤谈，100多分钟后，两位大国元首并肩步出贵宾室，人们在密切关注中读到了“令人鼓舞的前景”。
“让中美关系这艘大船平稳前行”“携手多办一些有利于两国和世界的大事、实事、好事”……习近平主席以宏阔视野和格局，指明大国关系稳定发展之道。
党的二十届四中全会指出，“大国关系牵动国际形势，国际形势演变深刻影响国内发展”。
这一年，中美元首外交战略引领、把舵定向，世界前两大经济体多渠道层级沟通持续推进；习近平主席同俄罗斯总统普京实现互访，共商中俄各领域战略合作大计、共庆世界反法西斯战争胜利80周年、共谱维护国际公平正义新篇；习近平主席同法国总统马克龙在都江堰纵论天下，同欧盟领导人擘画中欧关系更加光明的下一个50年……
“大国要有大国的样子，要展现更多责任担当。”
在习近平主席的引领下，中国始终致力于促进大国协调和良性互动，推动构建和平共处、总体稳定、均衡发展的大国关系格局，为维护全球战略稳定贡献正能量。
携手共进，以中国机遇助力各国迈向共同现代化——
2025年11月，汤加国王图普六世访华，来到福建农林大学的菌草源广场，亲手种下一株菌草，并在留言簿上写道：菌草对像汤加这样的发展中国家，拥有巨大的潜力。
在北京会见图普六世时，习近平主席表示，中国将聚焦高质量发展，进一步全面深化改革，扩大高水平对外开放，同世界各国共享发展机遇。
“中国追求的不是独善其身的现代化”。
全球超过四分之三的国家加入共建“一带一路”大家庭；中欧班列累计开行突破12万列；进博会、广交会、链博会、服贸会、消博会等国际展会不断释放中国合作“磁吸力”……
不久前，多家国际机构上调2025年中国经济增速预期。多年来，中国经济对世界经济增长年均贡献率保持在30%左右，持续担当全球增长重要引擎。
世界正站在新的十字路口，何去何从考验着远见与担当。
以人民之心为心、以天下之利为利。习近平主席的呼吁引发强烈共鸣，“越是风高浪急，越要同舟共济”“共促繁荣、共赢未来，携手构建人类命运共同体”。
出席全球妇女峰会，提出进一步支持全球妇女事业发展的一系列重要举措；支持全球南方发展，宣布同拉美和加勒比国家携手启动团结、发展、文明、和平、民心“五大工程”，推动落实对53个非洲建交国实施100%税目产品零关税举措；《巴黎协定》达成10周年之际，宣布中国新一轮国家自主贡献……
行大道的中国，始终以宽广胸襟超越隔阂冲突，以博大情怀关照人类命运。
因此，世界惊叹、好奇——“中国正变得‘酷’起来”“最具影响力的全球事务参与者”“可靠的中国伙伴”；
进而，各方走近、探索——探寻中国式现代化成功密码的各国政要、坚定投资中国的外企高管、爱上“中国游”的各国人民纷至沓来……
日新月异的中国，可信、可爱、可敬的中国。
万众一心  砥砺前行——
“奋力谱写中国式现代化更加绚丽的篇章”
2025年9月3日，天安门广场，国之大典，振奋人心。
天安门城楼大殿内，悬挂着题为《众志成城》的巨幅画作；广场上，“众”字造型观礼台蔚为壮观。
纪念中国人民抗日战争暨世界反法西斯战争胜利80周年大会上，习近平总书记铿锵有力的庄严宣示，为国家记忆锚定永恒坐标：“传承和弘扬伟大抗战精神，踔厉奋发、勇毅前行，为以中国式现代化全面推进强国建设、民族复兴伟业而团结奋斗！”
从伟大胜利到伟大复兴，红旗招展、万众欢腾，映照盛世气象；战旗猎猎，铁流滚滚，激荡时代强音。
“令人印象深刻的展示！”有海外媒体感叹，“这是真正的力量与自信！”
曾经积贫积弱、饱受屈辱的“睡狮”，何以迎来从站起来、富起来到强起来的伟大飞跃？
昨天启迪今天，历史照亮未来。
山西阳泉狮脑山主峰上，百团大战纪念碑形如刺刀直插云霄。
2025年7月7日，全民族抗战爆发88周年之际，习近平总书记来到这里，向八路军烈士敬献花篮，并参观百团大战纪念馆展陈。
驻足、察看、沉思，重温这段历史，习近平总书记的讲话掷地有声：“百团大战的历史壮举，充分展现了我们党在全民族抗战中的中流砥柱作用，充分展现了党领导的人民战争的磅礴力量。”
有中国共产党砥柱中流的引路领航，有全体人民团结奋斗的磅礴力量——“中国式现代化，是我们为如何唤醒‘睡狮’、实现民族复兴这个重大历史课题所给出的答案”。
这是中国共产党领导的社会主义现代化，党的领导直接关系中国式现代化的根本方向、前途命运、最终成败。
2025年3月，深入贯彻中央八项规定精神学习教育刚刚启动，习近平总书记来到贵州、云南考察调研。
90年前，就在大西南的山水之间，中国共产党领导的红军冲破艰难险阻，实现了生死攸关的转折。
治国必先治党，党兴才能国强。实践一再证明，“越是形势复杂多变、任务艰巨繁重，越要坚持好、运用好、发展好党的领导这一最大优势”。
在“十四五”即将收官、“十五五”正在谋划的关键节点，再紧思想之弦、再砺初心之刃，关乎党的执政基础，关乎中国式现代化建设全局。
开展深入贯彻中央八项规定精神学习教育，是习近平总书记亲自谋划的2025年党建工作重点任务。
“这些年，八项规定确实是推动了根本性的变化，风气为之一新，过去积重难返的现象大部分没有了。同时要看到，有一些地方发生了松动，有一些方面还存在盲区死角，一些不良风气出现了反弹回潮。”习近平总书记道出党中央决定开展这次学习教育的深远考量，“钉钉子嘛，再钉几下，久久为功，化风为俗。”
2025年6月30日，“七一”前夕，北京中南海。中共中央政治局就健全落实中央八项规定精神、纠治“四风”长效机制进行第二十一次集体学习。
“我们党肩负的中国式现代化建设任务十分繁重，面临的执政环境异常复杂，自我革命这根弦必须绷得更紧。”习近平总书记由作风建设谈到党的自我革命，传递出把党的自我革命进行到底的鲜明信号。
坚定不移全面从严治党，深入推进新时代党的建设新的伟大工程，坚持以党的自我革命引领社会革命，党的创造力、凝聚力、战斗力持续增强，推动经济社会发展取得新的开创性进展、突破性变革、历史性成就。
这是全国各族人民共同奔赴的现代化，以中国式现代化全面推进中华民族伟大复兴是我国56个民族的共同事业，是全体中华儿女的共同心愿。
奔腾的雅鲁藏布江，映照雪域高原的沧桑巨变；悠久的丝路古道，见证天山南北的日新月异。
2025年8月、9月，习近平作为中共中央总书记、国家主席、中央军委主席率中央代表团出席西藏自治区、新疆维吾尔自治区成立庆祝活动，这在党和国家历史上都是第一次。
习近平总书记所到之处，各族群众载歌载舞，高声欢呼，欢迎总书记的到来，表达对总书记的衷心祝福，也表达共同团结奋斗、共同繁荣发展，同心携手谱写中国式现代化建设新篇章的愿望与决心。
“中华民族是一个大家庭，一家人都要过上好日子。”
主持中共中央政治局会议研究民族团结进步促进法草案，回信勉励民族地区干部群众，在多次地方考察中关注各民族交往交流交融……习近平总书记身体力行推进中华民族共同体建设，各族干部群众的思想和行动统一到党中央决策部署上来，步调一致向前进。
久久为功推动粤港澳大湾区建设，推动香港澳门更好融入和服务国家发展大局，在台湾光复80周年之际以国家名义设立台湾光复纪念日……全体中华儿女血肉相连，命运与共。
以中国式现代化全面推进强国建设、民族复兴伟业，是关乎长远发展的宏伟征程，不会一帆风顺，甚至会遇到难以想象的惊涛骇浪。
“实现中华民族伟大复兴是前无古人的伟大事业。憧憬和挑战，都激发我们只争朝夕、永不懈怠的奋斗精神。”2025年的国庆招待会上，习近平总书记的话充满力量。
神州大地，处处涌动澎湃生机：
东北的冰雪世界，哈尔滨亚冬会点燃运动激情，赛事经济持续释放消费潜力；
多彩的西南大地，农文旅深度融合，助力乡村全面振兴；
南海的碧波之上，我国第一艘电磁弹射型航母海军福建舰完成入列后首次海上实兵训练；
…………
一切伟大成就都是接续奋斗的结果，一切伟大事业都需要在继往开来中推进。
2025年11月9日晚，广东奥体中心，习近平总书记宣布第十五届全国运动会开幕。以《圆梦未来》为主题的文体展演中，随着百头醒狮结合VR技术震撼登场，家国情怀的身份认同、民族振兴的情感认同，激荡在亿万中华儿女心中。
正如“已经觉醒的雄狮”，中华民族自信奋进在中国式现代化康庄大道上。
追寻梦想的征途，一程接着一程。
走过“极不寻常、极不平凡”的“十四五”，迎来“夯实基础、全面发力”的“十五五”，更加紧密团结在以习近平同志为核心的党中央周围，向着中华民族伟大复兴的光辉彼岸奋勇前进，我们信心十足、底气十足、力量十足！
（新华社北京1月1日电）","# 伟大复兴势不可挡

## ——以习近平同志为核心的党中央二〇二五年治国理政纪实

> 新华社记者《人民日报》（2026年01月02日第 01 版）

历史的交汇点上，总是气象万千。

2025年，进一步全面深化改革的重要一年，脱贫攻坚任务完成后5年过渡期的最后一年，“十四五”收官之年、“十五五”谋划之年。

面对错综复杂的国际形势和艰巨繁重的国内改革发展稳定任务，以习近平同志为核心的党中央团结带领全党全国各族人民，迎难而上、砥砺前行，在强国建设、民族复兴征程中写下“很不平凡”的一笔。

应对外部环境急剧变化和内部重重挑战困难，我国经济顶压前行、向新向优发展，“十四五”主要目标即将顺利完成；立足新的时代方位，乘势而上擘画接续推进中国式现代化建设的宏伟蓝图；面对百年变局加速演进，四大全球倡议经纬纵横，为世界注入稳定性确定性；隆重纪念中国人民抗日战争暨世界反法西斯战争胜利80周年，极大振奋民族精神、激发爱国热情、凝聚奋斗力量……

“中华民族伟大复兴势不可挡！人类和平与发展的崇高事业必将胜利！”习近平总书记的豪迈宣告，揭示历史大势、时代潮流、人心所向。

**顶压前行  向新向优——**

**“以高质量发展的确定性应对各种不确定性”**

2025年岁末，北京京西宾馆，习近平总书记出席中央经济工作会议。

全面总结过去一年经济工作：“我国经济顶压前行、向新向优发展，展现强大韧性和活力。”

高度评价过去5年发展成就：“我们有效应对各种冲击挑战，推动党和国家事业取得新的重大成就，第二个百年奋斗目标新征程实现良好开局。”

成如容易却艰辛。

“很不平凡”——短短4个字，勾勒出2025年的涉滩之险、爬坡之艰、攻坚之难。

“十四五”规划收官之年，国际风云激荡变幻，国内经济运行中周期性结构性矛盾较为突出，改革发展稳定任务之重、矛盾风险挑战之多，无不考验着党中央治国理政的智慧。

时间来到开年。

面对国内外形势深刻复杂的变化，如何确保在关键之年实现全年经济社会发展目标任务，为“十四五”画上圆满句号？

习近平总书记胸怀“国之大者”，统筹“两个大局”，以深邃的历史眼光洞察时与势，为中国经济指明发展方向。

出席民营企业座谈会，为促进民营经济高质量发展注入“强心剂”。在全国两会上，强调科技创新和产业创新，为发展新质生产力指明基本路径；阐明经济大省挑大梁的着力点，让“顶梁柱”成为拉动发展的“火车头”；提出“以文化赋能经济社会发展”，为高质量发展提供更深厚的根基和持久的助推力……

春风化雨，万象更新。从广袤田畴的春耕备耕到港口码头的昼夜繁忙，从车间厂房的机器轰鸣到科研实验室的攻坚突破，亿万人民实干笃行，神州大地展现高质量发展新气象。

而此时，大洋彼岸，一场“风暴”正在悄然酝酿。

4月，美国宣布对包括中国在内的所有贸易伙伴征收“对等关税”，并在短短数日内不断加码升级，掀起烈度空前的关税战。

中国迅速反击、多箭齐发：对美加征反制关税、在世贸组织争端解决机制下起诉、对相关物项实施出口管制……

打，奉陪到底；谈，大门敞开。以习近平同志为核心的党中央沉着冷静、有效应对，在危机中育新机、于变局中开新局，尽显乱云飞渡仍从容的底气和定力。

从容，因为心中有数、手里有牌；底气，来自科学研判、精准施策。

4月25日，习近平总书记主持中共中央政治局会议，明确“着力稳就业、稳企业、稳市场、稳预期”，针对性部署一揽子政策举措。

关键时刻的精准果断“出手”，充分展现了以习近平同志为核心的党中央对风险挑战的准确研判和科学应对，彰显引领中国经济穿越惊涛骇浪的勇气和智慧。

习近平主席在一年中4次同特朗普总统通电话，深刻指出“中美经贸关系的本质是互利共赢”“中美完全可以相互成就、共同繁荣，造福两国、惠及世界”……

中方与美方先后在瑞士、英国、瑞典、西班牙和马来西亚举行经贸磋商，取得一系列实质性进展，为动荡的国际经贸格局注入稳定性。

历史和实践反复证明，敢于斗争是底气，善于斗争是智慧，而立足国内、集中精力办好自己的事，才是应对一切不确定性的根本之道。

越是面对风险挑战，越要坚持创新破局。

浦江之畔，上海“模速空间”大模型创新生态社区正在加速生长。

2025年4月，正值外部经贸环境剧烈波动，习近平总书记来到这里，实地调研人工智能产业。来沪之前，总书记主持中央政治局集体学习，聚焦的主题正是“加强人工智能发展和监管”。

推进中国式现代化，科技要打头阵。

这一年，习近平总书记一次次深入科技创新最活跃的地方，强调高水平科技自立自强之于中国式现代化的重要意义，对统筹传统产业转型升级和战略性新兴产业培育壮大作出重要部署。

“必须把因地制宜发展新质生产力摆在更加突出的战略位置”；

“各地资源禀赋、基础条件等不同，抓产业转型升级要从实际出发，遵循经济规律，突出自身特色”；

“切不可把传统产业一概视为‘低端产业’、‘落后产业’一退了之”……

习近平总书记的重要指示和殷殷叮嘱，蕴含着对新与旧、破与立、进与稳的辩证把握，为因地制宜发展新质生产力明晰方向。

这一年，国产人工智能大模型引发全球关注，具身智能发展进入快车道，“东方超环”“祖冲之三号”创造新的世界纪录，全球电子通信产业迎来超高速信号“中国标尺”……一个个闪耀的时刻，见证中国创新驱动发展步履坚实。

惟创新者进，惟创新者强。

2025年，中国在全球创新指数排名中首次跻身前十，是10多年来创新力提升最快的经济体之一，深圳—香港—广州跃居全球创新集群榜首。

越是面对风险挑战，越要向开放要活力、向改革要动力。

2025年11月初，习近平总书记启程南下，深入海南、广东两省考察。

在海南，听取海南自由贸易港建设工作汇报时，总书记强调：“建设海南自由贸易港的战略目标，就是要把海南自由贸易港打造成为引领我国新时代对外开放的重要门户。”

历史的刻度，总是在关键节点留下印记。12月18日，海南自由贸易港正式启动全岛封关。1978年的这一天，划时代的党的十一届三中全会召开。

自贸港封关运作这一“标志性举措”，昭示着中国共产党人将改革开放进行到底的坚定决心。“我们坚持走中国特色的改革开放之路，一步步走到了这里。”习近平总书记的话饱含期待。

这一年，进一步全面深化改革不断向广度和深度进军。

民营经济促进法施行，发布《市场准入负面清单（2025年版）》，在全国部分地区实施要素市场化配置综合改革试点，综合整治“内卷式”竞争……以经济体制改革为牵引，党的二十届三中全会部署的300多项改革举措渐次落地。

这一年，扩大高水平对外开放不断向更深层次迈进。

推动电信、教育、医疗等领域有序扩大开放，单方面免签“朋友圈”进一步扩大，复制推广上海自贸试验区的77条试点措施……开放的大门越开越大，制度型开放“含金量”进一步提升。

“中国式现代化是在改革开放中不断推进的，也必将在改革开放中开辟广阔前景。”

行遍烟峦，历尽风波；逢山开路，遇水架桥。

中国的发展进步从来就是这样，在闯关夺隘中不断劈山开岭、一往无前。

**乘势而上  擘画蓝图——**

**“中国式现代化有目标、有规划、有战略，一定会实现”**

2025年10月23日，人民大会堂，如潮掌声中，党的二十届四中全会审议通过《中共中央关于制定国民经济和社会发展第十五个五年规划的建议》。

新时代中国共产党人发扬伟大历史主动精神，发出了乘势而上、接续推进中国式现代化建设，续写经济快速发展和社会长期稳定两大奇迹新篇章的豪迈宣言。

“实现社会主义现代化是一个阶梯式递进、不断发展进步的历史过程，需要不懈努力、接续奋斗。”此次全会上，习近平总书记深刻论述道。

“十五五”时期，对于分阶段有步骤推进中国式现代化意义重大。如何理解我们所处的时代坐标、历史方位？如何应对变局、统筹全局？靠什么凝聚共识、鼓舞士气？

纷繁世事多元应。面对更加深刻复杂变化的发展环境，面对更多两难、多难问题，习近平总书记以坚定的战略清醒、宏阔的战略视野掌舵领航，从全局和长远上把握事物发展总体趋势和方向，谋主动、扬优势、夺胜利。

在战略框架上一体统筹，将“十五五”规划放在中国式现代化全局中部署谋划，明确“六个坚持”原则，形成逻辑严密、相互支撑的整体遵循；

在时序节奏上科学擘画，既聚焦阶段性大事要事，又勾勒未来中国经济社会发展逻辑主线，为实现2035年远景目标奠定基础；

…………

这是一份沉甸甸的规划所揭示的：真正的历史主动，不仅仅在于预判一时潮汐方向，更在于顺应历史大势、抓住历史机遇、引领历史发展。

将什么作为战略重点，事关整体推进的成效。

大国之大，也有大国之重。抓住主要矛盾，实现重点突破，体现马克思主义的辩证法，彰显谋划发展的历史眼光和领导艺术。

就准确把握“十五五”时期经济社会发展重点，习近平总书记从12个方面明确要抓住一批具有重大牵引、驱动、支撑作用的战略任务。

考察辽宁本钢板材冷轧总厂第三冷轧厂，强调“实体经济是国民经济的根基所在”；来到河南洛阳轴承集团股份有限公司智能工厂，指出“推进中国式现代化要继续把制造业搞好”；走进山西阳泉阀门股份有限公司生产车间，感慨“实业兴国，实干兴邦”……

这一年，习近平总书记多次到制造业企业调研，要求一以贯之：实体经济不能丢，实体经济里边的传统产业不能丢。

虽有转型之艰、虽有爬坡之难，发展实业的传统要赓续。没有坚实的物质技术基础，就不可能全面建成社会主义现代化强国。

一路思索、步步深化、酝酿成熟……“建设现代化产业体系，巩固壮大实体经济根基”被列为战略任务之首并作出系统部署。

“安全”，从这一个年度高频词可以得见谋划之道。

2025年2月28日，中共中央政治局就建设更高水平平安中国进行第十九次集体学习，这也是开年后首次政治局集体学习。

“在工作中自觉把发展和安全统一起来，共同谋划、一体部署、相互促进。”习近平总书记要求坚定不移贯彻总体国家安全观，把平安中国建设推向更高水平。

2025年，春节前夕看望慰问基层干部群众，强调“加强安全生产，确保人民群众度过欢乐平安祥和的节日”；要求东北牢牢把握在维护国家“五大安全”中的重要使命；来到中原大地，强调“扛牢粮食安全责任”……

纵跨一年的时间轴上，治国理政的大棋局里，总书记把国家安全置于中国式现代化事业全局中思索和把握。

不断分析问题，不断总结规律，不断提炼升华。

党的二十届四中全会把“坚持统筹发展和安全”明确为“十五五”时期经济社会发展必须遵循的原则之一，着眼“在发展中固安全，在安全中谋发展”作出一系列战略部署。

秉持什么样的价值取向，关系未来发展的底色。

脱贫攻坚任务完成后5年过渡期的最后一年，全国两会后的首次地方考察，一场充满民生关怀的座谈传递深长意味。

2025年3月，习近平总书记来到贵州省黔东南州黎平县肇兴侗寨，鼓楼下，一方火塘，几张长凳，村民们围坐在总书记周围。

“第一书记制度还是要坚持”“就是要保留自己的特色，抓好人无我有的东西”……总书记同大家谈民生、话振兴，其乐融融里枝叶关情。

统筹城与乡。2025年7月，时隔10年，又一次中央城市工作会议在京召开，习近平总书记为建设创新、宜居、美丽、韧性、文明、智慧的现代化人民城市指明方向。

这一年，结合在东北、贵州、云南、上海、河南、山西、西藏、新疆等地考察或出席活动，习近平总书记对谋划“十五五”经济社会发展进行调研。深入基层一线，了解所思所盼，获取真知灼见。

问需于民、问计于民，从天南海北扩展到了线上空间。

2025年5月20日至6月20日，“十五五”规划编制工作开展网络征求意见活动。习近平总书记两次作出重要指示，强调“坚持科学决策、民主决策、依法决策”“广大人民群众积极建言献策，提出了许多有价值的意见建议，有关部门要认真研究吸纳”。

领袖同人民心心相印，党心与民心同频共振。

“十五五”规划建议在指导思想中突出强调推动全体人民共同富裕迈出坚实步伐。习近平总书记在就规划建议讨论稿作说明时，更是将此作为“指导‘十五五’时期经济社会发展的一个总体性要求”。

坚持惠民生和促消费、投资于物和投资于人紧密结合；加大直达消费者的普惠政策力度；加强普惠性、基础性、兜底性民生建设……

“要坚持不忘初心，站在人民立场考虑问题，坚持在发展中保障和改善民生，稳步推进共同富裕。”这是百年大党的不懈追求，这是人民领袖的不渝初心。

**笃行大道  挺膺担当——**

**“中国永远是世界的和平力量、稳定力量、进步力量”**

2025年，世界变乱交织、动荡加剧。回顾这一年的国际关系进程，一个历史性瞬间定格全球目光：

“我愿提出全球治理倡议，同各国一道，推动构建更加公正合理的全球治理体系，携手迈向人类命运共同体。”2025年9月1日，上海合作组织天津峰会上，习近平主席面向世界提出全球治理倡议。

循道而行，以中国方案引领人类社会前行方向——

2025年是世界反法西斯战争胜利和联合国成立80周年。天津峰会前，习近平主席会见联合国秘书长古特雷斯，深刻指明历史的启示：“多边主义、团结合作是解决全球性难题的正确答案”。

回望来路，当世界反法西斯战争的硝烟散尽，国际社会痛定思痛，联合国应运而生，全球治理掀开新的一页。

环顾当下，世界多极化、经济全球化、国际关系民主化成为日益澎湃的时代大潮，但冷战思维、霸权主义、保护主义阴霾不散，新威胁新挑战有增无减，世界进入新的动荡变革期。

“奉行主权平等”“遵守国际法治”“践行多边主义”“倡导以人为本”“注重行动导向”……历史的关键当口，习近平主席为全球治理体系改革完善指引清晰方向。

自2021年起，面对前所未有的全球性挑战，习近平主席相继提出全球发展倡议、全球安全倡议、全球文明倡议、全球治理倡议。四大全球倡议经纬纵横、有机统一，为推动构建人类命运共同体实践走深走实，搭建起系统完备的行动框架。

胸怀天下，以中国担当维护世界和平稳定——

2025年4月，新中国历史上首次中央周边工作会议在北京召开。

以全球视野审视周边，会议作出重要判断：“周边是实现发展繁荣的重要基础、维护国家安全的重点、运筹外交全局的首要、推动构建人类命运共同体的关键。”

会议后不到一周，习近平主席启程东南亚，2025年中国国家元首首次出访落笔周边。

在越南，习近平主席同越方领导人一次次并肩前行，边走边谈；在马来西亚，安瓦尔总理全程陪同习近平主席访马期间所有活动；在柬埔寨，西哈莫尼国王将习近平主席请进金边王宫，为这位“伟大的朋友”颁授“柬埔寨王国民族独立大项链级勋章”……

当“脱钩断链”“本国优先”甚嚣尘上，中国与周边国家何以能够更紧密地握手？

答案写在“像走亲戚一样”的频密互动里，写在“成就邻居就是帮助自己”的博大襟怀中。

2025年，习近平主席历次出访皆聚焦周边，从东南亚到俄罗斯、从哈萨克斯坦到韩国，足迹遍及周边各方向。每次出访，元首外交活动之密集，合作成果之丰硕，都为睦邻友好故事写下生动而鲜活的新篇。

亲戚越走越近，朋友越交越深。

“最宝贵的优势就是与中国为邻”“中国带来的不仅是稳定性，更是未来持久的希望”……亲诚惠容、命运与共，共同奔赴地区和平稳定、繁荣发展的光明前景。

2025年10月30日，韩国釜山，习近平主席同美国总统特朗普时隔6年再见面，全球瞩目。

互致问候、面对面落座、开场白、闭门晤谈，100多分钟后，两位大国元首并肩步出贵宾室，人们在密切关注中读到了“令人鼓舞的前景”。

“让中美关系这艘大船平稳前行”“携手多办一些有利于两国和世界的大事、实事、好事”……习近平主席以宏阔视野和格局，指明大国关系稳定发展之道。

党的二十届四中全会指出，“大国关系牵动国际形势，国际形势演变深刻影响国内发展”。

这一年，中美元首外交战略引领、把舵定向，世界前两大经济体多渠道层级沟通持续推进；习近平主席同俄罗斯总统普京实现互访，共商中俄各领域战略合作大计、共庆世界反法西斯战争胜利80周年、共谱维护国际公平正义新篇；习近平主席同法国总统马克龙在都江堰纵论天下，同欧盟领导人擘画中欧关系更加光明的下一个50年……

“大国要有大国的样子，要展现更多责任担当。”

在习近平主席的引领下，中国始终致力于促进大国协调和良性互动，推动构建和平共处、总体稳定、均衡发展的大国关系格局，为维护全球战略稳定贡献正能量。

携手共进，以中国机遇助力各国迈向共同现代化——

2025年11月，汤加国王图普六世访华，来到福建农林大学的菌草源广场，亲手种下一株菌草，并在留言簿上写道：菌草对像汤加这样的发展中国家，拥有巨大的潜力。

在北京会见图普六世时，习近平主席表示，中国将聚焦高质量发展，进一步全面深化改革，扩大高水平对外开放，同世界各国共享发展机遇。

“中国追求的不是独善其身的现代化”。

全球超过四分之三的国家加入共建“一带一路”大家庭；中欧班列累计开行突破12万列；进博会、广交会、链博会、服贸会、消博会等国际展会不断释放中国合作“磁吸力”……

不久前，多家国际机构上调2025年中国经济增速预期。多年来，中国经济对世界经济增长年均贡献率保持在30%左右，持续担当全球增长重要引擎。

世界正站在新的十字路口，何去何从考验着远见与担当。

以人民之心为心、以天下之利为利。习近平主席的呼吁引发强烈共鸣，“越是风高浪急，越要同舟共济”“共促繁荣、共赢未来，携手构建人类命运共同体”。

出席全球妇女峰会，提出进一步支持全球妇女事业发展的一系列重要举措；支持全球南方发展，宣布同拉美和加勒比国家携手启动团结、发展、文明、和平、民心“五大工程”，推动落实对53个非洲建交国实施100%税目产品零关税举措；《巴黎协定》达成10周年之际，宣布中国新一轮国家自主贡献……

行大道的中国，始终以宽广胸襟超越隔阂冲突，以博大情怀关照人类命运。

因此，世界惊叹、好奇——“中国正变得‘酷’起来”“最具影响力的全球事务参与者”“可靠的中国伙伴”；

进而，各方走近、探索——探寻中国式现代化成功密码的各国政要、坚定投资中国的外企高管、爱上“中国游”的各国人民纷至沓来……

日新月异的中国，可信、可爱、可敬的中国。

**万众一心  砥砺前行——**

**“奋力谱写中国式现代化更加绚丽的篇章”**

2025年9月3日，天安门广场，国之大典，振奋人心。

天安门城楼大殿内，悬挂着题为《众志成城》的巨幅画作；广场上，“众”字造型观礼台蔚为壮观。

纪念中国人民抗日战争暨世界反法西斯战争胜利80周年大会上，习近平总书记铿锵有力的庄严宣示，为国家记忆锚定永恒坐标：“传承和弘扬伟大抗战精神，踔厉奋发、勇毅前行，为以中国式现代化全面推进强国建设、民族复兴伟业而团结奋斗！”

从伟大胜利到伟大复兴，红旗招展、万众欢腾，映照盛世气象；战旗猎猎，铁流滚滚，激荡时代强音。

“令人印象深刻的展示！”有海外媒体感叹，“这是真正的力量与自信！”

曾经积贫积弱、饱受屈辱的“睡狮”，何以迎来从站起来、富起来到强起来的伟大飞跃？

昨天启迪今天，历史照亮未来。

山西阳泉狮脑山主峰上，百团大战纪念碑形如刺刀直插云霄。

2025年7月7日，全民族抗战爆发88周年之际，习近平总书记来到这里，向八路军烈士敬献花篮，并参观百团大战纪念馆展陈。

驻足、察看、沉思，重温这段历史，习近平总书记的讲话掷地有声：“百团大战的历史壮举，充分展现了我们党在全民族抗战中的中流砥柱作用，充分展现了党领导的人民战争的磅礴力量。”

有中国共产党砥柱中流的引路领航，有全体人民团结奋斗的磅礴力量——“中国式现代化，是我们为如何唤醒‘睡狮’、实现民族复兴这个重大历史课题所给出的答案”。

这是中国共产党领导的社会主义现代化，党的领导直接关系中国式现代化的根本方向、前途命运、最终成败。

2025年3月，深入贯彻中央八项规定精神学习教育刚刚启动，习近平总书记来到贵州、云南考察调研。

90年前，就在大西南的山水之间，中国共产党领导的红军冲破艰难险阻，实现了生死攸关的转折。

治国必先治党，党兴才能国强。实践一再证明，“越是形势复杂多变、任务艰巨繁重，越要坚持好、运用好、发展好党的领导这一最大优势”。

在“十四五”即将收官、“十五五”正在谋划的关键节点，再紧思想之弦、再砺初心之刃，关乎党的执政基础，关乎中国式现代化建设全局。

开展深入贯彻中央八项规定精神学习教育，是习近平总书记亲自谋划的2025年党建工作重点任务。

“这些年，八项规定确实是推动了根本性的变化，风气为之一新，过去积重难返的现象大部分没有了。同时要看到，有一些地方发生了松动，有一些方面还存在盲区死角，一些不良风气出现了反弹回潮。”习近平总书记道出党中央决定开展这次学习教育的深远考量，“钉钉子嘛，再钉几下，久久为功，化风为俗。”

2025年6月30日，“七一”前夕，北京中南海。中共中央政治局就健全落实中央八项规定精神、纠治“四风”长效机制进行第二十一次集体学习。

“我们党肩负的中国式现代化建设任务十分繁重，面临的执政环境异常复杂，自我革命这根弦必须绷得更紧。”习近平总书记由作风建设谈到党的自我革命，传递出把党的自我革命进行到底的鲜明信号。

坚定不移全面从严治党，深入推进新时代党的建设新的伟大工程，坚持以党的自我革命引领社会革命，党的创造力、凝聚力、战斗力持续增强，推动经济社会发展取得新的开创性进展、突破性变革、历史性成就。

这是全国各族人民共同奔赴的现代化，以中国式现代化全面推进中华民族伟大复兴是我国56个民族的共同事业，是全体中华儿女的共同心愿。

奔腾的雅鲁藏布江，映照雪域高原的沧桑巨变；悠久的丝路古道，见证天山南北的日新月异。

2025年8月、9月，习近平作为中共中央总书记、国家主席、中央军委主席率中央代表团出席西藏自治区、新疆维吾尔自治区成立庆祝活动，这在党和国家历史上都是第一次。

习近平总书记所到之处，各族群众载歌载舞，高声欢呼，欢迎总书记的到来，表达对总书记的衷心祝福，也表达共同团结奋斗、共同繁荣发展，同心携手谱写中国式现代化建设新篇章的愿望与决心。

“中华民族是一个大家庭，一家人都要过上好日子。”

主持中共中央政治局会议研究民族团结进步促进法草案，回信勉励民族地区干部群众，在多次地方考察中关注各民族交往交流交融……习近平总书记身体力行推进中华民族共同体建设，各族干部群众的思想和行动统一到党中央决策部署上来，步调一致向前进。

久久为功推动粤港澳大湾区建设，推动香港澳门更好融入和服务国家发展大局，在台湾光复80周年之际以国家名义设立台湾光复纪念日……全体中华儿女血肉相连，命运与共。

以中国式现代化全面推进强国建设、民族复兴伟业，是关乎长远发展的宏伟征程，不会一帆风顺，甚至会遇到难以想象的惊涛骇浪。

“实现中华民族伟大复兴是前无古人的伟大事业。憧憬和挑战，都激发我们只争朝夕、永不懈怠的奋斗精神。”2025年的国庆招待会上，习近平总书记的话充满力量。

神州大地，处处涌动澎湃生机：

东北的冰雪世界，哈尔滨亚冬会点燃运动激情，赛事经济持续释放消费潜力；

多彩的西南大地，农文旅深度融合，助力乡村全面振兴；

南海的碧波之上，我国第一艘电磁弹射型航母海军福建舰完成入列后首次海上实兵训练；

…………

一切伟大成就都是接续奋斗的结果，一切伟大事业都需要在继往开来中推进。

2025年11月9日晚，广东奥体中心，习近平总书记宣布第十五届全国运动会开幕。以《圆梦未来》为主题的文体展演中，随着百头醒狮结合VR技术震撼登场，家国情怀的身份认同、民族振兴的情感认同，激荡在亿万中华儿女心中。

正如“已经觉醒的雄狮”，中华民族自信奋进在中国式现代化康庄大道上。

追寻梦想的征途，一程接着一程。

走过“极不寻常、极不平凡”的“十四五”，迎来“夯实基础、全面发力”的“十五五”，更加紧密团结在以习近平同志为核心的党中央周围，向着中华民族伟大复兴的光辉彼岸奋勇前进，我们信心十足、底气十足、力量十足！

（新华社北京1月1日电）",新华社记者,要闻,,https://paper.people.com.cn/rmrb/pc/content/202601/02/content_30128896.html,2026-01-02,"['习近平', '2025', '总书记', '中国式', '发展', '现代化', '全球', '中国', '主席', '历史']","历史的交汇点上，总是气象万千。
2025年，进一步全面深化改革的重要一年，脱贫攻坚任务完成后5年过渡期的最后一年，“十四五”收官之年、“十五五”谋划之年。
面对错综复杂的国际形势和艰巨繁重的国内改革发展稳定任务，以习近平同志为核心的党中央团结带领全党全国各族人民，迎难而上、砥砺前行，在强国建设、民族复兴征程中写下“很不平凡”的一笔。",政治,,,[]
“小家”热气腾腾，“大家”蒸蒸日上,"“柴米油盐、三餐四季，每个‘小家’热气腾腾，中国这个‘大家’就蒸蒸日上。”习近平总书记二〇二六年新年贺词中的这句话，温暖了无数个中国家庭。
“民生无小事，枝叶总关情。”党的十八大以来，习近平总书记的脚步遍及大江南北，察民情、听民声、问冷暖，关注“小家”的幸福冷暖，强调“家事国事天下事，让人民过上幸福生活是头等大事”。
“我最牵挂的还是困难群众”
刚出锅的水煎包冒着热气，实惠的大碗羊肉汤四处飘香。冬日的山东临沂市曹洼大集，热闹的氛围里，洋溢着幸福与满足。
清晨的早餐摊、丰盛的团圆饭、田间的丰收景、社区的欢笑声，平凡的场景里，有百姓对美好生活的向往，映照国家发展的温度与厚度。
习近平总书记指出：“国家富强，民族复兴，最终要体现在千千万万个家庭都幸福美满上，体现在亿万人民生活不断改善上。”
困难群众的生活好不好，民生底线兜得牢不牢，最检验人民幸福的成色。
珠峰脚下，朋曲河畔，一片崭新的藏式小楼错落有致。这是西藏日喀则市定日县长所乡森嘎村村民们的新家。
室外冰天雪地，屋内暖意融融。“家里水、电、网络等一应俱全，住着很舒心。”村民阿旺说。
2025年1月7日，定日县发生6.8级地震；震后第三天，西藏开展民房户型设计、清理废墟等前期工作；3月初，启动建设；10月底，建成交付，数万受灾群众实现温暖过冬。
“我最牵挂的还是困难群众”“对困难群众，我们要格外关注、格外关爱、格外关心，帮助他们排忧解难”。三个“格外”，映照习近平总书记对困难群众的关心关怀。
低保扩围提标，动态调整；社会救助提质增效；残疾人补贴跨省通办……近年来，在习近平总书记的亲切关怀下，民生兜底保障网不断织牢，弱有众扶的“幸福清单”逐渐形成——
基本生活救助制度不断完善，“应保尽保、应救尽救”，扶助更有力度；
大数据监测与“铁脚板”筛查相结合，从“人找政策”到“政策找人”，扶助更有精度；
定期探访、就业帮扶、心理疏导……从单一物质救助向“物质+服务”综合救助转变，扶助更有温度。
“十四五”时期，全国城乡低保的平均标准较2020年分别增长22.5%和24.6%；我国基本建成了分层分类的社会救助体系。世界上规模最大的社会保障网不断织密扎牢，让现代化建设成果越来越多地惠及广大困难群众。
“‘一老一幼’是大多数家庭的主要关切”
上海徐汇区漕溪三村，年近七旬的顾兰妹再也不用冒着寒风出门倒马桶。
2025年9月，上海“拎马桶”改造任务提前完成。“蜗居”40多年的顾兰妹搬进了电梯房，卫生间装上了坐便器，“搪瓷痰盂，彻底拜拜”。
改造老旧小区，让居民不再“拎马桶”，一平方米的“小温暖”，解决的却是社区居民尤其是老年人的“大烦恼”。
老有所养、幼有所育。进入老龄化社会的中国，“一老一小”牵动万千家庭，关乎民生福祉。
“‘一老一幼’是大多数家庭的主要关切”，在社区、在乡村、在学校，习近平总书记一次次与老人话家常、牵起孩子们的小手，强调“抓住‘一老一小’这个重点，更加精准有效地为群众排忧解难”。
从顶层设计到基层“最后一公里”，总书记带领大家一步一个脚印，兑现庄严承诺。
“十四五”以来，我国完成特殊困难老年人家庭适老化改造224万户，建成示范性社区居家养老服务网络500个、示范性老年友好型社区2990个、老年助餐点8.6万个。养老服务体系不断健全，服务能力不断提升。
老吾老以及人之老，幼吾幼以及人之幼。
宁夏银川市丽景街街道玺悦社区，依托中央财政支持的普惠托育服务发展示范项目“银川娃好托”设立的社区“宝宝屋”，解决了不少年轻父母的托育难题。“自从社区有了‘宝宝屋’，带娃方便多了。”社区居民李女士赞不绝口。
长者食堂，饭菜飘香；托管班里，童声阵阵——“一老一小”，幸福和谐。
“适老化改造给老年人带来方便，育儿家庭每月多了300元补贴”，二〇二六年新年贺词里，习近平总书记对“一老一小”的关怀温暖人心。
“一老一小”服务网进一步织牢织密，绘就“夕阳红”“朝阳艳”的幸福图景。
“发展是实现人民幸福的关键”
冬日清晨，“啪、啪、啪”的打糍粑声，从江西井冈山市茅坪镇神山村村民彭德良家的小院传出，糯香弥漫，沁人心脾。
10年前，习近平总书记沿着崎岖山路来到神山村，留下殷殷嘱托：“在扶贫的路上，不能落下一个贫困家庭，丢下一个贫困群众。”
挖冬笋、种黄桃，办民宿、开网店，政策支持加上村民努力奋斗，如今的神山村，产业兴旺，游客不断，年人均可支配收入达3.4万元。
“发展是实现人民幸福的关键”。乡村兴旺图景，照见新时代恢宏壮丽的民生答卷。
2026年是“十五五”开局之年，做好“三农”工作至关重要。近日，习近平总书记对做好“三农”工作作出重要指示，强调“要持续巩固拓展脱贫攻坚成果，把常态化帮扶纳入乡村振兴战略统筹实施，守牢不发生规模性返贫致贫底线”。
政策有温度。帮扶政策“工具箱”持续扩容，民生建设更加公平、均衡、普惠、可及。15万支驻村工作队、50多万名驻村干部坚守乡村一线，牢牢守住不发生规模性返贫致贫底线。
账本有情怀。“十四五”时期，我国民生领域财政投入近100万亿元。2025年，全国一般公共预算的教育支出、社会保障和就业支出预算安排分别增长6.1%和5.9%，“投资于人”的底气越来越足。
数据有力量。我国建成世界上规模最大的疾病预防控制体系和医疗服务体系、全球规模最大的教育体系，居民人均预期寿命达到79岁。
从“国家大事”到“关键小事”，每一个扎实的民生注脚，都化作亿万人民心中踏实鲜活的获得感。
一个个热气腾腾的“小家”，汇聚成一个蒸蒸日上的“大家”。中国式现代化，民生为大。这是总书记始终如一的人民情怀。","# “小家”热气腾腾，“大家”蒸蒸日上

> 本报记者  李昌禹  杨  昊《人民日报》（2026年01月02日第 01 版）

“柴米油盐、三餐四季，每个‘小家’热气腾腾，中国这个‘大家’就蒸蒸日上。”习近平总书记二〇二六年新年贺词中的这句话，温暖了无数个中国家庭。

“民生无小事，枝叶总关情。”党的十八大以来，习近平总书记的脚步遍及大江南北，察民情、听民声、问冷暖，关注“小家”的幸福冷暖，强调“家事国事天下事，让人民过上幸福生活是头等大事”。

**“我最牵挂的还是困难群众”**

刚出锅的水煎包冒着热气，实惠的大碗羊肉汤四处飘香。冬日的山东临沂市曹洼大集，热闹的氛围里，洋溢着幸福与满足。

清晨的早餐摊、丰盛的团圆饭、田间的丰收景、社区的欢笑声，平凡的场景里，有百姓对美好生活的向往，映照国家发展的温度与厚度。

习近平总书记指出：“国家富强，民族复兴，最终要体现在千千万万个家庭都幸福美满上，体现在亿万人民生活不断改善上。”

困难群众的生活好不好，民生底线兜得牢不牢，最检验人民幸福的成色。

珠峰脚下，朋曲河畔，一片崭新的藏式小楼错落有致。这是西藏日喀则市定日县长所乡森嘎村村民们的新家。

室外冰天雪地，屋内暖意融融。“家里水、电、网络等一应俱全，住着很舒心。”村民阿旺说。

2025年1月7日，定日县发生6.8级地震；震后第三天，西藏开展民房户型设计、清理废墟等前期工作；3月初，启动建设；10月底，建成交付，数万受灾群众实现温暖过冬。

“我最牵挂的还是困难群众”“对困难群众，我们要格外关注、格外关爱、格外关心，帮助他们排忧解难”。三个“格外”，映照习近平总书记对困难群众的关心关怀。

低保扩围提标，动态调整；社会救助提质增效；残疾人补贴跨省通办……近年来，在习近平总书记的亲切关怀下，民生兜底保障网不断织牢，弱有众扶的“幸福清单”逐渐形成——

基本生活救助制度不断完善，“应保尽保、应救尽救”，扶助更有力度；

大数据监测与“铁脚板”筛查相结合，从“人找政策”到“政策找人”，扶助更有精度；

定期探访、就业帮扶、心理疏导……从单一物质救助向“物质+服务”综合救助转变，扶助更有温度。

“十四五”时期，全国城乡低保的平均标准较2020年分别增长22.5%和24.6%；我国基本建成了分层分类的社会救助体系。世界上规模最大的社会保障网不断织密扎牢，让现代化建设成果越来越多地惠及广大困难群众。

**“‘一老一幼’是大多数家庭的主要关切”**

上海徐汇区漕溪三村，年近七旬的顾兰妹再也不用冒着寒风出门倒马桶。

2025年9月，上海“拎马桶”改造任务提前完成。“蜗居”40多年的顾兰妹搬进了电梯房，卫生间装上了坐便器，“搪瓷痰盂，彻底拜拜”。

改造老旧小区，让居民不再“拎马桶”，一平方米的“小温暖”，解决的却是社区居民尤其是老年人的“大烦恼”。

老有所养、幼有所育。进入老龄化社会的中国，“一老一小”牵动万千家庭，关乎民生福祉。

“‘一老一幼’是大多数家庭的主要关切”，在社区、在乡村、在学校，习近平总书记一次次与老人话家常、牵起孩子们的小手，强调“抓住‘一老一小’这个重点，更加精准有效地为群众排忧解难”。

从顶层设计到基层“最后一公里”，总书记带领大家一步一个脚印，兑现庄严承诺。

“十四五”以来，我国完成特殊困难老年人家庭适老化改造224万户，建成示范性社区居家养老服务网络500个、示范性老年友好型社区2990个、老年助餐点8.6万个。养老服务体系不断健全，服务能力不断提升。

老吾老以及人之老，幼吾幼以及人之幼。

宁夏银川市丽景街街道玺悦社区，依托中央财政支持的普惠托育服务发展示范项目“银川娃好托”设立的社区“宝宝屋”，解决了不少年轻父母的托育难题。“自从社区有了‘宝宝屋’，带娃方便多了。”社区居民李女士赞不绝口。

长者食堂，饭菜飘香；托管班里，童声阵阵——“一老一小”，幸福和谐。

“适老化改造给老年人带来方便，育儿家庭每月多了300元补贴”，二〇二六年新年贺词里，习近平总书记对“一老一小”的关怀温暖人心。

“一老一小”服务网进一步织牢织密，绘就“夕阳红”“朝阳艳”的幸福图景。

**“发展是实现人民幸福的关键”**

冬日清晨，“啪、啪、啪”的打糍粑声，从江西井冈山市茅坪镇神山村村民彭德良家的小院传出，糯香弥漫，沁人心脾。

10年前，习近平总书记沿着崎岖山路来到神山村，留下殷殷嘱托：“在扶贫的路上，不能落下一个贫困家庭，丢下一个贫困群众。”

挖冬笋、种黄桃，办民宿、开网店，政策支持加上村民努力奋斗，如今的神山村，产业兴旺，游客不断，年人均可支配收入达3.4万元。

“发展是实现人民幸福的关键”。乡村兴旺图景，照见新时代恢宏壮丽的民生答卷。

2026年是“十五五”开局之年，做好“三农”工作至关重要。近日，习近平总书记对做好“三农”工作作出重要指示，强调“要持续巩固拓展脱贫攻坚成果，把常态化帮扶纳入乡村振兴战略统筹实施，守牢不发生规模性返贫致贫底线”。

政策有温度。帮扶政策“工具箱”持续扩容，民生建设更加公平、均衡、普惠、可及。15万支驻村工作队、50多万名驻村干部坚守乡村一线，牢牢守住不发生规模性返贫致贫底线。

账本有情怀。“十四五”时期，我国民生领域财政投入近100万亿元。2025年，全国一般公共预算的教育支出、社会保障和就业支出预算安排分别增长6.1%和5.9%，“投资于人”的底气越来越足。

数据有力量。我国建成世界上规模最大的疾病预防控制体系和医疗服务体系、全球规模最大的教育体系，居民人均预期寿命达到79岁。

从“国家大事”到“关键小事”，每一个扎实的民生注脚，都化作亿万人民心中踏实鲜活的获得感。

一个个热气腾腾的“小家”，汇聚成一个蒸蒸日上的“大家”。中国式现代化，民生为大。这是总书记始终如一的人民情怀。",李昌禹  杨  昊,要闻,,https://paper.people.com.cn/rmrb/pc/content/202601/02/content_30128899.html,2026-01-02,"['总书记', '习近平', '一老', '社区', '困难群众', '民生', '幸福', '小家', '家庭', '救助']","“柴米油盐、三餐四季，每个‘小家’热气腾腾，中国这个‘大家’就蒸蒸日上。”习近平总书记二〇二六年新年贺词中的这句话，温暖了无数个中国家庭。
“民生无小事，枝叶总关情。”党的十八大以来，习近平总书记的脚步遍及大江南北，察民情、听民声、问冷暖，关注“小家”的幸福冷暖，强调“家事国事天下事，让人民过上幸福生活是头等大事”。
“我最牵挂的还是困难群众”",政治,,,[]
以实干成就伟业  以创新赢得未来,"岁序更替，华章日新，我们迎来崭新的2026年。
2025年12月31日，习近平总书记在全国政协新年茶话会上发表重要讲话，回顾过去取得的成就，擘画未来发展蓝图，令社会各界深受鼓舞。
广大干部群众表示，要认真学习领会习近平总书记重要讲话精神，进一步坚定发展信心、凝聚发展共识，勠力同心、实干笃行，向着“十五五”发展目标昂扬奋进，为强国建设、民族复兴伟业作出新的更大贡献。
成就非凡  振奋人心
2025年12月31日，全国政协礼堂灯光璀璨、气氛热烈。
“2025年是很不平凡的一年。我们迎难而上、奋力拼搏，顺利完成经济社会发展主要目标。”现场聆听习近平总书记重要讲话，全国政协常委张连起心潮澎湃。他表示，回望过去5年，在以习近平同志为核心的党中央坚强领导下，我国经济、科技、国防等硬实力和文化、制度、外交等软实力明显提升，高质量发展成色更足，中国式现代化步履坚实。他为国家发展成就感到振奋，也为人民政协在其中发挥的作用感到自豪。
2025年，我国经济顶压前行、向新向优发展，展现强大韧性和活力。
“习近平总书记在讲话中深刻分析了当前经济发展形势。过去一年，党和国家对民营经济的支持力度不断增强，令我们信心倍增。”全国工商联副主席、赛力斯集团董事长张兴海表示，将带领团队继续深耕新能源汽车领域，不断提高核心竞争力，在加快培育新质生产力中展现民营企业担当。
浙江湖州市凭借生态、旅游、区位优势，“民宿圈”持续带动“经济圈”繁荣。“良好的生态环境是最普惠的民生福祉。”湖州市委改革办（市委生态文明办）常务副主任夏威说，我们践行绿水青山就是金山银山理念，积极探索生态产品价值实现路径，持续释放生态红利，让好山水、好空气变成实实在在的资产和收益，老百姓在家门口吃上了“生态饭”。
习近平总书记在讲话中指出“民生保障更加有力”，辽宁沈阳市沈河区滨河街道多福社区党委书记樊月对此深有体会。
近年来，多福社区着力解决居民急难愁盼问题，不断提升群众的获得感和幸福感。“我们牢记习近平总书记嘱托，大力推进适老化改造，对道路、管网、绿化进行全方位升级，老人安享晚年、孩童快乐成长的美好画卷已然呈现，群众生活更有品质、更有温度。”樊月说。
把握机遇  稳中求进
2026年是“十五五”开局之年。“加快构建新发展格局”“着力推动高质量发展”“坚持稳中求进工作总基调”……习近平总书记对新的一年开好局、起好步提出明确要求。
“习近平总书记高度重视科技创新，作为科技工作者，我们深感重任在肩。”2025年度中国青年五四奖章获得者、中国科学院计算技术研究所研究员郭崎说，“党的二十届四中全会对加快高水平科技自立自强作出部署，我们要抢抓机遇，聚焦集成电路、人工智能等前沿领域，强化基础研究，攻关科学难题，为我国科技长远发展提供‘源头活水’。”
2025年最后一个工作日，全国政协委员、甘肃农业大学教授柴守玺带领学生在试验田里进行土壤水分和养分测定。“通过农业技术创新和应用，粮食增产有很大潜力。我们要把握农业现代化发展新机遇，进一步攻克农业难题，用技术守好‘大国粮仓’，助力农业增效益、农村增活力、农民增收入。”柴守玺说。
南海之滨，潮声激荡。2025年12月18日，海南自由贸易港正式启动全岛封关，中国对外开放迎来新的里程碑时刻。
中国（海南）改革发展研究院院长迟福林对习近平总书记讲话中“改革开放迈出新步伐”印象深刻：“封关运作释放了进一步扩大高水平对外开放的积极信号，我们要按照习近平总书记的要求，加紧推进核心政策落地，把海南自由贸易港打造成为引领我国新时代对外开放的重要门户，同世界共享发展机遇。”
团结奋斗  再谱新篇
江西于都，中央红军长征集结出发地。回忆起6年多前习近平总书记来到于都县梓山富硒蔬菜产业园考察蔬菜产业发展情况，梓山镇潭头村党总支书记刘连云记忆犹新。
“党的惠农政策好，如今我们的富硒蔬菜产品不断做大做强，成了‘香饽饽’。”刘连云说，2026年是红军长征胜利90周年，我们要苦干实干、接续奋斗，带领乡亲们把日子越过越红火，走好新时代长征路。
2025年，雪域高原、天山南北分别迎来历史性时刻——西藏自治区成立60周年、新疆维吾尔自治区成立70周年。
学习习近平总书记重要讲话，新疆巴楚县童梦幼儿园园长艾米拉古丽·阿不都不禁回忆起几个月前，她在新疆维吾尔自治区成立70周年庆祝大会上发言的场景。她表示，要坚守新疆这片希望的沃土，在日常教学中引导各族儿童增进了解、加深友谊，让民族团结的种子从小植根孩子们心田。
党的作风就是党的形象。“作为一名基层干部，我和同事们将贯彻落实好习近平总书记的重要讲话精神，坚持锤炼作风和履职作为同向发力，以务实作风和有力行动，巩固拓展深入贯彻中央八项规定精神学习教育成果，当好基层作风建设的‘排头兵’。”云南昆明市委组织部干部罗云紫说。
在推进强国建设、民族复兴伟业的新征程上，人民政协使命光荣、责任重大。
“深入协商议政”“积极建言献策”……习近平总书记的重要讲话让全国政协常委、山东大学儒学高等研究院院长王学典开始思考2026年的履职工作：“我将在推进大力繁荣文化事业等方面用心用情履职建言，推进中华优秀传统文化创造性转化、创新性发展，以文化认同凝聚人心、汇聚力量，助力中国式现代化行稳致远。”
在广东广州南沙粤港澳全面合作示范区内，95后澳门青年李伟杰正和创业伙伴讨论文化产品创意：“不久前，十五运会在粤港澳三地举行，我们创作的文化产品亮相这场盛会，真切感受到粤港澳大湾区融合发展带来的机遇。”
新的一年，李伟杰满怀希望：“习近平总书记对青年寄予厚望，我将继续把个人理想融入国家发展大局，同大湾区的创业青年们同心同力、奋斗逐梦，为强国建设、民族复兴伟业贡献青春力量。”
（新华社北京1月1日电）","# 以实干成就伟业  以创新赢得未来

## ——习近平总书记在全国政协新年茶话会上的重要讲话激励广大干部群众勠力同心昂扬奋进

> 新华社记者《人民日报》（2026年01月02日第 02 版）

岁序更替，华章日新，我们迎来崭新的2026年。

2025年12月31日，习近平总书记在全国政协新年茶话会上发表重要讲话，回顾过去取得的成就，擘画未来发展蓝图，令社会各界深受鼓舞。

广大干部群众表示，要认真学习领会习近平总书记重要讲话精神，进一步坚定发展信心、凝聚发展共识，勠力同心、实干笃行，向着“十五五”发展目标昂扬奋进，为强国建设、民族复兴伟业作出新的更大贡献。

**成就非凡  振奋人心**

2025年12月31日，全国政协礼堂灯光璀璨、气氛热烈。

“2025年是很不平凡的一年。我们迎难而上、奋力拼搏，顺利完成经济社会发展主要目标。”现场聆听习近平总书记重要讲话，全国政协常委张连起心潮澎湃。他表示，回望过去5年，在以习近平同志为核心的党中央坚强领导下，我国经济、科技、国防等硬实力和文化、制度、外交等软实力明显提升，高质量发展成色更足，中国式现代化步履坚实。他为国家发展成就感到振奋，也为人民政协在其中发挥的作用感到自豪。

2025年，我国经济顶压前行、向新向优发展，展现强大韧性和活力。

“习近平总书记在讲话中深刻分析了当前经济发展形势。过去一年，党和国家对民营经济的支持力度不断增强，令我们信心倍增。”全国工商联副主席、赛力斯集团董事长张兴海表示，将带领团队继续深耕新能源汽车领域，不断提高核心竞争力，在加快培育新质生产力中展现民营企业担当。

浙江湖州市凭借生态、旅游、区位优势，“民宿圈”持续带动“经济圈”繁荣。“良好的生态环境是最普惠的民生福祉。”湖州市委改革办（市委生态文明办）常务副主任夏威说，我们践行绿水青山就是金山银山理念，积极探索生态产品价值实现路径，持续释放生态红利，让好山水、好空气变成实实在在的资产和收益，老百姓在家门口吃上了“生态饭”。

习近平总书记在讲话中指出“民生保障更加有力”，辽宁沈阳市沈河区滨河街道多福社区党委书记樊月对此深有体会。

近年来，多福社区着力解决居民急难愁盼问题，不断提升群众的获得感和幸福感。“我们牢记习近平总书记嘱托，大力推进适老化改造，对道路、管网、绿化进行全方位升级，老人安享晚年、孩童快乐成长的美好画卷已然呈现，群众生活更有品质、更有温度。”樊月说。

**把握机遇  稳中求进**

2026年是“十五五”开局之年。“加快构建新发展格局”“着力推动高质量发展”“坚持稳中求进工作总基调”……习近平总书记对新的一年开好局、起好步提出明确要求。

“习近平总书记高度重视科技创新，作为科技工作者，我们深感重任在肩。”2025年度中国青年五四奖章获得者、中国科学院计算技术研究所研究员郭崎说，“党的二十届四中全会对加快高水平科技自立自强作出部署，我们要抢抓机遇，聚焦集成电路、人工智能等前沿领域，强化基础研究，攻关科学难题，为我国科技长远发展提供‘源头活水’。”

2025年最后一个工作日，全国政协委员、甘肃农业大学教授柴守玺带领学生在试验田里进行土壤水分和养分测定。“通过农业技术创新和应用，粮食增产有很大潜力。我们要把握农业现代化发展新机遇，进一步攻克农业难题，用技术守好‘大国粮仓’，助力农业增效益、农村增活力、农民增收入。”柴守玺说。

南海之滨，潮声激荡。2025年12月18日，海南自由贸易港正式启动全岛封关，中国对外开放迎来新的里程碑时刻。

中国（海南）改革发展研究院院长迟福林对习近平总书记讲话中“改革开放迈出新步伐”印象深刻：“封关运作释放了进一步扩大高水平对外开放的积极信号，我们要按照习近平总书记的要求，加紧推进核心政策落地，把海南自由贸易港打造成为引领我国新时代对外开放的重要门户，同世界共享发展机遇。”

**团结奋斗  再谱新篇**

江西于都，中央红军长征集结出发地。回忆起6年多前习近平总书记来到于都县梓山富硒蔬菜产业园考察蔬菜产业发展情况，梓山镇潭头村党总支书记刘连云记忆犹新。

“党的惠农政策好，如今我们的富硒蔬菜产品不断做大做强，成了‘香饽饽’。”刘连云说，2026年是红军长征胜利90周年，我们要苦干实干、接续奋斗，带领乡亲们把日子越过越红火，走好新时代长征路。

2025年，雪域高原、天山南北分别迎来历史性时刻——西藏自治区成立60周年、新疆维吾尔自治区成立70周年。

学习习近平总书记重要讲话，新疆巴楚县童梦幼儿园园长艾米拉古丽·阿不都不禁回忆起几个月前，她在新疆维吾尔自治区成立70周年庆祝大会上发言的场景。她表示，要坚守新疆这片希望的沃土，在日常教学中引导各族儿童增进了解、加深友谊，让民族团结的种子从小植根孩子们心田。

党的作风就是党的形象。“作为一名基层干部，我和同事们将贯彻落实好习近平总书记的重要讲话精神，坚持锤炼作风和履职作为同向发力，以务实作风和有力行动，巩固拓展深入贯彻中央八项规定精神学习教育成果，当好基层作风建设的‘排头兵’。”云南昆明市委组织部干部罗云紫说。

在推进强国建设、民族复兴伟业的新征程上，人民政协使命光荣、责任重大。

“深入协商议政”“积极建言献策”……习近平总书记的重要讲话让全国政协常委、山东大学儒学高等研究院院长王学典开始思考2026年的履职工作：“我将在推进大力繁荣文化事业等方面用心用情履职建言，推进中华优秀传统文化创造性转化、创新性发展，以文化认同凝聚人心、汇聚力量，助力中国式现代化行稳致远。”

在广东广州南沙粤港澳全面合作示范区内，95后澳门青年李伟杰正和创业伙伴讨论文化产品创意：“不久前，十五运会在粤港澳三地举行，我们创作的文化产品亮相这场盛会，真切感受到粤港澳大湾区融合发展带来的机遇。”

新的一年，李伟杰满怀希望：“习近平总书记对青年寄予厚望，我将继续把个人理想融入国家发展大局，同大湾区的创业青年们同心同力、奋斗逐梦，为强国建设、民族复兴伟业贡献青春力量。”

（新华社北京1月1日电）",新华社记者,要闻,,https://paper.people.com.cn/rmrb/pc/content/202601/02/content_30128900.html,2026-01-02,"['习近平', '总书记', '2025', '发展', '重要讲话', '2026', '全国政协', '我们', '粤港澳', '伟业']","岁序更替，华章日新，我们迎来崭新的2026年。
2025年12月31日，习近平总书记在全国政协新年茶话会上发表重要讲话，回顾过去取得的成就，擘画未来发展蓝图，令社会各界深受鼓舞。
广大干部群众表示，要认真学习领会习近平总书记重要讲话精神，进一步坚定发展信心、凝聚发展共识，勠力同心、实干笃行，向着“十五五”发展目标昂扬奋进，为强国建设、民族复兴伟业作出新的更大贡献。",政治,,,[]
推动农业农村现代化再上新台阶,"“锚定农业农村现代化，扎实推进乡村全面振兴，推动城乡融合发展。”“各级党委和政府要坚持把解决好‘三农’问题作为重中之重，坚持五级书记抓乡村振兴，奋发进取、真抓实干，努力把农业建成现代化大产业、使农村基本具备现代生活条件、让农民生活更加富裕美好。”
中央农村工作会议2025年12月29日至12月30日在北京召开，习近平总书记对做好“三农”工作的重要指示，在广大干部群众中引发热烈反响。大家表示，要铆足干劲、真抓实干，深入贯彻落实习近平总书记的重要指示精神，落实好中央农村工作会议部署，提升农业综合生产能力和质量效益，促进农民稳定增收，守牢不发生规模性返贫致贫底线，推动乡村全面振兴取得新进展、农业农村现代化再上新台阶。
把农业建成现代化大产业
“要毫不放松抓好粮食生产，促进良田良种良机良法集成增效，提升农业综合生产能力和质量效益。”习近平总书记的重要指示为现代农业发展指明了方向。
2025年，全国粮食产量达到14297.5亿斤，实现高位增产。“菜篮子”产品供应足、种类多，城乡居民愈加丰富的餐桌，见证着我国加快建设农业强国的扎实步伐。
聚焦“国之大者”，持续挖掘粮食增产潜力。
“我们将坚持藏粮于地、藏粮于技，把粮油作物大面积单产提升作为主攻方向。”山东枣庄市农业农村局党组书记、局长王涛表示，2026年将以打造小麦玉米单产提升整建制推进县为牵引，推动“吨半粮”产能区拓展。针对中央农村工作会议强调的“增强农业防灾减灾能力”，王涛说：“下一步，我们计划新建和改造提升一批高标准农田，着力推广应急农机装备，不断增强粮食生产韧性。”
发展农业新质生产力，强化科技“硬核”支撑。
视觉识别、多臂协同，每小时采收2500根鲜芦笋……针对采收短板，农业农村部南京农业机械化研究所团队联合多方攻关，加速绿芦笋高速采收机器人熟化落地。
“会议强调加强农业关键核心技术攻关和科技成果高效转化应用，我们将瞄准一线所需，促进产学研用紧密结合。”研究所农业机器人团队负责人夏先飞表示，将持续聚焦果蔬、粮油等重大装备需求，攻关研发系列智能化生产装备，加快推进人工智能在农业领域的应用，以科技创新推动粮油及特色经济作物产业高质量发展。
延链、补链、强链，推动现代农业全链条升级。
四川青神县打好茶叶品种、品质、品牌“组合拳”，不断提高茶叶附加值。前不久，一座标准化茶叶加工厂在该县玉蟾寺村开工建设。
“统筹发展科技农业、绿色农业、质量农业、品牌农业，我们将立足深山丘陵地貌和微酸性砂质土壤，持续提升‘土特产’质量效益。”玉蟾寺村党总支书记任福华说，村集体正积极打造自主茶叶品牌，布局电商直播等新型销售渠道。依托竹茶资源，村里还将规划集竹海观光、采茶制茶体验于一体的乡村旅游项目，大力推动农旅融合发展。
使农村基本具备现代生活条件
“要学习运用‘千万工程’经验，因地制宜推进宜居宜业和美乡村建设，提升乡村治理和文明乡风建设水平。”习近平总书记的重要指示为乡村建设提供了根本遵循。
完善建设机制，让乡村更宜居宜业。
江苏宿迁市宿城区王官集镇苗圩村，曾是“省定经济薄弱村”，通过片区化建设，如今村容村貌焕然一新，渔文旅产业风生水起，村民人均可支配收入突破3万元。宿城区委书记耿晓云表示，因地制宜完善乡村建设实施机制，统筹推进基础设施、公共配套、人居环境与产业发展。2026年计划再建成18个和美乡村，全面建成2个省级片区化和美乡村，让和美乡村成为广大农民的幸福家园。
补齐设施短板，基础设施向村覆盖、往户延伸。
傍晚，浙江衢州市龙游县浦山村村民雷石明开着新能源车回村，熟练地在公共停车场充电，顺道从服务站取了快递。“村里设施不比城里差，生活很方便。”
“会议提出加快补齐农村现代生活条件短板，创造乡村优质生活空间，我们将进一步提升农村基础设施完备度、公共服务便利度。”衢州市农业农村局副局长万志正介绍，下一步将推动冷链配送和即时零售向乡镇延伸，加快在中心村、交通枢纽布局公共充电网络。国网衢州供电公司相关负责人表示，将进一步织密乡村充电网络，改善乡村生活条件，助力宜居宜业和美乡村建设。
提升治理效能，文明乡风让乡村更有“里子”。
“我们将深入实施文明乡风建设工程，持续推进农村移风易俗，赋能和美乡村建设。”内蒙古乌审旗委书记王雪峰表示，将常态化开展“送电影下乡”“文化培训进村”等活动，以文化滋养文明，引导嘎查村修订村规民约，创新建立老支书调解室、地企议事厅等，坚持和发展新时代“枫桥经验”，通过基层善治筑牢移风易俗根基，推动乡村焕发文明新气象。
让农民生活更加富裕美好
“要提高强农惠农富农政策效能，促进粮食等重要农产品价格保持在合理水平，促进农民稳定增收。”“要持续巩固拓展脱贫攻坚成果，把常态化帮扶纳入乡村振兴战略统筹实施，守牢不发生规模性返贫致贫底线。”
习近平总书记的深情牵挂、殷殷嘱托，转化为“让乡亲们的日子越过越红火”的奋发进取。
巩固拓展脱贫攻坚成果，让“党建红”引领“产业兴”。
在湖北随县，3亿棒香菇、48万亩香稻与30万亩油茶组成的百亿元产业版图，筑牢巩固拓展脱贫攻坚成果的坚实底盘。产业链党建协调委员会组织，农户们享受统一供种、技术服务、保价收购，收益实现翻番。通过创新“订单收购+保底分红”“土地入股+利润分成”等利益联结机制，全县近2.1万名脱贫人口被紧密联结在产业链中。
“扎实推进乡村全面振兴，要加强党对‘三农’工作的全面领导，把党的组织优势转化为发展优势和富民实效。”随县县委书记陈良表示，下一步将深化产业链党建联建，培育更多“懂农业、爱农村、爱农民”的党员骨干，扭住抓好产业和就业这个“牛鼻子”，抓好常态化帮扶，守牢不发生规模性返贫致贫底线。
壮大县域富民产业，联农带农富农。
会议强调，培育壮大县域富民产业，拓展农民参与产业发展渠道和方式。中国农业大学马克思主义学院党委副书记李桂华表示，下一步要发展各具特色的县域经济，开发农业多种功能，推动农村一二三产业深度融合，做好“土特产”文章，通过参与生产、吸纳就业等，构建更紧密的联农带农利益联结机制，着力提高产业市场竞争力和联农带农能力，让乡亲们的日子越过越踏实。
提高强农惠农富农政策效能，促进农民稳定增收。
“政策一年比一年好，种粮底气更足了。”望着青青麦苗，山东德州市陵城区种粮大户金维山算了笔增产增收账：得益于单产提升项目，水肥一体化与密植技术亩均补贴300元，每亩地力补贴110多元，区里指导的“一喷三防”和玉米密植技术，让每亩地增产100多斤。
“会议提出健全种粮农民收益保障机制，我们将千方百计让农民种粮不吃亏。”陵城区农业农村局局长郑宪亮介绍，下一步将从价格、补贴、保险3方面入手，打出政策组合拳，调动农民种粮积极性，持续完善农业社会化服务体系，全力推动粮食产能巩固提升、农民稳定增收。
（本报记者常钦、顾仲阳、郁静娴、李晓晴、邓剑洋）","# 推动农业农村现代化再上新台阶

## ——习近平总书记对做好“三农”工作的重要指示激励广大干部群众扎实推进乡村全面振兴

> 本报记者《人民日报》（2026年01月02日第 02 版）

“锚定农业农村现代化，扎实推进乡村全面振兴，推动城乡融合发展。”“各级党委和政府要坚持把解决好‘三农’问题作为重中之重，坚持五级书记抓乡村振兴，奋发进取、真抓实干，努力把农业建成现代化大产业、使农村基本具备现代生活条件、让农民生活更加富裕美好。”

中央农村工作会议2025年12月29日至12月30日在北京召开，习近平总书记对做好“三农”工作的重要指示，在广大干部群众中引发热烈反响。大家表示，要铆足干劲、真抓实干，深入贯彻落实习近平总书记的重要指示精神，落实好中央农村工作会议部署，提升农业综合生产能力和质量效益，促进农民稳定增收，守牢不发生规模性返贫致贫底线，推动乡村全面振兴取得新进展、农业农村现代化再上新台阶。

**把农业建成现代化大产业**

“要毫不放松抓好粮食生产，促进良田良种良机良法集成增效，提升农业综合生产能力和质量效益。”习近平总书记的重要指示为现代农业发展指明了方向。

2025年，全国粮食产量达到14297.5亿斤，实现高位增产。“菜篮子”产品供应足、种类多，城乡居民愈加丰富的餐桌，见证着我国加快建设农业强国的扎实步伐。

聚焦“国之大者”，持续挖掘粮食增产潜力。

“我们将坚持藏粮于地、藏粮于技，把粮油作物大面积单产提升作为主攻方向。”山东枣庄市农业农村局党组书记、局长王涛表示，2026年将以打造小麦玉米单产提升整建制推进县为牵引，推动“吨半粮”产能区拓展。针对中央农村工作会议强调的“增强农业防灾减灾能力”，王涛说：“下一步，我们计划新建和改造提升一批高标准农田，着力推广应急农机装备，不断增强粮食生产韧性。”

发展农业新质生产力，强化科技“硬核”支撑。

视觉识别、多臂协同，每小时采收2500根鲜芦笋……针对采收短板，农业农村部南京农业机械化研究所团队联合多方攻关，加速绿芦笋高速采收机器人熟化落地。

“会议强调加强农业关键核心技术攻关和科技成果高效转化应用，我们将瞄准一线所需，促进产学研用紧密结合。”研究所农业机器人团队负责人夏先飞表示，将持续聚焦果蔬、粮油等重大装备需求，攻关研发系列智能化生产装备，加快推进人工智能在农业领域的应用，以科技创新推动粮油及特色经济作物产业高质量发展。

延链、补链、强链，推动现代农业全链条升级。

四川青神县打好茶叶品种、品质、品牌“组合拳”，不断提高茶叶附加值。前不久，一座标准化茶叶加工厂在该县玉蟾寺村开工建设。

“统筹发展科技农业、绿色农业、质量农业、品牌农业，我们将立足深山丘陵地貌和微酸性砂质土壤，持续提升‘土特产’质量效益。”玉蟾寺村党总支书记任福华说，村集体正积极打造自主茶叶品牌，布局电商直播等新型销售渠道。依托竹茶资源，村里还将规划集竹海观光、采茶制茶体验于一体的乡村旅游项目，大力推动农旅融合发展。

**使农村基本具备现代生活条件**

“要学习运用‘千万工程’经验，因地制宜推进宜居宜业和美乡村建设，提升乡村治理和文明乡风建设水平。”习近平总书记的重要指示为乡村建设提供了根本遵循。

完善建设机制，让乡村更宜居宜业。

江苏宿迁市宿城区王官集镇苗圩村，曾是“省定经济薄弱村”，通过片区化建设，如今村容村貌焕然一新，渔文旅产业风生水起，村民人均可支配收入突破3万元。宿城区委书记耿晓云表示，因地制宜完善乡村建设实施机制，统筹推进基础设施、公共配套、人居环境与产业发展。2026年计划再建成18个和美乡村，全面建成2个省级片区化和美乡村，让和美乡村成为广大农民的幸福家园。

补齐设施短板，基础设施向村覆盖、往户延伸。

傍晚，浙江衢州市龙游县浦山村村民雷石明开着新能源车回村，熟练地在公共停车场充电，顺道从服务站取了快递。“村里设施不比城里差，生活很方便。”

“会议提出加快补齐农村现代生活条件短板，创造乡村优质生活空间，我们将进一步提升农村基础设施完备度、公共服务便利度。”衢州市农业农村局副局长万志正介绍，下一步将推动冷链配送和即时零售向乡镇延伸，加快在中心村、交通枢纽布局公共充电网络。国网衢州供电公司相关负责人表示，将进一步织密乡村充电网络，改善乡村生活条件，助力宜居宜业和美乡村建设。

提升治理效能，文明乡风让乡村更有“里子”。

“我们将深入实施文明乡风建设工程，持续推进农村移风易俗，赋能和美乡村建设。”内蒙古乌审旗委书记王雪峰表示，将常态化开展“送电影下乡”“文化培训进村”等活动，以文化滋养文明，引导嘎查村修订村规民约，创新建立老支书调解室、地企议事厅等，坚持和发展新时代“枫桥经验”，通过基层善治筑牢移风易俗根基，推动乡村焕发文明新气象。

**让农民生活更加富裕美好**

“要提高强农惠农富农政策效能，促进粮食等重要农产品价格保持在合理水平，促进农民稳定增收。”“要持续巩固拓展脱贫攻坚成果，把常态化帮扶纳入乡村振兴战略统筹实施，守牢不发生规模性返贫致贫底线。”

习近平总书记的深情牵挂、殷殷嘱托，转化为“让乡亲们的日子越过越红火”的奋发进取。

巩固拓展脱贫攻坚成果，让“党建红”引领“产业兴”。

在湖北随县，3亿棒香菇、48万亩香稻与30万亩油茶组成的百亿元产业版图，筑牢巩固拓展脱贫攻坚成果的坚实底盘。产业链党建协调委员会组织，农户们享受统一供种、技术服务、保价收购，收益实现翻番。通过创新“订单收购+保底分红”“土地入股+利润分成”等利益联结机制，全县近2.1万名脱贫人口被紧密联结在产业链中。

“扎实推进乡村全面振兴，要加强党对‘三农’工作的全面领导，把党的组织优势转化为发展优势和富民实效。”随县县委书记陈良表示，下一步将深化产业链党建联建，培育更多“懂农业、爱农村、爱农民”的党员骨干，扭住抓好产业和就业这个“牛鼻子”，抓好常态化帮扶，守牢不发生规模性返贫致贫底线。

壮大县域富民产业，联农带农富农。

会议强调，培育壮大县域富民产业，拓展农民参与产业发展渠道和方式。中国农业大学马克思主义学院党委副书记李桂华表示，下一步要发展各具特色的县域经济，开发农业多种功能，推动农村一二三产业深度融合，做好“土特产”文章，通过参与生产、吸纳就业等，构建更紧密的联农带农利益联结机制，着力提高产业市场竞争力和联农带农能力，让乡亲们的日子越过越踏实。

提高强农惠农富农政策效能，促进农民稳定增收。

“政策一年比一年好，种粮底气更足了。”望着青青麦苗，山东德州市陵城区种粮大户金维山算了笔增产增收账：得益于单产提升项目，水肥一体化与密植技术亩均补贴300元，每亩地力补贴110多元，区里指导的“一喷三防”和玉米密植技术，让每亩地增产100多斤。

“会议提出健全种粮农民收益保障机制，我们将千方百计让农民种粮不吃亏。”陵城区农业农村局局长郑宪亮介绍，下一步将从价格、补贴、保险3方面入手，打出政策组合拳，调动农民种粮积极性，持续完善农业社会化服务体系，全力推动粮食产能巩固提升、农民稳定增收。

（本报记者常钦、顾仲阳、郁静娴、李晓晴、邓剑洋）",,要闻,,https://paper.people.com.cn/rmrb/pc/content/202601/02/content_30128901.html,2026-01-02,"['乡村', '农业', '农村', '产业', '农民', '提升', '推动', '种粮', '习近平', '建设']","“锚定农业农村现代化，扎实推进乡村全面振兴，推动城乡融合发展。”“各级党委和政府要坚持把解决好‘三农’问题作为重中之重，坚持五级书记抓乡村振兴，奋发进取、真抓实干，努力把农业建成现代化大产业、使农村基本具备现代生活条件、让农民生活更加富裕美好。”
中央农村工作会议2025年12月29日至12月30日在北京召开，习近平总书记对做好“三农”工作的重要指示，在广大干部群众中引发热烈反响。大家表示，要铆足干劲、真抓实干，深入贯彻落实习近平总书记的重要指示精神，落实好中央农村工作会议部署，提升农业综合生产能力和质量效益，促进农民稳定增收，守牢不发生规模性返贫致贫底线，推动乡村全面振兴取得新进展、农业农村现代化再上新台阶。
把农业建成现代化大产业",政治,,,[]
“老戏新唱”传承文明新风,"“铺张浪费要制止，勤俭节约是情理；陈规陋习是枷锁，大操大办不可取；党员干部要带头，文明新风要上升……”伴随着热闹欢快的锣鼓声和喝彩声，一场“老戏新唱”戏曲公益演出活动在江西省宁都县固村镇下河村和风广场举行。
舞台中央，宁都采茶戏《八嫂劝夫》《罗帕宝》《挑女婿》等精彩剧目轮番上演，赢得台下观众的阵阵掌声和喝彩。
“挺久没听过这么地道的采茶戏了，这些戏唱的都是咱老百姓自己的故事，既好听又有教育意义，很接地气！”下河村村民胡光布开心地说。
宁都采茶戏是江西省级非遗代表性项目，至今已有200多年的历史，题材多反映现实生活，语言朴实生动，乡土气息浓厚，深受群众喜爱。
“群众爱看戏，我们用老戏新唱的方式来宣传移风易俗。这些剧目创新融入‘婚事简办’‘厚养薄葬’等理念，让群众在欢声笑语中受到文明新风的熏陶，自觉抵制铺张浪费和大操大办等陋习。”宁都县文广旅局采茶戏保护传承中心演职人员陈翠玲说。
送戏下乡，浸润着乡风文明的沃土。宁都县文化馆的工作人员将舞台延伸到田间地头，乘着大巴车去往一个个乡镇，车里装着演出行头，也是他们的临时化妆间……
陈翠玲正对着镜子描眉画眼，胭脂粉黛下，她的目光始终炯炯有神。“随着时代发展，我们的唱词、行头、舞美都在不断创新。我们在各大网络平台上也有许多年轻粉丝，采茶戏终归是慢慢传承下去了。”她笑着说。
宁都县创新开展“老戏新唱”“送戏下乡”等文化惠民活动，着力将群众家门口的小戏台变成传播社会主义核心价值观的大平台。“我们致力于创作出更多反映时代精神、贴近群众生活的优秀作品，用大家喜闻乐见、通俗易懂的宁都采茶戏提升群众的文明素养，激发乡村全面振兴的内生动力。”宁都县委书记傅小新说。
（郭素敏参与采写）","### 江西宁都——

# “老戏新唱”传承文明新风

> 本报记者  王  丹《人民日报》（2026年01月02日第 04 版）

“铺张浪费要制止，勤俭节约是情理；陈规陋习是枷锁，大操大办不可取；党员干部要带头，文明新风要上升……”伴随着热闹欢快的锣鼓声和喝彩声，一场“老戏新唱”戏曲公益演出活动在江西省宁都县固村镇下河村和风广场举行。

舞台中央，宁都采茶戏《八嫂劝夫》《罗帕宝》《挑女婿》等精彩剧目轮番上演，赢得台下观众的阵阵掌声和喝彩。

“挺久没听过这么地道的采茶戏了，这些戏唱的都是咱老百姓自己的故事，既好听又有教育意义，很接地气！”下河村村民胡光布开心地说。

宁都采茶戏是江西省级非遗代表性项目，至今已有200多年的历史，题材多反映现实生活，语言朴实生动，乡土气息浓厚，深受群众喜爱。

“群众爱看戏，我们用老戏新唱的方式来宣传移风易俗。这些剧目创新融入‘婚事简办’‘厚养薄葬’等理念，让群众在欢声笑语中受到文明新风的熏陶，自觉抵制铺张浪费和大操大办等陋习。”宁都县文广旅局采茶戏保护传承中心演职人员陈翠玲说。

送戏下乡，浸润着乡风文明的沃土。宁都县文化馆的工作人员将舞台延伸到田间地头，乘着大巴车去往一个个乡镇，车里装着演出行头，也是他们的临时化妆间……

陈翠玲正对着镜子描眉画眼，胭脂粉黛下，她的目光始终炯炯有神。“随着时代发展，我们的唱词、行头、舞美都在不断创新。我们在各大网络平台上也有许多年轻粉丝，采茶戏终归是慢慢传承下去了。”她笑着说。

宁都县创新开展“老戏新唱”“送戏下乡”等文化惠民活动，着力将群众家门口的小戏台变成传播社会主义核心价值观的大平台。“我们致力于创作出更多反映时代精神、贴近群众生活的优秀作品，用大家喜闻乐见、通俗易懂的宁都采茶戏提升群众的文明素养，激发乡村全面振兴的内生动力。”宁都县委书记傅小新说。

（郭素敏参与采写）",王  丹,要闻,,https://paper.people.com.cn/rmrb/pc/content/202601/02/content_30128917.html,2026-01-02,"['采茶戏', '宁都县', '老戏', '宁都', '群众', '新风', '文明', '大操大办', '陈翠玲', '送戏']","“铺张浪费要制止，勤俭节约是情理；陈规陋习是枷锁，大操大办不可取；党员干部要带头，文明新风要上升……”伴随着热闹欢快的锣鼓声和喝彩声，一场“老戏新唱”戏曲公益演出活动在江西省宁都县固村镇下河村和风广场举行。
舞台中央，宁都采茶戏《八嫂劝夫》《罗帕宝》《挑女婿》等精彩剧目轮番上演，赢得台下观众的阵阵掌声和喝彩。
“挺久没听过这么地道的采茶戏了，这些戏唱的都是咱老百姓自己的故事，既好听又有教育意义，很接地气！”下河村村民胡光布开心地说。",社会,,,[]
“妈祖”出海记（深度观察）,"风云三号H星效果图。
风云三号H星效果图。
人工智能气象展亮相第22届中国—东盟博览会。
人工智能气象展亮相第22届中国—东盟博览会。
中国气象专家与巴基斯坦气象专家就人工智能部署应用进行沟通交流。
中国气象专家与巴基斯坦气象专家就人工智能部署应用进行沟通交流。
“妈祖”城市多灾种早期预警智能体“三端一体”架构。以上图片均为中国气象局提供
“妈祖”城市多灾种早期预警智能体“三端一体”架构。
以上图片均为中国气象局提供
在我们看不见的数字世界里，通过“妈祖（MAZU）”全民早期预警云平台，中国气象人工智能正横跨亚洲、非洲、大洋洲，把气象全民早期预警中国方案输送到世界各地，在地球上空织就一条“气象丝路”，为全球防灾减灾、应对气候变化贡献中国智慧、中国经验。
跨越山海，气象人工智能方案在40多个国家试用
每天，地球各个角落，都可能在经历极端天气。
在阿富汗，一场强对流来袭，局地伴有冰雹；在乌干达，接连两场强对流突袭，伴随局地短时强降雨……
强对流天气尺度小、突发性强、生命史短、影响大，是气象预报的世界性难题。依靠中国气象人工智能，阿富汗、乌干达均提前捕捉到信号，迅速发布预警，为转移群众、减少损失提供支撑。
这些走出国门的中国气象人工智能，有一个共同的名字“妈祖”。
“妈祖”是中国气象局响应联合国倡议推出的全民早期预警方案，缩写“MAZU”有着严谨的科学内涵——M（Multi—hazard，多灾种）、A（Alert，预警）、Z（Zero—gap，零差距）、U（Universal，普惠）。
“妈祖”通过建设云端早期预警平台助力各国应对气候变化挑战。平台上每种人工智能都是一个“工具箱”，针对不同国家需求，提供定制化“工具箱”，实现各类气象风险监测、预警、发布、响应全链条“一站式”解决。
在巴基斯坦，冰湖溃决洪水、季风爆发、暴雨等气象灾害多发，中国气象局和巴基斯坦有关部门联合建设巴基斯坦云端早期预警系统，为这三类灾害性天气定制预报预警。2025年10月，定制化系统实现本地部署应用。
“通过这套系统，我们能够使用人工智能等先进技术和更多的模型来开展天气预报。”巴基斯坦气象局专家巴扎尔·奇玛表示。
“围绕蒙古国常见气象灾害，如大风、暴雨、沙尘和白灾，‘妈祖’接入风云2H气象卫星的积雪数据，设计了工作流提示词，用当地语言生成避险指引，实用性很强。”蒙古国国家气象与环境监测局预报员阿尔坦苏布德·博尔德说。
蒙古国应用的气象人工智能由上海市气象局牵头研发，名为“妈祖”城市多灾种早期预警智能体（MAZU—Urban）。智能体集成了风险评估、监测预报、预警传播、应急响应“四大支柱”工具。2025年10月，中方技术骨干配合蒙方完成智能体本地部署工作，并开展相关技术培训。最近，根据蒙古国航空气象服务、乌兰巴托城市内涝影响预报等需求，中蒙气象部门着手提升“工具箱”的普适性。
在老挝，中国气象人工智能定制了一揽子多语种预警信息发布服务方案。“这是一个很好的预警信息发布平台，将帮助老挝社会、经济部门更好地应对洪水、干旱等灾害。”老挝气象水文局副局长维恩赛·马尼翁说。
如今，“妈祖”平台上的“工具箱”越来越多，2024年6月中国气象局发布的“风清”“风顺”人工智能气象预报系统，已全部接入“妈祖”云端早期预警平台。
服务场景越来越广泛，有云端版、基础版、专业版、旗舰版、城市早期预警版、农业早期预警版等，适配多种气象灾害和城市、农业等各类气象风险场景。
“目前，‘妈祖’已经在巴基斯坦、埃塞俄比亚、所罗门群岛、吉布提、蒙古国5个国家实现落地部署与实时应用，在亚洲、非洲、大洋洲的43个国家和地区开展在线试用。”中国气象局国际合作司司长曾沁介绍。
中国气象局坚持“妈祖”人工智能模型开源、平台共享、数据开放。世界各国都可以直接在云端使用人工智能模型，也可以和我国气象部门合作部署落地各类版本。
随着气象人工智能“走出去”的不仅是硬技术，我国还通过培训班、访问学者等软措施，同步帮助各国培养专业人才，实现合作共建。
2025年，缅甸气象局预报员瑞怡妮成为“一带一路”气象访问学者中的一员，来到中国气象局交流学习。未来，她将与中国同事一起研发针对热浪等灾害性天气的人工智能预报模型。
2025年夏天，埃塞俄比亚气象局遥感与气候处处长勒塔·贝克勒·古迪，来到中国参加培训，并与中国气象团队合作，开发出埃塞俄比亚雨季预测模型，准确率达到65%以上。
预计2025年至2027年，中国气象局还将在早期预警、风险评估、气候变化等领域，为发展中国家提供2000人次以上的短期培训，100人次相关专业的本硕博奖学金，资助50名长期访问学者。
中国气象人工智能正将先进的技术转化为全球可感、可用的减灾实效，中国方案跨越山海，成为筑牢全球早期预警屏障的重要力量，助力世界各国建设更加美好的家园。
攻克“痛点”，开拓气象人工智能“出海”之路
气象人工智能“走出去”的一小步，是我国气象科技发展的一大步。
人工智能是当今世界最具颠覆性的先进技术之一，掌握人工智能技术，是气象科技发展的需要。然而，自主研发人工智能模型，要攻克诸多技术难点，尤其是气象业务“痛点”：
对极端天气“视而不见”——
极端天气如雷暴大风、冰雹，生命周期短、突发性强，在海量气象数据中占比小。常规人工智能模型擅长捕捉统计均值，极端天气的数据在统计中被“削峰填谷”，因此模型对极端天气往往“视而不见”。此外，人工智能学习的是历史经验，历史上没有出现过的极端天气，人工智能模型就报不出来。
怎么让人工智能模型更接近“看见”极端天气？国家气象中心副主任代刊介绍，国家气象中心研究团队摒弃了通用的黑盒训练模式，面向强对流等极端天气这一预报难点，专门研发了时空演变特征捕捉算法。通过独创的样本加权与特征增强技术，引导模型重点学习极端天气发生前后的关键演变信息，使其在识别天气系统从初生、发展到消亡的全生命周期特征方面，逐步接近资深预报员的经验判断水平。相关研究显著提升了人工智能对极端天气的感知与识别能力，在一定程度上改善了“报不准”的问题，但对极端天气“报不出”这一根本性挑战仍在持续攻关之中。
生成式人工智能会出现“幻觉”——
生成式人工智能模型有时会凭空生成一些虚假的天气预报，这些天气预报看起来像真实的天气图景，实际上违背了气象学常识或大气运动的物理规律。
如何剔除这些“幻觉”？国家气象中心研究团队采用物理与数据双驱动的技术路线，将大气动力学方程和物理约束机制深度嵌入神经网络。这样，既保留了人工智能强大的非线性拟合能力，又确保了预报结果符合大气运动规律，大幅提升了预报的可解释性和科学性。
上海人工智能气象应用创新中心人工智能天气预报团队提出“确定式+概率式”级联方案。“我们先用确定性模型‘画’出中大尺度降水趋势，再让生成式模型聚焦小尺度极端天气事件。此外，设计基于概率匹配的学习方法，让模型重点关注历史案例中的‘异常点’。”团队负责人曹原介绍，在这些策略的共同作用下，那些曾被视为“噪声”的极端天气数据，成为训练的“黄金样本”，也抑制了人工智能“幻觉”产生。
“数字鸿沟”、模型落地应用难——
当“妈祖”走向全球，数据壁垒、标准差异、算力基础等挑战接踵而至。
“应对这些挑战，需要加强通用化与可迁移模型的研发，并通过联合研发、开放合作和能力建设提升合作方的业务基础。”代刊说。
在网络建设薄弱国家和地区，城市多灾种早期预警智能体采用数据裁切压缩算法将传输量大幅减少，从而有效提升传输效率。“我们没有简单依赖网络条件的改善，而是从数据处理和传输机制入手，主动开展技术优化。”上海市气象信息与技术支持中心、城市多灾种早期预警中心主任赵洋说。
为充分尊重并保护各国的气象数据主权，中国气象局坚持采取“算法出海，本地调试”的模式。
气象人工智能模型的研发不仅仅是代码的升级，更是一场对大气科学认知的深度重构。唯有超越模式算法、回归事物本身，才能找到气象人工智能跨越式发展之路。
跨越“鸿沟”，气象人工智能还要转化为预报员手中的利器。国家气象中心通过SWAN3.0“智效平台”，将复杂的人工智能推理结果转化为直观、可操作的决策依据，直接嵌入一线预报员的工作流中，并触发递进式服务、高级别“叫应”机制、部门联动机制等。
很快，这些宝贵的中国经验将通过“妈祖”上“云”出海。中国气象局2025年10月发布的“风和”气象服务人工智能模型，即将接入“妈祖”云平台。“风和”拥有强大的气象专业任务解决能力，能为各国提供定制化服务方案，推动预警转化为防灾减灾行动方案。
中国气象科技，正持续弥合技术鸿沟，普惠全球。
胸怀天下，“妈祖”展现中国实力中国理念
为何“妈祖”中国方案能走向全球？从气象部门应对台风“剑鱼”的过程中，能窥见答案。
2025年8月23日上午，台风“剑鱼”在南海中部生成。由于南海海温相对较高，“剑鱼”快速增强为强台风，带来狂风暴雨。
“剑鱼”生消变化，早已被我国世界最大的气象观测网捕捉。风云气象卫星不停在天上快扫，开展多要素三维立体监测，以分钟级速度生成资料；天气雷达“抓到”回波，迅速形成雷达图；海上观测站实时监测，传回观测资料……
中央气象台加密会商，利用卫星云图、雷达图、观测站资料等，分析台风云系的特征及变化，用数值模式进行计算，用人工智能补充，开展集合预报台风路径订正，最后算出“剑鱼”的24小时移动路径预报结果。
预报结果显示，“剑鱼”将在海南岛沿海擦过或登陆，2025年8月25日登陆越南。
中央气象台第一时间与越南国家水文气象总局预报中心沟通，进行联合会商，并同步在云端气象早期预警系统、国际气象早期预警业务支撑平台等发布预报信息，供东南亚国家气象水文部门参考使用。
高水平科技自立自强、高水平业务能力和高水平人才，支撑全球观测、全球预报、全球服务，为气象人工智能“破浪出海”提供了条件。
今天，地球上每一次风霜雨雪天气过程，尤其是台风、暴雨等极端天气，我国气象部门均能观测、预报、服务。
这得益于我国加快推进气象科技能力现代化，气象卫星、天气雷达、数值预报、气象人工智能和大数据能力不断夯实，气象观测、预报各环节“咬合式”发展，综合实力不断提升。
作为气象“芯片”的数值预报模式，我国已实现完全自主可控。我国自主研发的人工智能气象模型，与欧美发达国家的模型共同领跑人工智能技术气象应用。
看看这些人工智能的优越性能：计算10公里格点的全球预报模式，数值预报要2小时才能出结果，而“风清”半小时就出结果，达到国际主流模型水平；一场伴随大风、小冰雹、短时强降雨的强对流天气，对传统预报来说是难题，而“风雷”提前1小时捕捉到信号；在2025年汛期预报中，“风顺”提前1个月把握住了我国主要雨带的分布特征，超过世界领先的欧洲中心现有数值预报模式水平……
这些技术先进的气象人工智能模型，在“妈祖”技术底座云端平台上向全世界开源，为全球提供服务。
硬核的科技实力，独具特色的中国早期预警经验，成为“妈祖”走向世界的底气。
中国气象人工智能正在走向全球。
在2024年9月举行的中非合作论坛北京峰会上，建设气象早期预警平台等被纳入中非携手推进现代化十大伙伴行动；
2024年11月，在《联合国气候变化框架公约》第二十九次缔约方大会上，中国发布《早期预警促进气候变化适应中国行动方案（2025—2027）》，明确将助力提升发展中国家早期预警和适应气候变化能力等；
在2025年8月举行的第七届中国—阿拉伯国家博览会上，中国气象局与阿拉伯国家达成三项合作举措，分别与阿联酋、约旦、埃及开展合作，研发气象人工智能模型等；
在2025年9月举行的第四届中国—东盟气象合作论坛上，中国气象局首次启动中国—东盟气象人工智能模型应用联合创新行动，与东盟国家共同构建区域人工智能气象预报模型体系；
最近，由中国气象局牵头实施的世界气象组织首个全球人工智能示范项目，正在联合国内外20余个气象部门、科研机构以及全球科技巨头企业共同推进，中国实践成为全球气候治理的重要参考……
“妈祖精神与早期预警的核心价值高度契合，体现了救助、亲民、智慧的内涵。”曾沁说，气象部门将以推动构建人类命运共同体的使命感，通过“妈祖”方案向全球气候治理贡献中国智慧、中国方案，携手各国共建全民早期预警网络，共同应对气候变化挑战，建设更加安全、更加美好的地球家园。","# “妈祖”出海记（深度观察）

> 本报记者  李红梅  蒋雪鸿《人民日报》（2026年01月02日第 05 版）

风云三号H星效果图。

风云三号H星效果图。

人工智能气象展亮相第22届中国—东盟博览会。

人工智能气象展亮相第22届中国—东盟博览会。

中国气象专家与巴基斯坦气象专家就人工智能部署应用进行沟通交流。

中国气象专家与巴基斯坦气象专家就人工智能部署应用进行沟通交流。

“妈祖”城市多灾种早期预警智能体“三端一体”架构。　　以上图片均为中国气象局提供

“妈祖”城市多灾种早期预警智能体“三端一体”架构。

以上图片均为中国气象局提供

在我们看不见的数字世界里，通过“妈祖（MAZU）”全民早期预警云平台，中国气象人工智能正横跨亚洲、非洲、大洋洲，把气象全民早期预警中国方案输送到世界各地，在地球上空织就一条“气象丝路”，为全球防灾减灾、应对气候变化贡献中国智慧、中国经验。

跨越山海，气象人工智能方案在40多个国家试用

每天，地球各个角落，都可能在经历极端天气。

在阿富汗，一场强对流来袭，局地伴有冰雹；在乌干达，接连两场强对流突袭，伴随局地短时强降雨……

强对流天气尺度小、突发性强、生命史短、影响大，是气象预报的世界性难题。依靠中国气象人工智能，阿富汗、乌干达均提前捕捉到信号，迅速发布预警，为转移群众、减少损失提供支撑。

这些走出国门的中国气象人工智能，有一个共同的名字“妈祖”。

“妈祖”是中国气象局响应联合国倡议推出的全民早期预警方案，缩写“MAZU”有着严谨的科学内涵——M（Multi—hazard，多灾种）、A（Alert，预警）、Z（Zero—gap，零差距）、U（Universal，普惠）。

“妈祖”通过建设云端早期预警平台助力各国应对气候变化挑战。平台上每种人工智能都是一个“工具箱”，针对不同国家需求，提供定制化“工具箱”，实现各类气象风险监测、预警、发布、响应全链条“一站式”解决。

在巴基斯坦，冰湖溃决洪水、季风爆发、暴雨等气象灾害多发，中国气象局和巴基斯坦有关部门联合建设巴基斯坦云端早期预警系统，为这三类灾害性天气定制预报预警。2025年10月，定制化系统实现本地部署应用。

“通过这套系统，我们能够使用人工智能等先进技术和更多的模型来开展天气预报。”巴基斯坦气象局专家巴扎尔·奇玛表示。

“围绕蒙古国常见气象灾害，如大风、暴雨、沙尘和白灾，‘妈祖’接入风云2H气象卫星的积雪数据，设计了工作流提示词，用当地语言生成避险指引，实用性很强。”蒙古国国家气象与环境监测局预报员阿尔坦苏布德·博尔德说。

蒙古国应用的气象人工智能由上海市气象局牵头研发，名为“妈祖”城市多灾种早期预警智能体（MAZU—Urban）。智能体集成了风险评估、监测预报、预警传播、应急响应“四大支柱”工具。2025年10月，中方技术骨干配合蒙方完成智能体本地部署工作，并开展相关技术培训。最近，根据蒙古国航空气象服务、乌兰巴托城市内涝影响预报等需求，中蒙气象部门着手提升“工具箱”的普适性。

在老挝，中国气象人工智能定制了一揽子多语种预警信息发布服务方案。“这是一个很好的预警信息发布平台，将帮助老挝社会、经济部门更好地应对洪水、干旱等灾害。”老挝气象水文局副局长维恩赛·马尼翁说。

如今，“妈祖”平台上的“工具箱”越来越多，2024年6月中国气象局发布的“风清”“风顺”人工智能气象预报系统，已全部接入“妈祖”云端早期预警平台。

服务场景越来越广泛，有云端版、基础版、专业版、旗舰版、城市早期预警版、农业早期预警版等，适配多种气象灾害和城市、农业等各类气象风险场景。

“目前，‘妈祖’已经在巴基斯坦、埃塞俄比亚、所罗门群岛、吉布提、蒙古国5个国家实现落地部署与实时应用，在亚洲、非洲、大洋洲的43个国家和地区开展在线试用。”中国气象局国际合作司司长曾沁介绍。

中国气象局坚持“妈祖”人工智能模型开源、平台共享、数据开放。世界各国都可以直接在云端使用人工智能模型，也可以和我国气象部门合作部署落地各类版本。

随着气象人工智能“走出去”的不仅是硬技术，我国还通过培训班、访问学者等软措施，同步帮助各国培养专业人才，实现合作共建。

2025年，缅甸气象局预报员瑞怡妮成为“一带一路”气象访问学者中的一员，来到中国气象局交流学习。未来，她将与中国同事一起研发针对热浪等灾害性天气的人工智能预报模型。

2025年夏天，埃塞俄比亚气象局遥感与气候处处长勒塔·贝克勒·古迪，来到中国参加培训，并与中国气象团队合作，开发出埃塞俄比亚雨季预测模型，准确率达到65%以上。

预计2025年至2027年，中国气象局还将在早期预警、风险评估、气候变化等领域，为发展中国家提供2000人次以上的短期培训，100人次相关专业的本硕博奖学金，资助50名长期访问学者。

中国气象人工智能正将先进的技术转化为全球可感、可用的减灾实效，中国方案跨越山海，成为筑牢全球早期预警屏障的重要力量，助力世界各国建设更加美好的家园。

攻克“痛点”，开拓气象人工智能“出海”之路

气象人工智能“走出去”的一小步，是我国气象科技发展的一大步。

人工智能是当今世界最具颠覆性的先进技术之一，掌握人工智能技术，是气象科技发展的需要。然而，自主研发人工智能模型，要攻克诸多技术难点，尤其是气象业务“痛点”：

对极端天气“视而不见”——

极端天气如雷暴大风、冰雹，生命周期短、突发性强，在海量气象数据中占比小。常规人工智能模型擅长捕捉统计均值，极端天气的数据在统计中被“削峰填谷”，因此模型对极端天气往往“视而不见”。此外，人工智能学习的是历史经验，历史上没有出现过的极端天气，人工智能模型就报不出来。

怎么让人工智能模型更接近“看见”极端天气？国家气象中心副主任代刊介绍，国家气象中心研究团队摒弃了通用的黑盒训练模式，面向强对流等极端天气这一预报难点，专门研发了时空演变特征捕捉算法。通过独创的样本加权与特征增强技术，引导模型重点学习极端天气发生前后的关键演变信息，使其在识别天气系统从初生、发展到消亡的全生命周期特征方面，逐步接近资深预报员的经验判断水平。相关研究显著提升了人工智能对极端天气的感知与识别能力，在一定程度上改善了“报不准”的问题，但对极端天气“报不出”这一根本性挑战仍在持续攻关之中。

生成式人工智能会出现“幻觉”——

生成式人工智能模型有时会凭空生成一些虚假的天气预报，这些天气预报看起来像真实的天气图景，实际上违背了气象学常识或大气运动的物理规律。

如何剔除这些“幻觉”？国家气象中心研究团队采用物理与数据双驱动的技术路线，将大气动力学方程和物理约束机制深度嵌入神经网络。这样，既保留了人工智能强大的非线性拟合能力，又确保了预报结果符合大气运动规律，大幅提升了预报的可解释性和科学性。

上海人工智能气象应用创新中心人工智能天气预报团队提出“确定式+概率式”级联方案。“我们先用确定性模型‘画’出中大尺度降水趋势，再让生成式模型聚焦小尺度极端天气事件。此外，设计基于概率匹配的学习方法，让模型重点关注历史案例中的‘异常点’。”团队负责人曹原介绍，在这些策略的共同作用下，那些曾被视为“噪声”的极端天气数据，成为训练的“黄金样本”，也抑制了人工智能“幻觉”产生。

“数字鸿沟”、模型落地应用难——

当“妈祖”走向全球，数据壁垒、标准差异、算力基础等挑战接踵而至。

“应对这些挑战，需要加强通用化与可迁移模型的研发，并通过联合研发、开放合作和能力建设提升合作方的业务基础。”代刊说。

在网络建设薄弱国家和地区，城市多灾种早期预警智能体采用数据裁切压缩算法将传输量大幅减少，从而有效提升传输效率。“我们没有简单依赖网络条件的改善，而是从数据处理和传输机制入手，主动开展技术优化。”上海市气象信息与技术支持中心、城市多灾种早期预警中心主任赵洋说。

为充分尊重并保护各国的气象数据主权，中国气象局坚持采取“算法出海，本地调试”的模式。

气象人工智能模型的研发不仅仅是代码的升级，更是一场对大气科学认知的深度重构。唯有超越模式算法、回归事物本身，才能找到气象人工智能跨越式发展之路。

跨越“鸿沟”，气象人工智能还要转化为预报员手中的利器。国家气象中心通过SWAN3.0“智效平台”，将复杂的人工智能推理结果转化为直观、可操作的决策依据，直接嵌入一线预报员的工作流中，并触发递进式服务、高级别“叫应”机制、部门联动机制等。

很快，这些宝贵的中国经验将通过“妈祖”上“云”出海。中国气象局2025年10月发布的“风和”气象服务人工智能模型，即将接入“妈祖”云平台。“风和”拥有强大的气象专业任务解决能力，能为各国提供定制化服务方案，推动预警转化为防灾减灾行动方案。

中国气象科技，正持续弥合技术鸿沟，普惠全球。

胸怀天下，“妈祖”展现中国实力中国理念

为何“妈祖”中国方案能走向全球？从气象部门应对台风“剑鱼”的过程中，能窥见答案。

2025年8月23日上午，台风“剑鱼”在南海中部生成。由于南海海温相对较高，“剑鱼”快速增强为强台风，带来狂风暴雨。

“剑鱼”生消变化，早已被我国世界最大的气象观测网捕捉。风云气象卫星不停在天上快扫，开展多要素三维立体监测，以分钟级速度生成资料；天气雷达“抓到”回波，迅速形成雷达图；海上观测站实时监测，传回观测资料……

中央气象台加密会商，利用卫星云图、雷达图、观测站资料等，分析台风云系的特征及变化，用数值模式进行计算，用人工智能补充，开展集合预报台风路径订正，最后算出“剑鱼”的24小时移动路径预报结果。

预报结果显示，“剑鱼”将在海南岛沿海擦过或登陆，2025年8月25日登陆越南。

中央气象台第一时间与越南国家水文气象总局预报中心沟通，进行联合会商，并同步在云端气象早期预警系统、国际气象早期预警业务支撑平台等发布预报信息，供东南亚国家气象水文部门参考使用。

高水平科技自立自强、高水平业务能力和高水平人才，支撑全球观测、全球预报、全球服务，为气象人工智能“破浪出海”提供了条件。

今天，地球上每一次风霜雨雪天气过程，尤其是台风、暴雨等极端天气，我国气象部门均能观测、预报、服务。

这得益于我国加快推进气象科技能力现代化，气象卫星、天气雷达、数值预报、气象人工智能和大数据能力不断夯实，气象观测、预报各环节“咬合式”发展，综合实力不断提升。

作为气象“芯片”的数值预报模式，我国已实现完全自主可控。我国自主研发的人工智能气象模型，与欧美发达国家的模型共同领跑人工智能技术气象应用。

看看这些人工智能的优越性能：计算10公里格点的全球预报模式，数值预报要2小时才能出结果，而“风清”半小时就出结果，达到国际主流模型水平；一场伴随大风、小冰雹、短时强降雨的强对流天气，对传统预报来说是难题，而“风雷”提前1小时捕捉到信号；在2025年汛期预报中，“风顺”提前1个月把握住了我国主要雨带的分布特征，超过世界领先的欧洲中心现有数值预报模式水平……

这些技术先进的气象人工智能模型，在“妈祖”技术底座云端平台上向全世界开源，为全球提供服务。

硬核的科技实力，独具特色的中国早期预警经验，成为“妈祖”走向世界的底气。

中国气象人工智能正在走向全球。

在2024年9月举行的中非合作论坛北京峰会上，建设气象早期预警平台等被纳入中非携手推进现代化十大伙伴行动；

2024年11月，在《联合国气候变化框架公约》第二十九次缔约方大会上，中国发布《早期预警促进气候变化适应中国行动方案（2025—2027）》，明确将助力提升发展中国家早期预警和适应气候变化能力等；

在2025年8月举行的第七届中国—阿拉伯国家博览会上，中国气象局与阿拉伯国家达成三项合作举措，分别与阿联酋、约旦、埃及开展合作，研发气象人工智能模型等；

在2025年9月举行的第四届中国—东盟气象合作论坛上，中国气象局首次启动中国—东盟气象人工智能模型应用联合创新行动，与东盟国家共同构建区域人工智能气象预报模型体系；

最近，由中国气象局牵头实施的世界气象组织首个全球人工智能示范项目，正在联合国内外20余个气象部门、科研机构以及全球科技巨头企业共同推进，中国实践成为全球气候治理的重要参考……

“妈祖精神与早期预警的核心价值高度契合，体现了救助、亲民、智慧的内涵。”曾沁说，气象部门将以推动构建人类命运共同体的使命感，通过“妈祖”方案向全球气候治理贡献中国智慧、中国方案，携手各国共建全民早期预警网络，共同应对气候变化挑战，建设更加安全、更加美好的地球家园。",李红梅  蒋雪鸿,绿色,编组_20260314_0837_01,https://paper.people.com.cn/rmrb/pc/content/202601/02/content_30128920.html,2026-01-02,"['人工智能', '气象', '妈祖', '预警', '预报', '模型', '中国气象局', '天气', '2025', '早期']","风云三号H星效果图。
风云三号H星效果图。
人工智能气象展亮相第22届中国—东盟博览会。",政治,series_654627c9,1.0,['为全球气象预警贡献中国智慧（记者手记）']
为全球气象预警贡献中国智慧,"台风、洪涝、干旱……在全球气候变暖背景下，极端天气在全球各地多发强发。应对气候变化，既要开展城市、农业、水利、生态系统等领域韧性建设，也要加快建立完善气象监测、预报、服务体系，提升早期预警能力，守护人们生命、财产安全，减少损失。
气候变化已成为人类共同的挑战，没有任何国家能够独善其身。应对气候变化，我国拥有科技实力，也探索了宝贵的早期预警经验，被世界气象组织称为发展中国家的典范。响应联合国全民早期预警倡议，我国通过“妈祖”方案向世界共享先进的技术、经验和机制，用中国方案助力各国提升早期预警能力，应对气候变化挑战。
妈祖是我国民间传说人物，被称为沿海地区的航海保护神和全能守护神。妈祖文化蕴含着立德、行善、大爱的寓意。“妈祖”方案走向世界，既体现了以天下为己任、构建人类命运共同体的大国担当，也向世界展现了敬畏自然、守望相助的中华传统文化价值观，为不同国家和地区的民众增进理解、携手合作提供了温暖的文化纽带。
“天不言而四时行，地不语而百物生。”地球是人类赖以生存的唯一家园，加大应对气候变化力度，推动可持续发展，关系人类前途和未来。让我们携起手来，通过实实在在的共建共享行动，为人类创造更加美好的未来。","# 为全球气象预警贡献中国智慧
> 系列：记者手记

> 李红梅《人民日报》（2026年01月02日第 05 版）

台风、洪涝、干旱……在全球气候变暖背景下，极端天气在全球各地多发强发。应对气候变化，既要开展城市、农业、水利、生态系统等领域韧性建设，也要加快建立完善气象监测、预报、服务体系，提升早期预警能力，守护人们生命、财产安全，减少损失。

气候变化已成为人类共同的挑战，没有任何国家能够独善其身。应对气候变化，我国拥有科技实力，也探索了宝贵的早期预警经验，被世界气象组织称为发展中国家的典范。响应联合国全民早期预警倡议，我国通过“妈祖”方案向世界共享先进的技术、经验和机制，用中国方案助力各国提升早期预警能力，应对气候变化挑战。

妈祖是我国民间传说人物，被称为沿海地区的航海保护神和全能守护神。妈祖文化蕴含着立德、行善、大爱的寓意。“妈祖”方案走向世界，既体现了以天下为己任、构建人类命运共同体的大国担当，也向世界展现了敬畏自然、守望相助的中华传统文化价值观，为不同国家和地区的民众增进理解、携手合作提供了温暖的文化纽带。

“天不言而四时行，地不语而百物生。”地球是人类赖以生存的唯一家园，加大应对气候变化力度，推动可持续发展，关系人类前途和未来。让我们携起手来，通过实实在在的共建共享行动，为人类创造更加美好的未来。",李红梅,绿色,编组_20260314_0837_01,https://paper.people.com.cn/rmrb/pc/content/202601/02/content_30128921.html,2026-01-02,"['妈祖', '预警', '气候变化', '人类', '应对', '早期', '方案', '共享', '文化', '气象']","台风、洪涝、干旱……在全球气候变暖背景下，极端天气在全球各地多发强发。应对气候变化，既要开展城市、农业、水利、生态系统等领域韧性建设，也要加快建立完善气象监测、预报、服务体系，提升早期预警能力，守护人们生命、财产安全，减少损失。
气候变化已成为人类共同的挑战，没有任何国家能够独善其身。应对气候变化，我国拥有科技实力，也探索了宝贵的早期预警经验，被世界气象组织称为发展中国家的典范。响应联合国全民早期预警倡议，我国通过“妈祖”方案向世界共享先进的技术、经验和机制，用中国方案助力各国提升早期预警能力，应对气候变化挑战。
妈祖是我国民间传说人物，被称为沿海地区的航海保护神和全能守护神。妈祖文化蕴含着立德、行善、大爱的寓意。“妈祖”方案走向世界，既体现了以天下为己任、构建人类命运共同体的大国担当，也向世界展现了敬畏自然、守望相助的中华传统文化价值观，为不同国家和地区的民众增进理解、携手合作提供了温暖的文化纽带。",政治,series_654627c9,2.0,['“妈祖”出海记（深度观察）']
