日期,分享人数,跳转阅读原文人数,微信收藏人数,发表篇数
2026-08-08,692,0,278,1
2026-08-09,665,0,224,1
2026-08-10,862,0,316,1
2026-08-11,672,0,212,1
2026-08-12,793,0,241,1
2026-08-13,960,0,309,1
2026-08-14,1058,0,409,1
2026-08-15,738,0,316,1
2026-08-16,973,0,395,1
2026-08-17,1226,0,414,1
2026-08-18,1025,0,331,3
2026-08-19,976,0,363,2
2026-08-20,1024,0,353,1
2026-08-21,918,0,303,2
2026-08-22,558,0,215,1
2026-08-23,853,0,297,1
2026-08-24,923,0,291,1
2026-08-25,716,0,201,1
2026-08-26,518,0,135,2
2026-08-27,592,0,157,2
2026-08-28,372,0,113,2
2026-08-29,301,0,74,2
2026-08-30,223,0,71,1
2026-08-31,402,0,176,1
2026-09-01,252,0,91,0
2026-09-02,214,0,66,0
2026-09-03,182,0,58,0
2026-09-04,287,0,72,1
2026-09-05,333,0,93,1
2026-09-06,375,0,109,2
